model_name,core_components,manufacturer_of_record
Vega Beam GoldenGate,Vega Beam,GoldenGate Networks Inc.
Jade Beam GoldenGate,Jade Beam,GoldenGate Networks Inc.
CopperPad SE,Echo Wave Bridge,Skyforge Manufacturing Inc.
Topaz Sense Aurora,Topaz Sense,Aurora Systems Inc.
Umbral Dock Riverstone,Umbral Dock,Riverstone Technologies Inc.
AtlasDrive Lite,Silver Dock,BlueRiver Works Inc.
SolPhone Mini Ultra and CoreBook Pro Max,Slate Hub + Aero Flex,Copperline Systems Inc.
Coral Matrix Wave Evergreen,Coral Matrix Wave,Evergreen Group Inc.
CrownBeam Gen,Argo Link Vector,Clearwater Works Inc.
SenseBook Plus and SparkDock,Indigo Core; Lyra Kernel,Cinder Technologies Inc.
Crimson Core Highland,Crimson Core,Highland Holdings Inc.
Indigo Vault Summit,Indigo Vault,Summit Labs Inc.
PulsePad Edge Air,Delta Stack,Crown Industries Inc.
SparkBook Edge,Nimbus Fabric; Lime Stack,Glacier Manufacturing Inc.
CodaLink Lite Air,Quartz Fabric,Crown Industries Inc.
SenseCase Ultra,"Magenta Kernel, Onyx Spark",Crown Industries Inc.
ZenithNode Max,Quartz Grid,Crown Industries Inc.
NimbusNode Max,Quartz Grid,Crown Industries Inc.
TerraNode Max,Quartz Grid,Crown Industries Inc.
CopperDrive Pro Ultra,Luna Shield,Crown Industries Inc.
CobaltCase SE Air Plus,Cedar Sense,Crown Industries Inc.
SolBeam Mini Plus Pro,"Helio Edge, Quanta Edge",Crown Industries Inc.
SonicPad Air Max,Astra Dock + Azure Module Hub,Crown Industries Inc.
SignalDrive Lite Pro,Golden Spark,Crown Industries Inc.
SummitWatch Mini Mini,Argo Flow; Crimson Kernel Edge,Glacier Labs Inc.
WaveRouter Max,Lyra Engine Node; Mira Engine Grid; Coda Engine Signal,Crown Industries Inc.
TopazWatch SE Edge Gen,Maple Engine Frame,Crown Industries Inc.
SonicBeam Mini Mini SE,Magenta Module Sync,Crown Industries Inc.
EchoStand Gen Edge,Cobalt Kernel Wave,Glacier Labs Inc.
OnyxPhone Pro Edge,Crimson Kernel Edge,Glacier Labs Inc.
QuantaPhone Mini Mini SE,Nova Link Grid,Crown Industries Inc.
ArgoBuds Edge,Sable Wave Sync,Crown Industries Inc.
Sable Wave Sync Crown,Sable Wave Sync,Crown Industries Inc.
NovaDrive Edge SE,Crimson Signal Vector,Glacier Labs Inc.
SilverDock Mini Edge Gen,Kairo Shield Link,Crown Industries Inc.
RubyHub / VectorWatch Max Ultra 1TB Bundle,Azure Core Arc,Harbor Systems Inc.
RubyHub / VectorWatch Max Ultra 1TB Bundle,Azure Core Arc,Harbor Systems Inc.
Atlas Layer StonebridgGG,Atlas Layer,Stonebridge Components Inc.
Ruby Core Hub StonebridgGG,Ruby Core Hub,Stonebridge Components Inc.
ArgoBuds Plus,Citrine Matrix Fabric,Pinecone Industries Inc.
RubyPad Pro Lite,Aero Stack Flex,DeepField Holdings Inc.
CobaltStand Max,Mira Signal Bridge,DeepField Holdings Inc.
SparkBeam Lite,Topaz Grid Node,Seabird Labs Inc.
BridgeRouter Max Lite / SilverDrive Plus,Luna Bridge,Saffron Industries Inc.
GoldenLink SE Air,Copper Signal Stack,Aurora Industries Inc.
AzureRouter Plus,Kairo Spark,Aurora Industries Inc.
Pulse Dock GoldenGate,Pulse Dock,GoldenGate Electronics Inc.
Crimson Core Copperline,Crimson Core,Copperline Components Inc.
Crimson Engine Copperline,Crimson Engine,Copperline Components Inc.
Pearl Module Copperline,Pearl Module,Copperline Components Inc.
Azure Module Copperline,Azure Module,Copperline Components Inc.
CitrineDrive SE,Pearl Stack,Arbor Devices Inc.
Silver Stack Copperline,Silver Stack,Copperline Components Inc.
Vega Kernel Copperline,Vega Kernel,Copperline Components Inc.
Lyra Pulse Copperline,Lyra Pulse,Copperline Components Inc.
Coda Pulse Copperline,Coda Pulse,Copperline Components Inc.
Ember Pulse Copperline,Ember Pulse,Copperline Components Inc.
Graphite Wave Copperline,Graphite Wave,Copperline Components Inc.
Ruby Wave Copperline,Ruby Wave,Copperline Components Inc.
Zen Node Copperline,Zen Node,Copperline Components Inc.
HelioBook Ultra,Ruby Node,Copperline Components Inc.
TopazDock Ultra,Sable Grid,Copperline Components Inc.
AzureCharge Ultra,Quanta Signal,BrightWave Electronics Inc.
PhotonSpeaker Edge,Sierra Drive,Arbor Devices Inc.
Sol Sense Copperline,Sol Sense,Copperline Components Inc.
Azure Sense Copperline,Azure Sense,Copperline Components Inc.
Jade Mesh Copperline,Jade Mesh,Copperline Components Inc.
Beryl Hub Copperline,Beryl Hub,Copperline Components Inc.
LumenDock Pro Air and CrimsonBuds Mini SE,Beryl Hub and Nova Core Matrix,Catalyst Systems Inc.
Astra Beam Copperline,Astra Beam,Copperline Components Inc.
Golden Spark Copperline,Golden Spark,Copperline Components Inc.
SaffronSpeaker Air Gen,Atlas Vault,Copperline Components Inc.
Pearl Vector Copperline,Pearl Vector,Copperline Components Inc.
Topaz Vector Copperline,Topaz Vector,Copperline Components Inc.
QuantaWatch Plus Edge,Quartz Vector,Astra Works Inc.
Nova Core Matrix Copperline,Nova Core Matrix,Copperline Components Inc.
Silver Core Link Copperline,Silver Core Link,Copperline Components Inc.
JadeLink Max Gen,Helio Module Vector,BrightWave Electronics Inc.
Pulse Stack Core Copperline,Pulse Stack Core,Copperline Components Inc.
NebulaDock Ultra Max,Astra Fabric Arc,Copperline Components Inc.
Pulse Fabric Vector Copperline,Pulse Fabric Vector,Copperline Components Inc.
VectorPhone Edge Mini,Terra Matrix Edge,Arbor Devices Inc.
LyraBeam Edge SE,Citrine Kernel Engine,Cinder Electronics Inc.
SolBeam Edge Mini,Mint Kernel Kernel,Arbor Devices Inc.
Magenta Pulse Engine Copperline,Magenta Pulse Engine,Copperline Components Inc.
Terra Wave Stack Copperline,Terra Wave Stack,Copperline Components Inc.
Violet Wave Vector Copperline,Violet Wave Vector,Copperline Components Inc.
Coda Node Shield Copperline,Coda Node Shield,Copperline Components Inc.
Maple Grid Vault Copperline,Maple Grid Vault,Copperline Components Inc.
Maple Shield Beam Copperline,Maple Shield Beam,Copperline Components Inc.
Magenta Stack Catalyst,Magenta Stack,Catalyst Group Inc.
Pulse Kernel Catalyst,Pulse Kernel,Catalyst Group Inc.
PhotonSpeaker Edge,Sierra Drive,Arbor Devices Inc.
Astra Sense Catalyst,Astra Sense,Catalyst Group Inc.
Kairo Edge Catalyst,Kairo Edge,Catalyst Group Inc.
SolBuds Lite,Ruby Edge,Catalyst Group Inc.
Terra Matrix Edge Cinder,Terra Matrix Edge,Cinder Networks Inc.
Lyra Matrix Lumen,Lyra Matrix,Lumen Works Inc.
Echo Kernel and Pulse Frame,Echo Kernel; Pulse Frame,Harbor Devices Inc.
Orion Kernel Riverstone,Orion Kernel,Riverstone Manufacturing Inc.
HarborBeam Max,Sol Engine,Crown Components Inc.
Terra Stack Harbor,Terra Stack,Harbor Systems Inc.
Cobalt Matrix Harbor,Cobalt Matrix,Harbor Systems Inc.
Luna Bridge Harbor,Luna Bridge,Harbor Systems Inc.
AtlasSpeaker Pro,Topaz Link,Catalyst Group Inc.
Ruby Wave Harbor,Ruby Wave,Harbor Systems Inc.
Jade Grid Harbor,Jade Grid,Harbor Systems Inc.
Mint Grid Harbor,Mint Grid,Harbor Systems Inc.
Sable Shield Harbor,Sable Shield,Harbor Systems Inc.
Lime Sense Harbor,Lime Sense,Harbor Systems Inc.
Jade Mesh Harbor,Jade Mesh,Harbor Systems Inc.
Sol Edge Harbor,Sol Edge,Harbor Systems Inc.
Orion Spark Harbor,Orion Spark,Harbor Systems Inc.
Silver Flow Harbor,Silver Flow,Harbor Systems Inc.
Sonic Vault Harbor,Sonic Vault,Harbor Systems Inc.
Cobalt Vault Harbor,Cobalt Vault,Harbor Systems Inc.
Quanta Frame Harbor,Quanta Frame,Harbor Systems Inc.
Argo Core Beam Harbor,Argo Core Beam,Harbor Systems Inc.
Topaz Core Sense Harbor,Topaz Core Sense,Harbor Systems Inc.
Maple Engine Frame Harbor,Maple Engine Frame,Harbor Systems Inc.
OrionPad Ultra Edge,Echo Stack Vector,Arbor Devices Inc.
Magenta Bridge Bridge Harbor,Magenta Bridge Bridge,Harbor Systems Inc.
Coda Link Flex Harbor,Coda Link Flex,Harbor Systems Inc.
Frost Pulse Arc Harbor,Frost Pulse Arc,Harbor Systems Inc.
Pearl Grid Vector Harbor,Pearl Grid Vector,Harbor Systems Inc.
Ruby Grid Drive Harbor,Ruby Grid Drive,Harbor Systems Inc.
Crimson Fabric Atlas,Crimson Fabric,Atlas Technologies Inc.
Silver Stack Zenith,Silver Stack,Zenith Devices Inc.
Argo Dock Zenith,Argo Dock,Zenith Devices Inc.
Violet Hub Zenith,Violet Hub,Zenith Devices Inc.
Azure Matrix RedStone,Azure Matrix + Terra Grid + Ruby Fabric Link,RedStone Electronics Inc.
Crimson Link RedStone,Crimson Link,RedStone Electronics Inc.
Frost Edge RedStone,Frost Edge,RedStone Electronics Inc.
Orion Frame RedStone,Orion Frame,RedStone Electronics Inc.
Lime Module Mesh RedStone,Lime Module Mesh,RedStone Electronics Inc.
Lime Fabric Node RedStone,Lime Fabric Node,RedStone Electronics Inc.
NebulaLink Ultra / HarborLink Ultra,Sonic Signal,Arbor Industries Inc.
SignalDrive Ultra,Indigo Pulse Link,Clearwater Networks Inc.
VectorKey Air Mini,Aero Stack,Highland Group Inc.
Copper Module Matrix Summit,Copper Module Matrix,Summit Works Inc.
SonicDrive Ultra Gen,Indigo Fabric Flex,NovaWorks Holdings Inc.
SonicDrive Ultra Gen / CitrineLink Ultra Lite,Indigo Fabric Flex,NovaWorks Holdings Inc.
Silver Spark BlueRiver,Silver Spark,BlueRiver Labs Inc.
SilverHub Plus Ultra 256GB Dual‑SIM,Sol Node Edge,Ironwood Industries Inc.
DriveDock SE Lite Mini / MiraRouter SE Mini SE,Golden Drive Arc,Windmill Manufacturing Inc.
Echo Fabric SpringboarSC,Echo Fabric,Springboard Systems Inc.
Magenta Grid SpringboarSC,Magenta Grid,Springboard Systems Inc.
Frost Edge SpringboarSC,Frost Edge,Springboard Systems Inc.
BridgePhone Edge SE,Terra Matrix Edge,Lighthouse Technologies Inc.
Magenta Bridge Bridge SpringboarSC,Magenta Bridge Bridge,Springboard Systems Inc.
BridgePhone Edge SE,Terra Matrix Edge,Lighthouse Technologies Inc.
Frost Edge Nebula,Frost Edge,Nebula Devices Inc.
IndigoCam Air,Cedar Fabric,Glacier Works Inc.
HarborPad Gen Mini,Ruby Signal,Evergreen Group Inc.
GraphiteCharge Mini Max,Auric Spark,Glacier Works Inc.
CrownStand Edge,Graphite Arc,Glacier Works Inc.
ZenithStand Lite,Ivory Node,Crown Holdings Inc.
SignalLink Gen / FlexHub Ultra Lite,Azure Stack Mesh,Evergreen Group Inc.
"SenseBook Plus, SparkDock, and OrionWatch Plus","Indigo Core, Lyra Kernel, Sierra Kernel",Nightfall Technologies Inc.
"SenseBook Plus, SparkDock, and OrionWatch Plus / FlexHub Gen","Indigo Core, Lyra Kernel, Sierra Kernel",Nightfall Technologies Inc.
"SenseBook Plus, SparkDock, OrionWatch Plus, and CopperPhone Max","Indigo Core, Lyra Kernel, Sierra Kernel, Jade Pulse",Nightfall Technologies Inc.
Lime Core Nightfall,Lime Core,Nightfall Technologies Inc.
Orion Engine Nightfall,Orion Engine,Nightfall Technologies Inc.
Crimson Engine Nightfall,Crimson Engine,Nightfall Technologies Inc.
Topaz Engine Nightfall,Topaz Engine,Nightfall Technologies Inc.
Citrine Engine Nightfall,Citrine Engine,Nightfall Technologies Inc.
Sable Engine Nightfall,Sable Engine,Nightfall Technologies Inc.
Umbral Engine Nightfall,Umbral Engine,Nightfall Technologies Inc.
Mira Module Nightfall,Mira Module,Nightfall Technologies Inc.
NebulaBook Ultra,Sol Module and Frost Module and Azure Node and Violet Node,Nightfall Technologies Inc.
Coral Stack and Cinder Link,Coral Stack and Cinder Link,Copperline Systems Inc.
Helio Fabric Nightfall,Helio Fabric,Nightfall Technologies Inc.
HarborCase Pro and QuantaRouter Air,Cerulean Fabric + Pulse Pulse,DeepField Devices Inc.
Aero Matrix Nightfall,Aero Matrix,Nightfall Technologies Inc.
ArgoNode Pro and SonicCharge Air,Aero Matrix + Frost Pulse,Aurora Group Inc.
Vega Matrix Nightfall,Vega Matrix,Nightfall Technologies Inc.
Pearl Matrix Nightfall,Pearl Matrix,Nightfall Technologies Inc.
Citrine Matrix Nightfall,Citrine Matrix,Nightfall Technologies Inc.
Violet Matrix Nightfall,Violet Matrix,Nightfall Technologies Inc.
OnyxBook Plus,Echo Kernel and Pulse Frame,Nightfall Technologies Inc.
OnyxBook Plus and HarborCam Plus SE,"Echo Kernel, Pulse Frame",Nightfall Technologies Inc.
Pulse Kernel Nightfall,Pulse Kernel,Nightfall Technologies Inc.
Magenta Kernel and Onyx Spark,Magenta Kernel + Onyx Spark,GoldenGate Electronics Inc.
Quartz Bridge Nightfall,Quartz Bridge,Nightfall Technologies Inc.
Ember Link Nightfall,Ember Link,Nightfall Technologies Inc.
Crimson Link Nightfall,Crimson Link,Nightfall Technologies Inc.
Azure Link Nightfall,Azure Link,Nightfall Technologies Inc.
Pulse Pulse and Teal Grid Hub,Pulse Pulse; Teal Grid Hub,BrightWave Networks Inc.
Quanta Pulse Nightfall,Quanta Pulse,Nightfall Technologies Inc.
Sonic Pulse Nightfall,Sonic Pulse,Nightfall Technologies Inc.
Atlas Pulse Nightfall,Atlas Pulse,Nightfall Technologies Inc.
Maple Pulse Nightfall,Maple Pulse,Nightfall Technologies Inc.
FlexCharge Ultra Mini and SummitPad Max,Maple Pulse; Jade Fabric Mesh,Copperline Systems Inc.
Graphite Wave Nightfall,Graphite Wave,Nightfall Technologies Inc.
Vega Node Nightfall,Vega Node,Nightfall Technologies Inc.
Crimson Node Nightfall,Crimson Node,Nightfall Technologies Inc.
Saffron Node Nightfall,Saffron Node,Nightfall Technologies Inc.
SilverPhone Ultra,Silver Node,Catalyst Systems Inc.
Violet Node Nightfall,Violet Node,Nightfall Technologies Inc.
Sonic Grid Nightfall,Sonic Grid,Nightfall Technologies Inc.
Sonic Grid and Quanta Vector,"Sonic Grid, Quanta Vector",EchoLabs Systems Inc.
Kairo Grid Nightfall,Kairo Grid,Nightfall Technologies Inc.
DriveCase Plus,Jade Grid,Nightfall Technologies Inc.
Jade Grid Nightfall,Jade Grid,Nightfall Technologies Inc.
QuantaPad Air Air,Jade Grid,Nightfall Technologies Inc.
Ruby Grid Nightfall,Ruby Grid,Nightfall Technologies Inc.
Lyra Signal Nightfall,Lyra Signal,Nightfall Technologies Inc.
Sonic Signal Nightfall,Sonic Signal,Nightfall Technologies Inc.
Kairo Signal and Mint Fabric Grid,Kairo Signal & Mint Fabric Grid,Copperline Industries Inc.
AzureCase Ultra,Jade Signal,Clearwater Labs Inc.
Saffron Drive Nightfall,Saffron Drive,Nightfall Technologies Inc.
Sol Sense Nightfall,Sol Sense,Nightfall Technologies Inc.
Sol Sense and Coda Link Flex,Sol Sense & Coda Link Flex,Crown Group Inc.
Coda Mesh Nightfall,Coda Mesh,Nightfall Technologies Inc.
Argo Mesh Nightfall,Argo Mesh,Nightfall Technologies Inc.
Beryl Mesh Nightfall,Beryl Mesh,Nightfall Technologies Inc.
AzureDrive Gen,Terra Edge,Arbor Components Inc.
Frost Edge Nightfall,Frost Edge,Nightfall Technologies Inc.
Zen Dock Nightfall,Zen Dock,Nightfall Technologies Inc.
Indigo Dock Nightfall,Indigo Dock,Nightfall Technologies Inc.
AtlasDrive Lite,Silver Dock,BlueRiver Works Inc.
BeamBuds Gen Lite,Atlas Hub & Topaz Hub,Nightfall Technologies Inc.
Beryl Hub Nightfall,Beryl Hub,Nightfall Technologies Inc.
SummitRouter SE Mini and CrimsonBuds Mini SE,Beryl Hub + Magenta Spark,Arbor Components Inc.
Opal Hub Nightfall,Opal Hub,Nightfall Technologies Inc.
CoreBuds Mini SE,Teal Hub,Nightfall Technologies Inc.
Vega Beam Nightfall,Vega Beam,Nightfall Technologies Inc.
Lime Beam Nightfall,Lime Beam,Nightfall Technologies Inc.
Opal Sync Nightfall,Opal Sync,Nightfall Technologies Inc.
Terra Flex Nightfall,Terra Flex,Nightfall Technologies Inc.
Luna Flex Nightfall,Luna Flex,Nightfall Technologies Inc.
Quanta Flex Nightfall,Quanta Flex,Nightfall Technologies Inc.
Cobalt Flex Nightfall,Cobalt Flex,Nightfall Technologies Inc.
CrimsonHub Max,Cedar Flex,Nightfall Technologies Inc.
Pearl Flex Nightfall,Pearl Flex,Nightfall Technologies Inc.
Sierra Spark Nightfall,Sierra Spark,Nightfall Technologies Inc.
Magenta Spark Nightfall,Magenta Spark,Nightfall Technologies Inc.
LyraDrive SE Mini,Onyx Flow,Cinder Manufacturing Inc.
Cerulean Arc Nightfall,Cerulean Arc,Nightfall Technologies Inc.
Aero Vault Nightfall,Aero Vault,Nightfall Technologies Inc.
Nova Vault Nightfall,Nova Vault,Nightfall Technologies Inc.
Astra Vault Nightfall,Astra Vault,Nightfall Technologies Inc.
Cobalt Vault Nightfall,Cobalt Vault,Nightfall Technologies Inc.
Crimson Vault Nightfall,Crimson Vault,Nightfall Technologies Inc.
Topaz Vault Nightfall,Topaz Vault,Nightfall Technologies Inc.
Umbral Vault Nightfall,Umbral Vault,Nightfall Technologies Inc.
Helio Vector Nightfall,Helio Vector,Nightfall Technologies Inc.
Luna Vector Nightfall,Luna Vector,Nightfall Technologies Inc.
Indigo Vector Nightfall,Indigo Vector,Nightfall Technologies Inc.
Umbral Vector Nightfall,Umbral Vector,Nightfall Technologies Inc.
WaveDrive Max Max and HarborCam Plus SE,Nimbus Frame and Atlas Module Grid,Nightfall Technologies Inc.
Sol Frame Nightfall,Sol Frame,Nightfall Technologies Inc.
Frost Layer Nightfall,Frost Layer,Nightfall Technologies Inc.
Silver Layer Nightfall,Silver Layer,Nightfall Technologies Inc.
Jade Core Frame Nightfall,Jade Core Frame,Nightfall Technologies Inc.
Copper Core Node Nightfall,Copper Core Node,Nightfall Technologies Inc.
Pulse Module Stack Nightfall,Pulse Module Stack,Nightfall Technologies Inc.
Maple Module Arc Nightfall,Maple Module Arc,Nightfall Technologies Inc.
Pearl Module Vault Nightfall,Pearl Module Vault,Nightfall Technologies Inc.
Terra Stack Spark Nightfall,Terra Stack Spark,Nightfall Technologies Inc.
Opal Stack Link Nightfall,Opal Stack Link,Nightfall Technologies Inc.
Quartz Stack Pulse Nightfall,Quartz Stack Pulse,Nightfall Technologies Inc.
Sonic Fabric Matrix Nightfall,Sonic Fabric Matrix,Nightfall Technologies Inc.
Cobalt Fabric Sense Nightfall,Cobalt Fabric Sense,Nightfall Technologies Inc.
Jade Fabric Mesh Nightfall,Jade Fabric Mesh,Nightfall Technologies Inc.
Indigo Fabric Flex Nightfall,Indigo Fabric Flex,Nightfall Technologies Inc.
Umber Fabric Arc Nightfall,Umber Fabric Arc,Nightfall Technologies Inc.
SolDrive Ultra Mini,Silver Fabric Vault,Nightfall Technologies Inc.
Ivory Fabric Engine Nightfall,Ivory Fabric Engine,Nightfall Technologies Inc.
Slate Fabric Module Nightfall,Slate Fabric Module,Nightfall Technologies Inc.
Kairo Matrix Fabric Nightfall,Kairo Matrix Fabric,Nightfall Technologies Inc.
Coral Matrix Wave Nightfall,Coral Matrix Wave,Nightfall Technologies Inc.
LyraBeam Edge SE,Citrine Kernel Engine,Cinder Electronics Inc.
Maple Bridge Node Nightfall,Maple Bridge Node,Nightfall Technologies Inc.
LumenCharge Gen SE,Pulse Link Sense,Arbor Devices Inc.
Terra Pulse Kernel Nightfall,Terra Pulse Kernel,Nightfall Technologies Inc.
Topaz Pulse Hub Nightfall,Topaz Pulse Hub,Nightfall Technologies Inc.
Sonic Wave Edge Nightfall,Sonic Wave Edge,Nightfall Technologies Inc.
Teal Wave Arc Nightfall,Teal Wave Arc,Nightfall Technologies Inc.
Sol Node Edge Nightfall,Sol Node Edge,Nightfall Technologies Inc.
Cobalt Node Arc Nightfall,Cobalt Node Arc,Nightfall Technologies Inc.
Pearl Grid Vector Nightfall,Pearl Grid Vector,Nightfall Technologies Inc.
Slate Grid Pulse Nightfall,Slate Grid Pulse,Nightfall Technologies Inc.
Teal Grid Hub Nightfall,Teal Grid Hub,Nightfall Technologies Inc.
Nimbus Signal Core Nightfall,Nimbus Signal Core,Nightfall Technologies Inc.
Kairo Signal Node Nightfall,Kairo Signal Node,Nightfall Technologies Inc.
Golden Signal Engine Nightfall,Golden Signal Engine,Nightfall Technologies Inc.
Ruby Signal Grid 256GB Dual‑SIM Nightfall,Ruby Signal Grid,Nightfall Technologies Inc.
Frost Shield Node Nightfall,Frost Shield Node,Nightfall Technologies Inc.
Jade Shield Edge Nightfall,Jade Shield Edge,Nightfall Technologies Inc.
MiraKey Mini Lite Mini,Graphite Shield Layer,Evergreen Industries Inc.
Copper Spark EchoLabs,Copper Spark,EchoLabs Components Inc.
Opal Stack Link Northwind,Opal Stack Link,Northwind Networks Inc.
Atlas Pulse Seabird,Atlas Pulse,Seabird Works Inc.
"SparkHub Gen / SenseBook Plus, SparkDock, OrionWatch Plus, and CopperPhone Max / SenseBook Plus, SparkDock, OrionWatch Plus and CopperPhone Max",Indigo Core & Lyra Kernel & Sierra Kernel & Jade Pulse,Saffron Holdings Inc.
IndigoCam Edge / CatalystCase Mini Lite,Cedar Flex,Meadow Labs Inc.
SenseSpeaker Pro Max Ultra,Frost Core Sync,Catalyst Industries Inc.
Nimbus Frame Mosaic,Nimbus Frame,Mosaic Systems Inc.
Slate Fabric Module GoldenGate,Slate Fabric Module,GoldenGate Technologies Inc.
TerraDrive Air Plus Pro,Pearl Matrix,RedStone Works Inc.
OnyxDock Mini Air Plus,Aero Drive,Catalyst Components Inc.
SilverRouter Mini Air Plus,Onyx Beam,Skylark Manufacturing Inc.
CatalystLink Pro Max Ultra,Sable Flow,RedStone Works Inc.
VectorLink Pro Ultra,"Sable Flow, Terra Wave Stack",Catalyst Components Inc.
JadePad Mini Air Plus,Topaz Bridge Arc,Arbor Components Inc.
JadePad Mini Air Plus / SignalPad Mini Mini SE,Topaz Bridge Arc,Arbor Components Inc.
AstraWatch SE Mini SE / CatalystDrive Air Pro,Azure Vault,Arbor Components Inc.
PhotonRouter Lite,Ruby Engine,SilverLine Group Inc.
PhotonRouter Lite,Ruby Engine,SilverLine Group Inc.
CrimsonSpeaker SE Mini SE,Atlas Flow,Crown Group Inc.
Sable Engine Zenith,Sable Engine,Zenith Systems Inc.
Astra Module Zenith,Astra Module,Zenith Systems Inc.
Aero Kernel Zenith,Aero Kernel,Zenith Systems Inc.
Orion Bridge Zenith,Orion Bridge,Zenith Systems Inc.
Citrine Link Zenith,Citrine Link,Zenith Systems Inc.
AtlasDrive Lite,Silver Dock,BlueRiver Works Inc.
Pearl Flex Zenith,Pearl Flex,Zenith Systems Inc.
Cedar Spark Zenith,Cedar Spark,Zenith Systems Inc.
Frost Flow Zenith,Frost Flow,Zenith Systems Inc.
Indigo Vault Zenith,Indigo Vault,Zenith Systems Inc.
QuantaWatch Plus Edge,Quartz Vector,Astra Works Inc.
Lime Frame Zenith,Lime Frame,Zenith Systems Inc.
Cerulean Core Grid Zenith,Cerulean Core Grid,Zenith Systems Inc.
Topaz Core Sense Zenith,Topaz Core Sense,Zenith Systems Inc.
Opal Stack Link Zenith,Opal Stack Link,Zenith Systems Inc.
Pulse Matrix Flow Zenith,Pulse Matrix Flow,Zenith Systems Inc.
Kairo Grid Shield Zenith,Kairo Grid Shield,Zenith Systems Inc.
Slate Grid Pulse Atlas,Slate Grid Pulse,Atlas Manufacturing Inc.
Orion Bridge RedStone,Orion Bridge,RedStone Technologies Inc.
Cobalt Fabric Sense Evergreen,Cobalt Fabric Sense,Evergreen Devices Inc.
Zen Dock Summit,Zen Dock,Summit Networks Inc.
Graphite Grid Matrix Highland,Graphite Grid Matrix,Highland Components Inc.
Atlas Wave NovaWorks,Atlas Wave,NovaWorks Group Inc.
Crimson Core BlueRiver,Crimson Core,BlueRiver Works Inc.
Nimbus Module BlueRiver,Nimbus Module,BlueRiver Works Inc.
Terra Stack BlueRiver,Terra Stack,BlueRiver Works Inc.
Orion Fabric BlueRiver,Orion Fabric,BlueRiver Works Inc.
Echo Kernel BlueRiver,Echo Kernel,BlueRiver Works Inc.
BridgeBook Plus,Vega Kernel,BlueRiver Works Inc.
Magenta Kernel and Onyx Spark,Magenta Kernel; Onyx Spark,GoldenGate Electronics Inc.
Orion Bridge BlueRiver,Orion Bridge,BlueRiver Works Inc.
Luna Link BlueRiver,Luna Link,BlueRiver Works Inc.
Frost Link BlueRiver,Frost Link,BlueRiver Works Inc.
Lyra Pulse BlueRiver,Lyra Pulse,BlueRiver Works Inc.
Sonic Grid BlueRiver,Sonic Grid,BlueRiver Works Inc.
Cobalt Grid BlueRiver,Cobalt Grid,BlueRiver Works Inc.
Ivory Mesh BlueRiver,Ivory Mesh,BlueRiver Works Inc.
Frost Edge BlueRiver,Frost Edge,BlueRiver Works Inc.
AtlasDrive Lite,Silver Dock,BlueRiver Works Inc.
Citrine Dock BlueRiver,Citrine Dock,BlueRiver Works Inc.
AtlasCase Air Plus Pro and CrimsonBuds Mini SE,Beryl Hub + Violet Grid Sync,Arbor Devices Inc.
Ivory Sync BlueRiver,Ivory Sync,BlueRiver Works Inc.
Aero Flex BlueRiver,Aero Flex,BlueRiver Works Inc.
Quanta Flex BlueRiver,Quanta Flex,BlueRiver Works Inc.
Cobalt Flex BlueRiver,Cobalt Flex,BlueRiver Works Inc.
Cerulean Spark BlueRiver,Cerulean Spark,BlueRiver Works Inc.
MintRouter SE Gen,Helio Flow,BlueRiver Works Inc.
Kairo Layer BlueRiver,Kairo Layer,BlueRiver Works Inc.
Saffron Layer BlueRiver,Saffron Layer,BlueRiver Works Inc.
Cerulean Core Grid BlueRiver,Cerulean Core Grid,BlueRiver Works Inc.
Opal Stack Link BlueRiver,Opal Stack Link,BlueRiver Works Inc.
Cedar Grid Arc BlueRiver,Cedar Grid Arc,BlueRiver Works Inc.
Azure Signal Edge BlueRiver,Azure Signal Edge,BlueRiver Works Inc.
Orion Fabric Ironwood,Orion Fabric,Ironwood Holdings Inc.
Coda Pulse Windmill,Coda Pulse,Windmill Labs Inc.
SilverPhone Ultra,Silver Node,Catalyst Systems Inc.
Orion Fabric Lighthouse,Orion Fabric,Lighthouse Manufacturing Inc.
Cobalt Grid Lighthouse,Cobalt Grid,Lighthouse Manufacturing Inc.
LumenCharge Gen SE,Pulse Link Sense,Arbor Devices Inc.
Ivory Node Astra,Ivory Node,Astra Technologies Inc.
Pulse Signal Astra,Pulse Signal,Astra Technologies Inc.
Ivory Mesh Astra,Ivory Mesh,Astra Technologies Inc.
Cerulean Core Grid Astra,Cerulean Core Grid,Astra Technologies Inc.
Opal Stack Link Astra,Opal Stack Link,Astra Technologies Inc.
Atlas Fabric Kernel Astra,Atlas Fabric Kernel,Astra Technologies Inc.
Argo Shield Wave Astra,Argo Shield Wave,Astra Technologies Inc.
Ivory Node Pinecone,Ivory Node,Pinecone Devices Inc.
Kairo Grid Quantum,Kairo Grid,Quantum Electronics Inc.
Sol Flow Quantum,Sol Flow,Quantum Electronics Inc.
Magenta Kernel Mountain,Magenta Kernel & Onyx Spark,Mountain Components Inc.
SlateSpeaker SE Plus,Jade Dock,Seabird Manufacturing Inc.
AstraKey SE Mini,Ivory Flow,Crown Group Inc.
GlacierCase Plus Air / OrionStand Gen Mini / SaffronCase Plus Plus / NimbusStand Gen SE / OrionStand Gen Mini 128GB Bundle / SignalBeam Plus Edge,Kairo Signal,BrightWave Labs Inc.
CrownBook Mini SE Air,Delta Engine,Starlight Industries Inc.
AstraHub Max Pro,Pearl Engine,BrightWave Works Inc.
GoldenStand Mini SE,Delta Grid,GoldenGate Manufacturing Inc.
NebulaBook Ultra Gen,Violet Hub,Starlight Industries Inc.
KairoDrive Pro Plus,Coda Fabric Fabric,Starlight Industries Inc.
OpalRouter SE Mini SE,Copper Drive Vector,BrightWave Manufacturing Inc.
AzureBook Gen Mini / GraphitePhone Ultra Mini,Magenta Module Sync,BlueRiver Networks Inc.
KairoDrive Pro Plus / HarborRouter Ultra Air,Coda Fabric Fabric,Starlight Industries Inc.
SlateCase Plus Edge / UmberCase Plus Pro,Aero Layer,Photon Technologies Inc.
SparkPad Pro Ultra / EdgeDrive Edge/CobaltDrive Edge,Azure Drive; Echo Sense,EchoLabs Devices Inc.
Cerulean Spark Orion,Cerulean Spark,Orion Labs Inc.
MiraStand SE Gen / ZenithDrive Mini SE,Maple Layer,Mosaic Industries Inc.
"AtlasLink Max Max 128GB Bundle, UmberStand Gen Mini, CrimsonStand Gen Mini and SummitHub Ultra Mini",Saffron Stack Vector and Opal Stack Link and Pearl Link Pulse and Auric Link Wave,GoldenGate Manufacturing Inc.
RubySpeaker SE Gen,Maple Pulse,Catalyst Devices Inc.
SummitNode Plus Pro Max,Azure Drive; Umber Spark,Lumen Electronics Inc.
QuartzNode Ultra Mini,Vega Vector,SilverLine Components Inc.
Teal Module Dock SpringboarST,Teal Module Dock,Springboard Holdings Inc.
OnyxKey Mini Max Ultra,Indigo Frame,Springboard Holdings Inc.
VegaKey Mini Air Plus,"Lyra Engine Node, Mira Engine Grid, Coda Engine Signal",Astra Manufacturing Inc.
VegaKey Mini Air Plus,Lyra Engine Node; Mira Engine Grid; Coda Engine Signal,Astra Manufacturing Inc.
GoldenWatch SE Mini SE,Lyra Engine Node & Mira Engine Grid & Coda Engine Signal,Pinecone Systems Inc.
Umber Arc Quantum,Umber Arc,Quantum Technologies Inc.
Umber Arc Mountain,Umber Arc,Mountain Devices Inc.
Orion Pulse Mesh Glacier,Orion Pulse Mesh,Glacier Electronics Inc.
Nimbus Module Crown,Nimbus Module,Crown Components Inc.
Atlas Layer Skylark,Atlas Layer,Skylark Networks Inc.
Ruby Core Hub Skylark,Ruby Core Hub,Skylark Networks Inc.
PulsePhone Mini Mini SE,Mira Layer,Orion Works Inc.
Helio Bridge Cinder,Helio Bridge,Cinder Manufacturing Inc.
Helio Bridge Lumen,Helio Bridge,Lumen Technologies Inc.
HelioWatch Mini Gen Lite / PulseWatch Mini SE Air,Ruby Signal Grid,Catalyst Components Inc.
Atlas Layer Skyforge,Atlas Layer,Skyforge Electronics Inc.
Atlas Layer Aurora,Atlas Layer,Aurora Components Inc.
Atlas Layer Riverstone,Atlas Layer,Riverstone Networks Inc.
Atlas Layer Harbor,Atlas Layer,Harbor Group Inc.
Atlas Layer Atlas,Atlas Layer,Atlas Works Inc.
Crimson Core Zenith,Crimson Core,Zenith Holdings Inc.
GoldenHub Mini,Silver Engine,Zenith Holdings Inc.
Vega Mxdule and Nova Core Matrix,Indigo Fabric,Clearwater Electronics Inc.
Cerulean Matrix Zenith,Cerulean Matrix,Zenith Holdings Inc.
Mint Kernel Zenith,Mint Kernel,Zenith Holdings Inc.
Violet Kernel Zenith,Violet Kernel,Zenith Holdings Inc.
Cinder Link Zenith,Cinder Link,Zenith Holdings Inc.
Jade Link Zenith,Jade Link,Zenith Holdings Inc.
Azure Link Zenith,Azure Link,Zenith Holdings Inc.
Mira Pulse Zenith,Mira Pulse,Zenith Holdings Inc.
Atlas Pulse Zenith,Atlas Pulse,Zenith Holdings Inc.
Quartz Grid Zenith,Quartz Grid,Zenith Holdings Inc.
Sonic Signal Zenith,Sonic Signal,Zenith Holdings Inc.
Coral Signal Zenith,Coral Signal,Zenith Holdings Inc.
Nimbus Shield Zenith,Nimbus Shield,Zenith Holdings Inc.
Golden Shield Zenith,Golden Shield,Zenith Holdings Inc.
GraphiteCam Plus Air and SummitLink Edge,Lyra Frame,Arbor Holdings Inc.
Frost Sense Zenith,Frost Sense,Zenith Holdings Inc.
Cedar Sense Zenith,Cedar Sense,Zenith Holdings Inc.
Pearl Mesh Zenith,Pearl Mesh,Zenith Holdings Inc.
Beryl Mesh Zenith,Beryl Mesh,Zenith Holdings Inc.
AtlasDrive Lite,Silver Dock,BlueRiver Works Inc.
HelioCharge Air Edge and CrimsonBuds Mini SE,Beryl Hub; Saffron Vault,GoldenGate Electronics Inc.
Pearl Flex Zenith,Pearl Flex,Zenith Holdings Inc.
Umber Flex Zenith,Umber Flex,Zenith Holdings Inc.
Cerulean Arc Zenith,Cerulean Arc,Zenith Holdings Inc.
Astra Vault Zenith,Astra Vault,Zenith Holdings Inc.
Pearl Vector Zenith,Pearl Vector,Zenith Holdings Inc.
JadeCharge Plus Ultra,Cinder Frame,Zenith Holdings Inc.
Sonic Core Mesh and Pearl Link Pulse,Sonic Core Mesh & Pearl Link Pulse,Arbor Devices Inc.
Cedar Core Core Zenith,Cedar Core Core,Zenith Holdings Inc.
Cerulean Core Grid Zenith,Cerulean Core Grid,Zenith Holdings Inc.
Topaz Core Sense Zenith,Topaz Core Sense,Zenith Holdings Inc.
Luna Engine Engine Zenith,Luna Engine Engine,Zenith Holdings Inc.
Auric Fabric Sync Zenith,Auric Fabric Sync,Zenith Holdings Inc.
ZenithBuds Edge Edge,Ember Matrix Pulse,EchoLabs Systems Inc.
Coral Matrix Wave Zenith,Coral Matrix Wave,Zenith Holdings Inc.
Pearl Kernel Drive Zenith,Pearl Kernel Drive,Zenith Holdings Inc.
LumenCharge Gen SE,Pulse Link Sense,Arbor Devices Inc.
Zen Link Mesh Zenith,Zen Link Mesh,Zenith Holdings Inc.
Terra Pulse Kernel Zenith,Terra Pulse Kernel,Zenith Holdings Inc.
JadePad Pro Max Ultra Edge,Vega Node Wave,Astra Works Inc.
Sierra Node Spark Zenith,Sierra Node Spark,Zenith Holdings Inc.
VectorBuds SE Air Plus,Silver Node Kernel,Astra Works Inc.
Jade Grid Spark Zenith,Jade Grid Spark,Zenith Holdings Inc.
Cedar Grid Arc Zenith,Cedar Grid Arc,Zenith Holdings Inc.
HelioWatch Mini Gen Lite,Ruby Signal Grid,Catalyst Components Inc.
Ruby Signal Grid Zenith,Ruby Signal Grid,Zenith Holdings Inc.
TerraHub Mini Gen Lite,Nimbus Shield Vector,Arbor Devices Inc.
CitrineRouter Mini Plus Pro,Argo Shield Wave,Astra Networks Inc.
Ruby Shield Pulse Zenith,Ruby Shield Pulse,Zenith Holdings Inc.
Silver Drive Flow Zenith,Silver Drive Flow,Zenith Holdings Inc.
Delta Engine Spark RedStone,Delta Engine Spark,RedStone Labs Inc.
AzureCase Ultra,Jade Signal,Clearwater Labs Inc.
Pulse Link Sense Clearwater,Pulse Link Sense,Clearwater Manufacturing Inc.
Frost Edge Highland,Frost Edge,Highland Systems Inc.
Jade Flex 1TB Starter Kit Highland,Jade Flex,Highland Systems Inc.
Magenta Pulse Engine Highland,Magenta Pulse Engine,Highland Systems Inc.
Opal Stack Link 512GB Bundle Summit,Opal Stack Link,Summit Technologies Inc.
HarborBeam Max,Sol Engine,Crown Components Inc.
Frost Edge BlueRiver,Frost Edge,BlueRiver Electronics Inc.
Jade Flex 1TB Starter Kit BlueRiver,Jade Flex,BlueRiver Electronics Inc.
SignalSpeaker Ultra,Ruby Stack,Sunpeak Holdings Inc.
SyncSpeaker Ultra,Sable Stack,Ironwood Components Inc.
SilverNode Lite Max,Vega Sync,Windmill Networks Inc.
OpalBuds Mini Pro Max,Slate Signal Kernel,Aurora Group Inc.
Mira Module Pulse Pinecone,Mira Module Pulse,Pinecone Industries Inc.
Frost Sense Quantum,Frost Sense,Quantum Manufacturing Inc.
Nimbus Signal Core Quantum,Nimbus Signal Core,Quantum Manufacturing Inc.
Umbral Fabric Wave Glacier,Umbral Fabric Wave,Glacier Technologies Inc.
EchoBeam Lite Mini SE Air,Topaz Core,Starlight Group Inc.
LumenKey Gen Gen,"Citrine Matrix, Opal Matrix",Seabird Manufacturing Inc.
NebulaPad Plus,Umber Kernel + Magenta Flow + Opal Stack Link + Jade Link Matrix + Auric Link Wave + Indigo Link Node,Starlight Group Inc.
CatalystKey Air Mini,Azure Kernel,Starlight Group Inc.
VegaDrive Max,Kairo Wave,Starlight Group Inc.
AtlasDrive Max,Kairo Wave; Sable Module Drive,Starlight Group Inc.
HelioBuds SE Mini SE,Frost Flex,Starlight Group Inc.
SlateStand Edge Max,Quartz Flex & Slate Frame,Starlight Group Inc.
DriveBeam Edge,Sierra Flow,Nightfall Works Inc.
GlacierStand Max Ultra,Sierra Flow,Nightfall Works Inc.
UmberCam Plus Max,Vega Frame + Ivory Module Bridge,Starlight Group Inc.
VegaSpeaker Edge Gen,Slate Frame,Starlight Group Inc.
CitrineCharge Max Max,Pulse Core Pulse,Starlight Group Inc.
RubyCharge Max Ultra,Pulse Core Pulse,Starlight Group Inc.
Sable Module Drive Starlight,Sable Module Drive,Starlight Group Inc.
SilverSpeaker Air,Mint Stack Drive,Quantum Manufacturing Inc.
Delta Node Flow Starlight,Delta Node Flow,Starlight Group Inc.
AtlasWatch Plus Mini / RubyStand Pro Max Ultra Edge,Atlas Signal Wave,Stonebridge Holdings Inc.
SummitSpeaker Gen,Ember Mesh,Photon Labs Inc.
HelioNode Mini Lite Mini / JadeCam Mini / EdgeBook Ultra / MiraSpeaker Lite / LumenCharge Gen Lite Mini / SenseDock Edge / TopazCase Plus / SilverNode Mini SE / BridgeCam Mini / GoldenCharge Gen / PulseCharge Ultra Edge Gen 128GB Dual‑SIM / WaveWatch Pro / JadeCharge Gen / IndigoHub Plus Lite 128GB Starter Kit / CrimsonNode Edge Air / KairoSpeaker Lite / TealDock Edge / AuroraCam Pro / MintCam Mini / NimbusCase Plus / QuartzSpeaker Gen Plus / OrionLink Mini Air / WaveNode Mini SE / PhotonPhone Mini SE Air and SyncPhone Mini Ultra Edge / LumenCase Plus / KairoCam Pro / TopazKey Gen and CrownWatch Pro Max Ultra Edge / CrimsonSpeaker Lite 64GB Bundle / BridgeBook Ultra / EdgeWatch Pro / BeamWatch Pro / TopazWatch Air / CitrinePhone Lite Plus / TopazSpeaker Air and IndigoBook Mini Air / SlateCase Plus / SignalStand Edge / CodaBook 1TB Dual‑SIM / RubyWatch Air / AzureSpeaker Gen Lite / ZenithRouter Edge / AuroraCharge Plus Pro Max,Ivory Mesh,Meadow Electronics Inc.
HelioNode Mini Lite Mini / JadeCam Mini / EdgeBook Ultra / LumenCharge Gen Lite Mini / SenseDock Edge / TopazCase Plus / PulseCharge Ultra Edge Gen 128GB Dual‑SIM / WaveWatch Pro / JadeCharge Gen / IndigoHub Plus Lite 128GB Starter Kit / BridgeCam Mini / TealDock Edge / AuroraCam Pro / MintCam Mini / NimbusCase Plus / OrionLink Mini Air / WaveNode Mini SE / CrimsonNode Edge Air / LumenCase Plus / KairoCam Pro / TopazKey Gen and CrownWatch Pro Max Ultra Edge / CrimsonSpeaker Lite 64GB Bundle / EdgeWatch Pro / BridgeBook Ultra / TopazWatch Air / GoldenCharge Gen / CitrinePhone Lite Plus / TopazSpeaker Air and IndigoBook Mini Air / SlateCase Plus / SignalStand Edge / QuartzSpeaker Gen Plus / PhotonPhone Mini SE Air and SyncPhone Mini Ultra Edge / RubyWatch Air / AzureSpeaker Gen Lite / CodaBook 1TB Dual‑SIM / ZenithRouter Edge / KairoSpeaker Lite / AuroraCharge Plus Pro Max,Ivory Mesh,Meadow Electronics Inc.
HelioNode Mini Lite Mini / JadeCam Mini / EdgeBook Ultra / LumenCharge Gen Lite Mini / SenseDock Edge / TopazCase Plus / SilverNode Mini SE / BridgeCam Mini / GoldenCharge Gen / PulseCharge Ultra Edge Gen 128GB Dual‑SIM / WaveWatch Pro / JadeCharge Gen / IndigoHub Plus Lite 128GB Starter Kit / CrimsonNode Edge Air / KairoSpeaker Lite / TealDock Edge / AuroraCam Pro / MintCam Mini / NimbusCase Plus / QuartzSpeaker Gen Plus / OrionLink Mini Air / WaveNode Mini SE / PhotonPhone Mini SE Air and SyncPhone Mini Ultra Edge / LumenCase Plus / KairoCam Pro / TopazKey Gen and CrownWatch Pro Max Ultra Edge / CrimsonSpeaker Lite 64GB Bundle / BridgeBook Ultra / EdgeWatch Pro / BeamWatch Pro / TopazWatch Air / CitrinePhone Lite Plus / TopazSpeaker Air and IndigoBook Mini Air / SlateCase Plus / SignalStand Edge / CodaBook 1TB Dual‑SIM / RubyWatch Air / AzureSpeaker Gen Lite / ZenithRouter Edge / AuroraCharge Plus Pro Max,Ivory Mesh,Meadow Electronics Inc.
HelioNode Mini Lite Mini / JadeCam Mini / EdgeBook Ultra / LumenCharge Gen Lite Mini / SenseDock Edge / TopazCase Plus / SilverNode Mini SE / BridgeCam Mini / GoldenCharge Gen / PulseCharge Ultra Edge Gen 128GB Dual‑SIM / WaveWatch Pro / JadeCharge Gen / IndigoHub Plus Lite 128GB Starter Kit / CrimsonNode Edge Air / KairoSpeaker Lite / TealDock Edge / AuroraCam Pro / MintCam Mini / NimbusCase Plus / QuartzSpeaker Gen Plus / OrionLink Mini Air / WaveNode Mini SE / PhotonPhone Mini SE Air and SyncPhone Mini Ultra Edge / LumenCase Plus / KairoCam Pro / TopazKey Gen and CrownWatch Pro Max Ultra Edge / CrimsonSpeaker Lite 64GB Bundle / BridgeBook Ultra / EdgeWatch Pro / BeamWatch Pro / TopazWatch Air / CitrinePhone Lite Plus / TopazSpeaker Air and IndigoBook Mini Air / SlateCase Plus / SignalStand Edge / CodaBook 1TB Dual‑SIM / RubyWatch Air / AzureSpeaker Gen Lite / ZenithRouter Edge / AuroraCharge Plus Pro Max,Ivory Mesh,Meadow Electronics Inc.
HelioNode Mini Lite Mini / JadeCam Mini / EdgeBook Ultra / LumenCharge Gen Lite Mini / SenseDock Edge / TopazCase Plus / SilverNode Mini SE / BridgeCam Mini / GoldenCharge Gen / PulseCharge Ultra Edge Gen 128GB Dual‑SIM / WaveWatch Pro / JadeCharge Gen / IndigoHub Plus Lite 128GB Starter Kit / CrimsonNode Edge Air / KairoSpeaker Lite / TealDock Edge / MintCam Mini / NimbusCase Plus / QuartzSpeaker Gen Plus / OrionLink Mini Air / WaveNode Mini SE / PhotonPhone Mini SE Air and SyncPhone Mini Ultra Edge / LumenCase Plus / KairoCam Pro / TopazKey Gen and CrownWatch Pro Max Ultra Edge / CrimsonSpeaker Lite 64GB Bundle / BridgeBook Ultra / EdgeWatch Pro / BeamWatch Pro / TopazWatch Air / CitrinePhone Lite Plus / TopazSpeaker Air and IndigoBook Mini Air / SlateCase Plus / SignalStand Edge / CodaBook 1TB Dual‑SIM / RubyWatch Air / AzureSpeaker Gen Lite / ZenithRouter Edge / AuroraCharge Plus Pro Max,Ivory Mesh,Meadow Electronics Inc.
HelioNode Mini Lite Mini / JadeCam Mini / EdgeBook Ultra / LumenCharge Gen Lite Mini / SenseDock Edge / TopazCase Plus / SilverNode Mini SE / BridgeCam Mini / GoldenCharge Gen / PulseCharge Ultra Edge Gen 128GB Dual‑SIM / WaveWatch Pro / JadeCharge Gen / IndigoHub Plus Lite 128GB Starter Kit / CrimsonNode Edge Air / KairoSpeaker Lite / TealDock Edge / AuroraCam Pro / MintCam Mini / NimbusCase Plus / QuartzSpeaker Gen Plus / OrionLink Mini Air / WaveNode Mini SE / LumenCase Plus / KairoCam Pro / TopazKey Gen and CrownWatch Pro Max Ultra Edge / CrimsonSpeaker Lite 64GB Bundle / BridgeBook Ultra / EdgeWatch Pro / BeamWatch Pro / TopazWatch Air / CitrinePhone Lite Plus / TopazSpeaker Air and IndigoBook Mini Air / SlateCase Plus / SignalStand Edge / PhotonPhone Mini SE Air and SyncPhone Mini Ultra Edge / CodaBook 1TB Dual‑SIM / RubyWatch Air / AzureSpeaker Gen Lite / ZenithRouter Edge / AuroraCharge Plus Pro Max,Ivory Mesh,Meadow Electronics Inc.
HelioNode Mini Lite Mini / JadeCam Mini / EdgeBook Ultra / LumenCharge Gen Lite Mini / SenseDock Edge / TopazCase Plus / SilverNode Mini SE / BridgeCam Mini / GoldenCharge Gen / PulseCharge Ultra Edge Gen 128GB Dual‑SIM / WaveWatch Pro / JadeCharge Gen / IndigoHub Plus Lite 128GB Starter Kit / CrimsonNode Edge Air / KairoSpeaker Lite / TealDock Edge / AuroraCam Pro / MintCam Mini / NimbusCase Plus / QuartzSpeaker Gen Plus / OrionLink Mini Air / WaveNode Mini SE / PhotonPhone Mini SE Air and SyncPhone Mini Ultra Edge / LumenCase Plus / KairoCam Pro / TopazKey Gen and CrownWatch Pro Max Ultra Edge / CrimsonSpeaker Lite 64GB Bundle / BridgeBook Ultra / EdgeWatch Pro / BeamWatch Pro / TopazWatch Air / CitrinePhone Lite Plus / TopazSpeaker Air and IndigoBook Mini Air / SlateCase Plus / SignalStand Edge / CodaBook 1TB Dual‑SIM / RubyWatch Air / AzureSpeaker Gen Lite / ZenithRouter Edge / AuroraCharge Plus Pro Max,Ivory Mesh,Meadow Electronics Inc.
HelioNode Mini Lite Mini / JadeCam Mini / EdgeBook Ultra / LumenCharge Gen Lite Mini / SenseDock Edge / TopazCase Plus / SilverNode Mini SE / BridgeCam Mini / PulseCharge Ultra Edge Gen 128GB Dual‑SIM / WaveWatch Pro / JadeCharge Gen / IndigoHub Plus Lite 128GB Starter Kit / CrimsonNode Edge Air / KairoSpeaker Lite / TealDock Edge / AuroraCam Pro / MintCam Mini / NimbusCase Plus / OrionLink Mini Air / WaveNode Mini SE / LumenCase Plus / KairoCam Pro / TopazKey Gen and CrownWatch Pro Max Ultra Edge / CrimsonSpeaker Lite 64GB Bundle / BridgeBook Ultra / EdgeWatch Pro / TopazWatch Air / GoldenCharge Gen / CitrinePhone Lite Plus / TopazSpeaker Air and IndigoBook Mini Air / SlateCase Plus / SignalStand Edge / QuartzSpeaker Gen Plus / PhotonPhone Mini SE Air and SyncPhone Mini Ultra Edge / RubyWatch Air / AzureSpeaker Gen Lite / CodaBook 1TB Dual‑SIM / ZenithRouter Edge / AuroraCharge Plus Pro Max,Ivory Mesh,Meadow Electronics Inc.
HelioNode Mini Lite Mini / JadeCam Mini / EdgeBook Ultra / LumenCharge Gen Lite Mini / SenseDock Edge / TopazCase Plus / SilverNode Mini SE / BridgeCam Mini / PulseCharge Ultra Edge Gen 128GB Dual‑SIM / WaveWatch Pro / JadeCharge Gen / IndigoHub Plus Lite 128GB Starter Kit / CrimsonNode Edge Air / KairoSpeaker Lite / TealDock Edge / AuroraCam Pro / MintCam Mini / NimbusCase Plus / OrionLink Mini Air / WaveNode Mini SE / LumenCase Plus / KairoCam Pro / TopazKey Gen and CrownWatch Pro Max Ultra Edge / CrimsonSpeaker Lite 64GB Bundle / BridgeBook Ultra / EdgeWatch Pro / BeamWatch Pro / TopazWatch Air / GoldenCharge Gen / CitrinePhone Lite Plus / TopazSpeaker Air and IndigoBook Mini Air / SlateCase Plus / SignalStand Edge / QuartzSpeaker Gen Plus / PhotonPhone Mini SE Air and SyncPhone Mini Ultra Edge / RubyWatch Air / AzureSpeaker Gen Lite / CodaBook 1TB Dual‑SIM / ZenithRouter Edge / AuroraCharge Plus Pro Max,Ivory Mesh,Meadow Electronics Inc.
HelioNode Mini Lite Mini / JadeCam Mini / EdgeBook Ultra / LumenCharge Gen Lite Mini / SenseDock Edge / TopazCase Plus / AuroraCharge Plus Pro Max / SilverNode Mini SE / BridgeCam Mini / PulseCharge Ultra Edge Gen 128GB Dual‑SIM / WaveWatch Pro / JadeCharge Gen / IndigoHub Plus Lite 128GB Starter Kit / CrimsonNode Edge Air / GoldenCharge Gen / KairoSpeaker Lite / TealDock Edge / AuroraCam Pro / MintCam Mini / NimbusCase Plus / QuartzSpeaker Gen Plus / OrionLink Mini Air / WaveNode Mini SE / PhotonPhone Mini SE Air and SyncPhone Mini Ultra Edge / LumenCase Plus / KairoCam Pro / TopazKey Gen and CrownWatch Pro Max Ultra Edge / CrimsonSpeaker Lite 64GB Bundle / BridgeBook Ultra / EdgeWatch Pro / BeamWatch Pro / FlexBeam Mini Pro Max / TopazWatch Air / CitrinePhone Lite Plus / TopazSpeaker Air and IndigoBook Mini Air / WaveBook Air Ultra / SlateCase Plus / SignalStand Edge / RubyWatch Air / NebulaCase Lite 128GB Refurbished / AzureSpeaker Gen Lite / CodaBook 1TB Dual‑SIM / ZenithRouter Edge,Ivory Mesh,Meadow Electronics Inc.
HelioNode Mini Lite Mini / JadeCam Mini / EdgeBook Ultra / LumenCharge Gen Lite Mini / SenseDock Edge / TopazCase Plus / AuroraCharge Plus Pro Max / BridgeCam Mini / GoldenCharge Gen / PulseCharge Ultra Edge Gen 128GB Dual‑SIM / WaveWatch Pro / JadeCharge Gen / IndigoHub Plus Lite 128GB Starter Kit / KairoSpeaker Lite / TealDock Edge / AuroraCam Pro / MintCam Mini / NimbusCase Plus / QuartzSpeaker Gen Plus / OrionLink Mini Air / WaveNode Mini SE / CrimsonNode Edge Air / PhotonPhone Mini SE Air and SyncPhone Mini Ultra Edge / LumenCase Plus / KairoCam Pro / TopazKey Gen and CrownWatch Pro Max Ultra Edge / CrimsonSpeaker Lite 64GB Bundle / EdgeWatch Pro / BridgeBook Ultra / BeamWatch Pro / FlexBeam Mini Pro Max / TopazWatch Air / CitrinePhone Lite Plus / TopazSpeaker Air and IndigoBook Mini Air / WaveBook Air Ultra / SlateCase Plus / SignalStand Edge / CodaBook 1TB Dual‑SIM / RubyWatch Air / NebulaCase Lite 128GB Refurbished / AzureSpeaker Gen Lite / ZenithRouter Edge,Ivory Mesh,Meadow Electronics Inc.
HelioNode Mini Lite Mini / JadeCam Mini / EdgeBook Ultra / LumenCharge Gen Lite Mini / SenseDock Edge / TopazCase Plus / AuroraCharge Plus Pro Max / SilverNode Mini SE / BridgeCam Mini / GoldenCharge Gen / PulseCharge Ultra Edge Gen 128GB Dual‑SIM / WaveWatch Pro / JadeCharge Gen / IndigoHub Plus Lite 128GB Starter Kit / CrimsonNode Edge Air / KairoSpeaker Lite / TealDock Edge / AuroraCam Pro / MintCam Mini / NimbusCase Plus / QuartzSpeaker Gen Plus / OrionLink Mini Air / WaveNode Mini SE / PhotonPhone Mini SE Air and SyncPhone Mini Ultra Edge / LumenCase Plus / KairoCam Pro / TopazKey Gen and CrownWatch Pro Max Ultra Edge / CrimsonSpeaker Lite 64GB Bundle / BridgeBook Ultra / EdgeWatch Pro / BeamWatch Pro / FlexBeam Mini Pro Max / TopazWatch Air / CitrinePhone Lite Plus / TopazSpeaker Air and IndigoBook Mini Air / WaveBook Air Ultra / SlateCase Plus / SignalStand Edge / CodaBook 1TB Dual‑SIM / RubyWatch Air / NebulaCase Lite 128GB Refurbished / AzureSpeaker Gen Lite / ZenithRouter Edge,Ivory Mesh,Meadow Electronics Inc.
HelioNode Mini Lite Mini / JadeCam Mini / EdgeBook Ultra / LumenCharge Gen Lite Mini / SenseDock Edge / TopazCase Plus / AuroraCharge Plus Pro Max / SilverNode Mini SE / GoldenCharge Gen / PulseCharge Ultra Edge Gen 128GB Dual‑SIM / WaveWatch Pro / JadeCharge Gen / IndigoHub Plus Lite 128GB Starter Kit / BridgeCam Mini / CrimsonNode Edge Air / TealDock Edge / AuroraCam Pro / MintCam Mini / NimbusCase Plus / QuartzSpeaker Gen Plus / OrionLink Mini Air / WaveNode Mini SE / PhotonPhone Mini SE Air and SyncPhone Mini Ultra Edge / LumenCase Plus / KairoCam Pro / TopazKey Gen and CrownWatch Pro Max Ultra Edge / CrimsonSpeaker Lite 64GB Bundle / BridgeBook Ultra / EdgeWatch Pro / BeamWatch Pro / FlexBeam Mini Pro Max / TopazWatch Air / CitrinePhone Lite Plus / TopazSpeaker Air and IndigoBook Mini Air / WaveBook Air Ultra / SlateCase Plus / SignalStand Edge / CodaBook 1TB Dual‑SIM / RubyWatch Air / NebulaCase Lite 128GB Refurbished / AzureSpeaker Gen Lite / ZenithRouter Edge / KairoSpeaker Lite,Ivory Mesh,Meadow Electronics Inc.
HelioNode Mini Lite Mini / JadeCam Mini / EdgeBook Ultra / MiraSpeaker Lite / LumenCharge Gen Lite Mini / SenseDock Edge / TopazCase Plus / SilverNode Mini SE / BridgeCam Mini / GoldenCharge Gen / PulseCharge Ultra Edge Gen 128GB Dual‑SIM / WaveWatch Pro / JadeCharge Gen / IndigoHub Plus Lite 128GB Starter Kit / CrimsonNode Edge Air / KairoSpeaker Lite / TealDock Edge / AuroraCam Pro / MintCam Mini / NimbusCase Plus / QuartzSpeaker Gen Plus / OrionLink Mini Air / WaveNode Mini SE / PhotonPhone Mini SE Air and SyncPhone Mini Ultra Edge / LumenCase Plus / KairoCam Pro / TopazKey Gen and CrownWatch Pro Max Ultra Edge / CrimsonSpeaker Lite 64GB Bundle / BridgeBook Ultra / EdgeWatch Pro / BeamWatch Pro / TopazWatch Air / CitrinePhone Lite Plus / TopazSpeaker Air and IndigoBook Mini Air / SlateCase Plus / SignalStand Edge / CodaBook 1TB Dual‑SIM / RubyWatch Air / AzureSpeaker Gen Lite / ZenithRouter Edge / AuroraCharge Plus Pro Max,Ivory Mesh,Meadow Electronics Inc.
Argo Dock Cinder,Argo Dock,Cinder Labs Inc.
Silver Vault Cinder,Silver Vault,Cinder Labs Inc.
Atlas Engine Catalyst,Atlas Engine,Catalyst Industries Inc.
Teal Module Catalyst,Teal Module,Catalyst Industries Inc.
Helio Matrix Catalyst,Helio Matrix,Catalyst Industries Inc.
Violet Kernel Catalyst,Violet Kernel,Catalyst Industries Inc.
Quartz Bridge Catalyst,Quartz Bridge,Catalyst Industries Inc.
Citrine Wave Catalyst,Citrine Wave,Catalyst Industries Inc.
Luna Node Catalyst,Luna Node,Catalyst Industries Inc.
Opal Node Catalyst,Opal Node,Catalyst Industries Inc.
Jade Grid Catalyst,Jade Grid,Catalyst Industries Inc.
Vega Signal Catalyst,Vega Signal,Catalyst Industries Inc.
Teal Mesh Catalyst,Teal Mesh,Catalyst Industries Inc.
Argo Dock Catalyst,Argo Dock,Catalyst Industries Inc.
EdgeDock Mini SE,Sonic Beam,BrightWave Electronics Inc.
Argo Flex Catalyst,Argo Flex,Catalyst Industries Inc.
Silver Layer and Azure Grid Beam,Silver Layer and Azure Grid Beam,Arbor Devices Inc.
HelioCharge Max SE,Saffron Engine Stack,Aurora Components Inc.
Sol Node Edge Catalyst,Sol Node Edge,Catalyst Industries Inc.
Citrine Grid Shield 256GB Dual‑SIM Catalyst,Citrine Grid Shield,Catalyst Industries Inc.
Lime Grid Edge Catalyst,Lime Grid Edge,Catalyst Industries Inc.
Teal Grid Hub Catalyst,Teal Grid Hub,Catalyst Industries Inc.
Crimson Core Lumen,Crimson Core,Lumen Manufacturing Inc.
Ivory Core Lumen,Ivory Core,Lumen Manufacturing Inc.
Lime Core Lumen,Lime Core,Lumen Manufacturing Inc.
Lime Core and Cerulean Fabric,Lime Core; Cerulean Fabric,Lumen Manufacturing Inc.
Orion Engine Lumen,Orion Engine,Lumen Manufacturing Inc.
PearlSpeaker Mini,Sable Engine,BlueRiver Electronics Inc.
CobaltLink Mini and QuartzDrive SE,Nova Core Matrix,Arbor Devices Inc.
Vega Mxdule and Nova Core Matrix,Indigo Fabric,Clearwater Electronics Inc.
Terra Stack Lumen,Terra Stack,Lumen Manufacturing Inc.
AuroraPad Air,Echo Fabric,Arbor Devices Inc.
Atlas Matrix Lumen,Atlas Matrix,Lumen Manufacturing Inc.
Sierra Matrix Lumen,Sierra Matrix,Lumen Manufacturing Inc.
AuroraNode Air 512GB Dual‑SIM / KairoNode Air,Mint Matrix,Astra Works Inc.
Slate Kernel Lumen,Slate Kernel,Lumen Manufacturing Inc.
Violet Kernel Lumen,Violet Kernel,Lumen Manufacturing Inc.
Quartz Bridge Lumen,Quartz Bridge,Lumen Manufacturing Inc.
Lyra Link and Nova Pulse,Lyra Link + Nova Pulse,Catalyst Industries Inc.
SignalHub Pro,Frost Link,Lumen Manufacturing Inc.
Azure Link Lumen,Azure Link,Lumen Manufacturing Inc.
Quanta Pulse Lumen,Quanta Pulse,Lumen Manufacturing Inc.
Mira Pulse Lumen,Mira Pulse,Lumen Manufacturing Inc.
Coda Pulse Lumen,Coda Pulse,Lumen Manufacturing Inc.
Sol Wave Lumen,Sol Wave,Lumen Manufacturing Inc.
NovaKey Max,Cedar Wave,BrightWave Electronics Inc.
Citrine Wave Lumen,Citrine Wave,Lumen Manufacturing Inc.
Crimson Node Lumen,Crimson Node,Lumen Manufacturing Inc.
Sonic Grid Lumen,Sonic Grid,Lumen Manufacturing Inc.
Jade Grid Lumen,Jade Grid,Lumen Manufacturing Inc.
Magenta Grid Lumen,Magenta Grid,Lumen Manufacturing Inc.
Pulse Signal Lumen,Pulse Signal,Lumen Manufacturing Inc.
Sonic Signal Lumen,Sonic Signal,Lumen Manufacturing Inc.
Cinder Drive Lumen,Cinder Drive,Lumen Manufacturing Inc.
Frost Sense Lumen,Frost Sense,Lumen Manufacturing Inc.
Cedar Sense Lumen,Cedar Sense,Lumen Manufacturing Inc.
Slate Sense Lumen,Slate Sense,Lumen Manufacturing Inc.
LumenDock Pro Air and CrimsonBuds Mini SE,"Beryl Hub, Nova Core Matrix",Catalyst Systems Inc.
Astra Flex Lumen,Astra Flex,Lumen Manufacturing Inc.
Jade Flex Lumen,Jade Flex,Lumen Manufacturing Inc.
Copper Spark Lumen,Copper Spark,Lumen Manufacturing Inc.
Copper Spark and Coral Fabric Signal,"Copper Spark, Coral Fabric Signal",Aurora Group Inc.
Citrine Spark Lumen,Citrine Spark,Lumen Manufacturing Inc.
Terra Flow Lumen,Terra Flow,Lumen Manufacturing Inc.
SaffronSpeaker Air Gen,Atlas Vault,Copperline Components Inc.
Saffron Vault Lumen,Saffron Vault,Lumen Manufacturing Inc.
Citrine Vault Lumen,Citrine Vault,Lumen Manufacturing Inc.
NebulaBuds Plus Lite,Slate Vector,Pinecone Industries Inc.
Teal Frame Lumen,Teal Frame,Lumen Manufacturing Inc.
Silver Layer and Azure Grid Beam,Silver Layer; Azure Grid Beam,Arbor Devices Inc.
Nova Core Matrix Lumen,Nova Core Matrix,Lumen Manufacturing Inc.
Pulse Core Pulse Lumen,Pulse Core Pulse,Lumen Manufacturing Inc.
Azure Core Arc Lumen,Azure Core Arc,Lumen Manufacturing Inc.
HelioCharge Max SE,Saffron Engine Stack,Aurora Components Inc.
Teal Module Dock Lumen,Teal Module Dock,Lumen Manufacturing Inc.
Atlas Fabric Kernel Lumen,Atlas Fabric Kernel,Lumen Manufacturing Inc.
Umber Kernel Hub Lumen,Umber Kernel Hub,Lumen Manufacturing Inc.
Ruby Pulse Spark Lumen,Ruby Pulse Spark,Lumen Manufacturing Inc.
Terra Wave Stack Lumen,Terra Wave Stack,Lumen Manufacturing Inc.
Delta Wave Vector Lumen,Delta Wave Vector,Lumen Manufacturing Inc.
Coda Node Shield Lumen,Coda Node Shield,Lumen Manufacturing Inc.
Citrine Node Mesh Lumen,Citrine Node Mesh,Lumen Manufacturing Inc.
Sol Grid Drive 256GB Starter Kit Lumen,Sol Grid Drive,Lumen Manufacturing Inc.
Teal Grid Hub Lumen,Teal Grid Hub,Lumen Manufacturing Inc.
PhotonCam Mini Lite Mini,Echo Shield Arc,Arbor Devices Inc.
CitrineRouter Mini Plus Pro,Argo Shield Wave,Astra Networks Inc.
Argo Shield Wave Lumen,Argo Shield Wave,Lumen Manufacturing Inc.
Silver Drive Flow Lumen,Silver Drive Flow,Lumen Manufacturing Inc.
Jade Mesh SilverLine,Jade Mesh,SilverLine Systems Inc.
Atlas Wave Skyforge,Atlas Wave,Skyforge Technologies Inc.
Kairo Edge Aurora,Kairo Edge,Aurora Devices Inc.
PearlSpeaker Mini,Sable Engine,BlueRiver Electronics Inc.
CodaPhone Mini SE Air and CobaltLink Mini,Beryl Hub & Lime Wave Spark,Arbor Components Inc.
Mint Matrix Riverstone,Mint Matrix,Riverstone Electronics Inc.
Coda Pulse Riverstone,Coda Pulse,Riverstone Electronics Inc.
NovaKey Max,Cedar Wave,BrightWave Electronics Inc.
Jade Grid Riverstone,Jade Grid,Riverstone Electronics Inc.
Sonic Signal Riverstone,Sonic Signal,Riverstone Electronics Inc.
Jade Signal Riverstone,Jade Signal,Riverstone Electronics Inc.
Maple Sense Riverstone,Maple Sense,Riverstone Electronics Inc.
Topaz Sync Riverstone,Topaz Sync,Riverstone Electronics Inc.
Silver Vault Riverstone,Silver Vault,Riverstone Electronics Inc.
Auric Frame Riverstone,Auric Frame,Riverstone Electronics Inc.
Atlas Fabric Kernel Riverstone,Atlas Fabric Kernel,Riverstone Electronics Inc.
Terra Matrix Edge Riverstone,Terra Matrix Edge,Riverstone Electronics Inc.
Umber Kernel Hub Riverstone,Umber Kernel Hub,Riverstone Electronics Inc.
Lime Wave Spark Riverstone,Lime Wave Spark,Riverstone Electronics Inc.
PearlSpeaker Mini,Sable Engine,BlueRiver Electronics Inc.
CobaltLink Mini and OnyxWatch Mini Ultra Edge,Nova Core Matrix,Arbor Devices Inc.
Mira Stack Harbor,Mira Stack,Harbor Components Inc.
AuroraPad Air,Echo Fabric,Arbor Devices Inc.
Topaz Fabric 512GB Refurbished Harbor,Topaz Fabric,Harbor Components Inc.
Helio Matrix Harbor,Helio Matrix,Harbor Components Inc.
Atlas Matrix Harbor,Atlas Matrix,Harbor Components Inc.
Opal Matrix Harbor,Opal Matrix,Harbor Components Inc.
Opal Matrix 1TB Dual‑SIM Harbor,Opal Matrix,Harbor Components Inc.
Opal Matrix and Azure Node Spark,Opal Matrix & Azure Node Spark,Astra Manufacturing Inc.
Mint Matrix Harbor,Mint Matrix,Harbor Components Inc.
Pulse Kernel Harbor,Pulse Kernel,Harbor Components Inc.
Slate Kernel Harbor,Slate Kernel,Harbor Components Inc.
Magenta Kernel and Onyx Spark,Magenta Kernel and Onyx Spark,GoldenGate Electronics Inc.
Nova Bridge Harbor,Nova Bridge,Harbor Components Inc.
Cinder Link Harbor,Cinder Link,Harbor Components Inc.
Pulse Pulse Harbor,Pulse Pulse,Harbor Components Inc.
Quanta Pulse Harbor,Quanta Pulse,Harbor Components Inc.
Atlas Pulse Harbor,Atlas Pulse,Harbor Components Inc.
CitrineCase Max,Mint Wave,Arbor Devices Inc.
Luna Node Harbor,Luna Node,Harbor Components Inc.
Vega Node Harbor,Vega Node,Harbor Components Inc.
Crimson Node Harbor,Crimson Node,Harbor Components Inc.
Opal Node Harbor,Opal Node,Harbor Components Inc.
Nimbus Grid Harbor,Nimbus Grid,Harbor Components Inc.
Sonic Grid Harbor,Sonic Grid,Harbor Components Inc.
Jade Grid Harbor,Jade Grid,Harbor Components Inc.
Quartz Grid Harbor,Quartz Grid,Harbor Components Inc.
TopazDock Ultra,Sable Grid,Copperline Components Inc.
Pulse Signal and Azure Node Spark 512GB Bundle,"Pulse Signal, Azure Node Spark",Nebula Group Inc.
Lyra Signal Harbor,Lyra Signal,Harbor Components Inc.
Mira Signal Harbor,Mira Signal,Harbor Components Inc.
Sonic Signal Harbor,Sonic Signal,Harbor Components Inc.
Golden Shield Harbor,Golden Shield,Harbor Components Inc.
Atlas Drive Harbor,Atlas Drive,Harbor Components Inc.
Coral Sense Harbor,Coral Sense,Harbor Components Inc.
Cedar Sense Harbor,Cedar Sense,Harbor Components Inc.
Maple Sense Harbor,Maple Sense,Harbor Components Inc.
MiraCharge Gen,Cedar Mesh,BlueRiver Technologies Inc.
Pearl Mesh Harbor,Pearl Mesh,Harbor Components Inc.
AtlasDrive Lite,Silver Dock,BlueRiver Works Inc.
Beryl Hub Harbor,Beryl Hub,Harbor Components Inc.
SyncBeam Max Ultra and CrimsonBuds Mini SE,Beryl Hub + Topaz Sync,Arbor Components Inc.
CrownLink SE Lite and CrimsonBuds Mini SE,Beryl Hub and Coral Flow,Arbor Devices Inc.
HelioCharge Air Edge and CrimsonBuds Mini SE,Beryl Hub; Saffron Vault,GoldenGate Electronics Inc.
CodaPhone Mini SE Air and CrimsonBuds Mini SE,Beryl Hub & Lime Wave Spark,Arbor Components Inc.
OnyxWatch Mini Ultra Edge and CrimsonBuds Mini SE,Beryl Hub and Azure Signal Edge,Arbor Devices Inc.
EdgeDock Mini SE,Sonic Beam,BrightWave Electronics Inc.
Topaz Sync Harbor,Topaz Sync,Harbor Components Inc.
KairoPad Mini Mini,Pulse Flex,Arbor Devices Inc.
Pearl Flex Harbor,Pearl Flex,Harbor Components Inc.
Aero Spark Harbor,Aero Spark,Harbor Components Inc.
Coral Flow Harbor,Coral Flow,Harbor Components Inc.
Silver Flow Harbor,Silver Flow,Harbor Components Inc.
Cerulean Arc Harbor,Cerulean Arc,Harbor Components Inc.
Umbral Arc Harbor,Umbral Arc,Harbor Components Inc.
Aero Vault Harbor,Aero Vault,Harbor Components Inc.
Indigo Vault Harbor,Indigo Vault,Harbor Components Inc.
Silver Vault Harbor,Silver Vault,Harbor Components Inc.
Sonic Vector Harbor,Sonic Vector,Harbor Components Inc.
OrionBook Plus Gen 512GB Dual‑SIM,Graphite Vector,Catalyst Systems Inc.
Mint Vector Harbor,Mint Vector,Harbor Components Inc.
Auric Frame Harbor,Auric Frame,Harbor Components Inc.
Coda Layer Harbor,Coda Layer,Harbor Components Inc.
VegaKey Pro Max Ultra,Cedar Core Core,Harbor Components Inc.
Luna Engine Engine Harbor,Luna Engine Engine,Harbor Components Inc.
Delta Engine Spark Harbor,Delta Engine Spark,Harbor Components Inc.
Pulse Stack Core Harbor,Pulse Stack Core,Harbor Components Inc.
Terra Fabric Beam Harbor,Terra Fabric Beam,Harbor Components Inc.
Quanta Fabric Layer Harbor,Quanta Fabric Layer,Harbor Components Inc.
Golden Kernel Sync Harbor,Golden Kernel Sync,Harbor Components Inc.
LyraBeam Edge SE,Citrine Kernel Engine,Cinder Electronics Inc.
Lyra Bridge Spark and Azure Signal Edge,Lyra Bridge Spark & Azure Signal Edge,Arbor Devices Inc.
Zen Link Mesh Harbor,Zen Link Mesh,Harbor Components Inc.
Terra Pulse Kernel Harbor,Terra Pulse Kernel,Harbor Components Inc.
Lime Wave Spark Harbor,Lime Wave Spark,Harbor Components Inc.
Teal Wave Arc Harbor,Teal Wave Arc,Harbor Components Inc.
VectorBuds SE Air Plus,Silver Node Kernel,Astra Works Inc.
Kairo Grid Shield Harbor,Kairo Grid Shield,Harbor Components Inc.
Azure Grid Beam Harbor,Azure Grid Beam,Harbor Components Inc.
Azure Signal Edge Harbor,Azure Signal Edge,Harbor Components Inc.
Nova Shield Flow Harbor,Nova Shield Flow,Harbor Components Inc.
Maple Shield Beam Harbor,Maple Shield Beam,Harbor Components Inc.
Silver Drive Flow Harbor,Silver Drive Flow,Harbor Components Inc.
SilverPhone Ultra,Silver Node,Catalyst Systems Inc.
Umbral Grid RedStone,Umbral Grid,RedStone Works Inc.
CodaBeam Mini Ultra Edge,Slate Wave,Evergreen Holdings Inc.
VegaNode Gen Mini,Graphite Signal,ElectroPulse Devices Inc.
AtlasPhone Mini Pro Max,Onyx Matrix Drive,Evergreen Holdings Inc.
SonicCam Lite Pro,Sonic Stack,Evergreen Holdings Inc.
NimbusSpeaker Mini Plus,Pearl Bridge Grid,Evergreen Holdings Inc.
AstraBeam,Jade Flow,Quantum Networks Inc.
CitrineCharge Ultra Edge,Argo Mesh,Nebula Group Inc.
PulseCam SE,Helio Stack,Crown Systems Inc.
QuantaCam SE,Helio Stack,Crown Systems Inc.
QuantaKey SE Mini,Teal Layer; Sol Bridge Layer,Crown Systems Inc.
Luna Fabric Skylark,Luna Fabric,Skylark Technologies Inc.
JadeCam Mini,Aero Link,Meadow Manufacturing Inc.
Maple Drive Sunpeak,Maple Drive,Sunpeak Devices Inc.
Luna Fabric BrightWave,Luna Fabric,BrightWave Electronics Inc.
Ivory Mesh Starlight,Ivory Mesh,Starlight Components Inc.
Luna Fabric Northwind,Luna Fabric,Northwind Labs Inc.
Lime Core 512GB Refurbished DeepField,Lime Core,DeepField Industries Inc.
Frost Pulse 1TB Refurbished Saffron,Frost Pulse,Saffron Systems Inc.
EdgeCase SE / CoreDrive Mini and PearlKey Pro,"Coda Module, Magenta Link",Arbor Devices Inc.
VectorBeam Mini Mini,Atlas Engine,Catalyst Holdings Inc.
ZenithPhone Air,Mint Stack and Golden Bridge,Catalyst Holdings Inc.
PearlStand Ultra,Atlas Matrix,Catalyst Holdings Inc.
TerraNode Mini Gen,Atlas Matrix,Catalyst Holdings Inc.
IndigoDrive SE Max,Atlas Matrix,Glacier Labs Inc.
TerraBeam Air / EchoBeam Air,Umber Matrix,Catalyst Holdings Inc.
NimbusWatch Max,Opal Matrix & Azure Node Spark,Catalyst Holdings Inc.
QuantaBeam Mini Gen Lite,Pulse Bridge,Catalyst Holdings Inc.
TealNode Lite SE,Silver Bridge,Catalyst Holdings Inc.
PhotonPad Pro,Umbral Link,Catalyst Holdings Inc.
CoreKey Max,Golden Wave,Catalyst Holdings Inc.
TopazWatch Max Mini,Ivory Node,Glacier Labs Inc.
OpalCam Plus Mini,"Magenta Grid, Cerulean Arc",Catalyst Holdings Inc.
UmberLink Mini Plus Pro,Kairo Shield,Catalyst Holdings Inc.
PulseHub SE Mini,Sierra Drive,Catalyst Holdings Inc.
QuantaLink Gen,Delta Mesh,Catalyst Holdings Inc.
LumenKey Pro Max,Citrine Sync,Catalyst Holdings Inc.
UmberStand,Argo Flex,Catalyst Holdings Inc.
CopperStand,Argo Flex,Catalyst Holdings Inc.
AuroraCam Gen,Saffron Spark,Catalyst Holdings Inc.
SenseHub SE Pro,Umber Spark,Catalyst Holdings Inc.
SignalDock SE SE,Beryl Spark,Catalyst Holdings Inc.
SlateCam Plus Gen,Cerulean Arc,Catalyst Holdings Inc.
LumenSpeaker Plus,Aero Vault,Catalyst Holdings Inc.
SlateWatch Gen Plus,Magenta Vault,Catalyst Holdings Inc.
CrownBuds Plus,Cinder Frame,Catalyst Holdings Inc.
CoreHub Mini,Coral Frame,Catalyst Holdings Inc.
OnyxCam Edge Lite,Kairo Layer,Catalyst Holdings Inc.
BeamWatch Pro Pro,Mint Layer,Catalyst Holdings Inc.
NebulaWatch Max Mini,Beryl Core Drive,Catalyst Holdings Inc.
SummitWatch Max SE,Beryl Core Drive,Catalyst Holdings Inc.
DriveWatch Max,Jade Stack Hub,Catalyst Holdings Inc.
KairoRouter Ultra Gen,Mira Fabric Stack,Aurora Systems Inc.
SolRouter Ultra Lite,Mira Fabric Stack,Catalyst Holdings Inc.
LumenSpeaker Max,Indigo Fabric Flex,Catalyst Holdings Inc.
OpalBuds Edge SE,Zen Link Mesh,Catalyst Holdings Inc.
CopperNode Air Plus Pro,Jade Signal Beam,Catalyst Holdings Inc.
SaffronBook Mini Plus Pro 64GB Bundle / CobaltBook Mini Pro Max / SlateBook Mini Edge Gen,Golden Signal Engine,Lumen Labs Inc.
LumenDrive Mini Edge Gen / TerraDrive Mini Mini SE,Maple Shield Beam,SilverLine Industries Inc.
TerraWatch Gen Air / SyncCharge SE,Coda Stack,Skyforge Manufacturing Inc.
KairoStand / ZenithDrive Edge Ultra,Cedar Kernel Signal + Maple Kernel Shield,SilverLine Industries Inc.
BridgeLink SE / ZenithDrive Edge Ultra,"Cedar Kernel Signal, Maple Kernel Shield",Skyforge Manufacturing Inc.
OpalDock Mini / VectorBeam Air,Opal Matrix,Aurora Systems Inc.
PulseLink Gen / TealSpeaker Gen,Delta Mesh,Aurora Systems Inc.
RubySpeaker SE Gen Lite / NimbusPad Lite,Beryl Edge,Aurora Systems Inc.
TealStand / OnyxCharge Mini Lite,Argo Flex,Aurora Systems Inc.
KairoRouter Ultra Gen / NebulaRouter Ultra Mini,Mira Fabric Stack,Aurora Systems Inc.
SenseCharge Plus / LumenHub Lite Gen,Pearl Pulse Kernel,Aurora Systems Inc.
EdgeLink Edge / EchoDrive Edge,Golden Drive,Riverstone Technologies Inc.
ArgoRouter Ultra Max,Beryl Fabric,Harbor Devices Inc.
AzureHub Gen Air,Umbral Bridge Engine,BlueRiver Networks Inc.
Pulse Core Pulse Highland,Pulse Core Pulse,Highland Holdings Inc.
Saffron Vault Summit,Saffron Vault,Summit Labs Inc.
AtlasBook Ultra,Mint Node,Harbor Devices Inc.
Silver Matrix Spark BlueRiver,Silver Matrix Spark,BlueRiver Manufacturing Inc.
SaffronDrive Air Pro / SlateDrive Air Gen,Quartz Vault,Clearwater Labs Inc.
SaffronDrive Air Pro / SlateDrive Air Gen,Quartz Vault,Clearwater Labs Inc.
SaffronDrive Air Pro / SlateDrive Air Gen,Quartz Vault,Clearwater Labs Inc.
Saffron Vault Lighthouse,Saffron Vault,Lighthouse Electronics Inc.
CodaCharge Gen,Cedar Mesh,Nebula Components Inc.
SenseWatch SE Plus Pro,Beryl Hub + Magenta Spark,Ironwood Holdings Inc.
QuantaLink Pro,Umbral Link,Astra Networks Inc.
PhotonSpeaker Edge,Sierra Drive,Arbor Devices Inc.
OpalCharge Lite,Frost Edge,Astra Networks Inc.
PhotonCharge SE Pro,Cinder Flow,Astra Networks Inc.
SlateRouter Gen Max,Magenta Bridge Bridge,Astra Networks Inc.
CitrineRouter Mini Plus Pro,Argo Shield Wave,Astra Networks Inc.
Golden Drive Arc Astra,Golden Drive Arc,Astra Networks Inc.
OpalPad Max Ultra Edge,Coral Stack,Ironwood Holdings Inc.
MiraPad Air,Helio Fabric,Mountain Holdings Inc.
SignalStand,Citrine Wave,Mountain Holdings Inc.
NovaDock Max,Auric Mesh,BlueRiver Works Inc.
NimbusSpeaker Gen Lite,Ember Bridge Stack,Mountain Holdings Inc.
PulseNode Lite Ultra,Cobalt Wave Frame,Crown Industries Inc.
PulseNode Lite Ultra,Cobalt Wave Frame,Crown Industries Inc.
PhotonLink Mini SE,Zen Grid Matrix,BrightWave Technologies Inc.
PulseNode Lite Ultra,Cobalt Wave Frame,Crown Industries Inc.
PulseNode Lite Ultra / CoreBeam Lite Air,Cobalt Wave Frame,Crown Industries Inc.
PulseNode Lite Ultra / CoreBeam Lite Air,Cobalt Wave Frame,Crown Industries Inc.
QuartzWatch Lite,Helio Dock,Nightfall Electronics Inc.
BeamBuds Max Edge,Auric Flow,Nightfall Electronics Inc.
AzureCharge Pro SE,Graphite Engine Bridge,Nightfall Electronics Inc.
QuantaKey Mini,Magenta Shield Mesh,Nightfall Electronics Inc.
SonicSpeaker SE Mini SE,Silver Fabric,Northwind Works Inc.
SonicRouter Mini,Saffron Fabric + Ember Mesh,DeepField Holdings Inc.
HarborCharge Pro,Citrine Link,DeepField Holdings Inc.
AuroraWatch Ultra,Sonic Grid,DeepField Holdings Inc.
CrimsonCam Plus Pro and OpalCase Max Max,Vega Frame + Ivory Module Bridge,DeepField Holdings Inc.
Mint Layer DeepField,Mint Layer,DeepField Holdings Inc.
Orion Pulse Mesh Saffron,Orion Pulse Mesh,Saffron Industries Inc.
HarborStand SE Mini,Pearl Stack; Sol Sense,Mosaic Devices Inc.
SlateStand Mini,Cinder Layer,GoldenGate Electronics Inc.
Auric Sense Copperline,Auric Sense,Copperline Components Inc.
HarborBook Ultra 1TB Refurbished,"Kairo Module, Frost Module, Azure Node, Violet Node",Cinder Networks Inc.
Nova Kernel Cinder,Nova Kernel,Cinder Networks Inc.
OnyxBook Plus and CobaltCam Plus Max,Echo Kernel and Pulse Frame,Nightfall Technologies Inc.
Magenta Kernel 512GB Starter Kit Cinder,Magenta Kernel,Cinder Networks Inc.
Ivory Node Cinder,Ivory Node,Cinder Networks Inc.
Opal Grid Cinder,Opal Grid,Cinder Networks Inc.
EchoDrive Edge,Cerulean Drive,Cinder Networks Inc.
Topaz Hub Cinder,Topaz Hub,Cinder Networks Inc.
Violet Spark Cinder,Violet Spark,Cinder Networks Inc.
Vega Vault Cinder,Vega Vault,Cinder Networks Inc.
Cedar Core Core Cinder,Cedar Core Core,Cinder Networks Inc.
Cedar Core Core 512GB Dual‑SIM Cinder,Cedar Core Core,Cinder Networks Inc.
Argo Node Dock Lumen,Argo Node Dock,Lumen Works Inc.
Astra Beam SilverLine,Astra Beam,SilverLine Holdings Inc.
EchoWatch Max Air and SparkDock,Indigo Core; Citrine Core Dock,Aurora Industries Inc.
Nova Spark Aurora,Nova Spark,Aurora Industries Inc.
Golden Spark Aurora,Golden Spark,Aurora Industries Inc.
Citrine Core Dock Aurora,Citrine Core Dock,Aurora Industries Inc.
Lime Fabric Node Aurora,Lime Fabric Node,Aurora Industries Inc.
SonicWatch Edge Air,Cobalt Matrix Signal,Arbor Devices Inc.
Sonic Node Drive Aurora,Sonic Node Drive,Aurora Industries Inc.
CobaltBuds Gen,Cerulean Sense,Atlas Technologies Inc.
TopazHub Mini Mini SE,Sol Beam,RedStone Electronics Inc.
CatalystSpeaker Mini / SparkKey Plus Plus,Lime Frame,Clearwater Networks Inc.
GoldenSpeaker Mini / EdgeDock and OrionWatch Plus,"Indigo Core, Argo Stack, Sierra Kernel",Highland Group Inc.
CatalystSpeaker Mini / SparkKey Plus Plus,Lime Frame,Clearwater Networks Inc.
CopperSpeaker Mini / AstraPhone Edge / TealBuds Mini SE / IndigoPad Gen / MiraDrive SE / AuroraPad Plus Edge / RubyPhone Mini Mini / ArgoCam SE Gen / OrionPhone Edge / UmberBuds Mini Mini / AzurePhone Mini,Umber Spark,BlueRiver Labs Inc.
CopperSpeaker Mini / AstraPhone Edge / IndigoPad Gen / MiraDrive SE / AuroraPad Plus Edge / RubyPhone Mini Mini / ArgoCam SE Gen / OrionPhone Edge / UmberBuds Mini Mini / AzurePhone Mini,Umber Spark,BlueRiver Labs Inc.
CopperSpeaker Mini / AstraPhone Edge / IndigoPad Gen / MiraDrive SE / AuroraPad Plus Edge / RubyPhone Mini Mini / ArgoCam SE Gen / OrionPhone Edge / UmberBuds Mini Mini / TealBuds Mini SE / AzurePhone Mini,Umber Spark,BlueRiver Labs Inc.
RubySpeaker Mini / SparkDock,Indigo Core,Ironwood Industries Inc.
EchoCam Air / OrionRouter Gen Lite Mini 1TB Dual‑SIM / SolCharge Lite 512GB Dual‑SIM / MiraPhone SE Ultra 128GB Dual‑SIM / PhotonPhone Mini SE Air and CitrinePad Mini Max Ultra 64GB Starter Kit / TopazKey Gen and SilverWatch Air Plus Pro / AuroraBuds Ultra 64GB Dual‑SIM / CrownPhone Plus Max 64GB Refurbished / EdgeSpeaker Gen Max 128GB Bundle / ZenithRouter Lite Mini SE Air 128GB Dual‑SIM / CrimsonBuds Mini Lite Mini / TealCharge SE Air Plus 256GB Dual‑SIM / HarborCase Plus 1TB Dual‑SIM / SparkDock Edge 128GB Starter Kit,Aero Grid Vault,Springboard Systems Inc.
EchoCam Air / OrionRouter Gen Lite Mini 1TB Dual‑SIM / SolCharge Lite 512GB Dual‑SIM / MiraPhone SE Ultra 128GB Dual‑SIM / PhotonPhone Mini SE Air and CitrinePad Mini Max Ultra 64GB Starter Kit / RubyRouter Edge 64GB Bundle / TopazKey Gen and SilverWatch Air Plus Pro / AuroraBuds Ultra 64GB Dual‑SIM / CrownPhone Plus Max 64GB Refurbished / EdgeSpeaker Gen Max 128GB Bundle / ZenithRouter Lite Mini SE Air 128GB Dual‑SIM / CrimsonBuds Mini Lite Mini / TealCharge SE Air Plus 256GB Dual‑SIM / HarborCase Plus 1TB Dual‑SIM / SparkDock Edge 128GB Starter Kit,Aero Grid Vault,Springboard Systems Inc.
GoldenWatch Air / IndigoCharge Lite Mini / PhotonPhone Mini SE Air and QuantaPad Mini Ultra Edge / CrimsonCharge Air / CitrineCase Plus / TopazSpeaker Air and CopperBook Mini Lite / SolSpeaker Lite / OpalHub Air Plus / UmberPhone Lite Edge / TopazKey Gen and QuartzWatch Air Plus Pro / BeamNode Mini Air / VegaCase Plus / TealCharge Air / VegaLink Mini SE / DriveSpeaker Lite / SonicRouter Max / ZenithBuds Ultra / PhotonSpeaker Gen Ultra / SonicRouter Edge / OpalHub Air Plus 64GB Bundle / OpalHub Air Plus 1TB Dual‑SIM / JadeDock Edge / NimbusCam Max Air / SilverKey Plus / NebulaCharge Pro Max Ultra Edge / CoreBook 128GB Refurbished,Vega Beam,Lighthouse Technologies Inc.
SignalWatch Air 256GB Starter Kit / MintCharge Air Plus Pro 256GB Refurbished / SenseLink Air Mini / CoreBeam Lite 128GB Bundle / SenseLink Air Mini 256GB Starter Kit,Topaz Vault,Nebula Devices Inc.
CatalystWatch Air / AuroraRouter Edge / CrownBeam Mini Gen / UmberSpeaker Ultra SE 128GB Starter Kit / PhotonPhone Mini SE Air and ArgoPad Mini Gen Lite / SolRouter Edge / TopazSpeaker Air and SilverBook Mini Mini / SenseKey Plus / GlacierCharge Gen Lite Mini / AtlasLink Mini Pro / TerraBuds Ultra / SonicLink Mini Plus / TopazKey Gen and AuroraWatch Mini SE Air / GlacierWatch Air Mini / AstraCharge Lite / SlateSpeaker Gen Mini / SummitSpeaker Lite / GoldenDock Edge / RubyCase Plus,Umber Flex,Astra Electronics Inc.
CatalystWatch Air / AuroraRouter Edge / CrownBeam Mini Gen / UmberSpeaker Ultra SE 128GB Starter Kit / PhotonPhone Mini SE Air and ArgoPad Mini Gen Lite / SolRouter Edge / TopazSpeaker Air and SilverBook Mini Mini / SenseKey Plus / GlacierCharge Gen Lite Mini / AtlasLink Mini Pro / TerraBuds Ultra / SonicLink Mini Plus / TopazKey Gen and AuroraWatch Mini SE Air / GlacierWatch Air Mini / AstraCharge Lite / SlateSpeaker Gen Mini / SlateBook Gen Air / SummitSpeaker Lite / GoldenDock Edge / RubyCase Plus,Umber Flex,Astra Electronics Inc.
CatalystWatch Air / AuroraRouter Edge / UmberCharge Lite SE / CrownBeam Mini Gen / UmberSpeaker Ultra SE 128GB Starter Kit / PhotonPhone Mini SE Air and ArgoPad Mini Gen Lite / SolRouter Edge / TopazSpeaker Air and SilverBook Mini Mini / EdgeKey Lite / SenseKey Plus / GlacierCharge Gen Lite Mini / AtlasLink Mini Pro / TerraBuds Ultra / SonicLink Mini Plus / SummitSpeaker Lite / TopazKey Gen and AuroraWatch Mini SE Air / GlacierWatch Air Mini / AstraCharge Lite / SlateSpeaker Gen Mini / SlateBook Gen Air / GoldenDock Edge / RubyCase Plus,Umber Flex,Astra Electronics Inc.
CatalystWatch Air / AuroraRouter Edge / UmberCharge Lite SE / CrownBeam Mini Gen / UmberSpeaker Ultra SE 128GB Starter Kit / PhotonPhone Mini SE Air and ArgoPad Mini Gen Lite / SolRouter Edge / TopazSpeaker Air and SilverBook Mini Mini / EdgeKey Lite / SenseKey Plus / GlacierCharge Gen Lite Mini / AtlasLink Mini Pro / TerraBuds Ultra / SonicLink Mini Plus / TopazKey Gen and AuroraWatch Mini SE Air / GlacierWatch Air Mini / AstraCharge Lite / SlateSpeaker Gen Mini / SlateBook Gen Air / SummitSpeaker Lite / GoldenDock Edge / RubyCase Plus,Umber Flex,Astra Electronics Inc.
CatalystWatch Air / AuroraRouter Edge / UmberCharge Lite SE / CrownBeam Mini Gen / UmberSpeaker Ultra SE 128GB Starter Kit / PhotonPhone Mini SE Air and ArgoPad Mini Gen Lite / SolRouter Edge / TopazSpeaker Air and SilverBook Mini Mini / SenseKey Plus / GlacierCharge Gen Lite Mini / AtlasLink Mini Pro / TerraBuds Ultra / SonicLink Mini Plus / TopazKey Gen and AuroraWatch Mini SE Air / GlacierWatch Air Mini / AstraCharge Lite / SlateSpeaker Gen Mini / SlateBook Gen Air / SummitSpeaker Lite / GoldenDock Edge / RubyCase Plus,Umber Flex,Astra Electronics Inc.
CatalystWatch Air / AuroraRouter Edge / UmberCharge Lite SE / CrownBeam Mini Gen / PhotonPhone Mini SE Air and ArgoPad Mini Gen Lite / SolRouter Edge / TopazSpeaker Air and SilverBook Mini Mini / EdgeKey Lite / SenseKey Plus / GlacierCharge Gen Lite Mini / AtlasLink Mini Pro / TerraBuds Ultra / SonicLink Mini Plus / SummitSpeaker Lite / TopazKey Gen and AuroraWatch Mini SE Air / GlacierWatch Air Mini / AstraCharge Lite / SlateSpeaker Gen Mini / SlateBook Gen Air / GoldenDock Edge / RubyCase Plus,Umber Flex,Astra Electronics Inc.
DriveWatch Air / OnyxRouter Edge / PhotonPhone Mini SE Air and PearlPad Mini Mini SE,Lime Frame,Crown Holdings Inc.
DriveWatch Air / OnyxRouter Edge / PhotonPhone Mini SE Air and PearlPad Mini Mini SE / PearlWatch Air Plus,Lime Frame,Crown Holdings Inc.
DriveWatch Air / OnyxRouter Edge / SparkKey Plus Plus / PhotonPhone Mini SE Air and PearlPad Mini Mini SE / PearlWatch Air Plus,Lime Frame,Crown Holdings Inc.
Mint Bridge Starlight,Mint Bridge,Starlight Systems Inc.
Sierra Bridge Meadow,Sierra Bridge,Meadow Labs Inc.
Coda Engine Arbor,Coda Engine,Arbor Industries Inc.
Sierra Bridge Orion,Sierra Bridge,Orion Manufacturing Inc.
Ivory Sync Mosaic,Ivory Sync,Mosaic Systems Inc.
Coda Module and Magenta Link,Coda Module and Magenta Link,Harbor Devices Inc.
Coda Module Copperline,Coda Module,Copperline Devices Inc.
Graphite Core Cinder,Graphite Core,Cinder Electronics Inc.
Silver Stack Cinder,Silver Stack,Cinder Electronics Inc.
KairoCharge Air and ArgoCharge Air,Magenta Fabric and Terra Matrix,Cinder Electronics Inc.
Sol Link Cinder,Sol Link,Cinder Electronics Inc.
ArgoDrive Mini SE Air / SolBuds Plus Edge,Coda Wave & Zen Arc & Ivory Bridge Flex & Maple Drive Edge,Cinder Electronics Inc.
Kairo Grid Cinder,Kairo Grid,Cinder Electronics Inc.
Frost Signal Cinder,Frost Signal,Cinder Electronics Inc.
Quartz Shield Cinder,Quartz Shield,Cinder Electronics Inc.
Ivory Drive Cinder,Ivory Drive,Cinder Electronics Inc.
FlexKey Mini SE,Crimson Sense,Cinder Electronics Inc.
Sable Mesh Cinder,Sable Mesh,Cinder Electronics Inc.
AstraWatch Pro Max,Helio Beam,Astra Works Inc.
CrimsonRouter Mini Ultra Edge,Ruby Sync,BlueRiver Networks Inc.
Cobalt Spark Cinder,Cobalt Spark,Cinder Electronics Inc.
TealKey Ultra Max,Ember Vault,Cinder Electronics Inc.
Coral Vault Cinder,Coral Vault,Cinder Electronics Inc.
Kairo Layer Cinder,Kairo Layer,Cinder Electronics Inc.
Teal Layer Cinder,Teal Layer,Cinder Electronics Inc.
Azure Core Arc Cinder,Azure Core Arc,Cinder Electronics Inc.
Umbral Stack Signal Cinder,Umbral Stack Signal & Quanta Grid & Cobalt Vector,Cinder Electronics Inc.
GraphiteCam Gen Plus,Slate Bridge Spark,Cinder Electronics Inc.
Ruby Link Vault Cinder,Ruby Link Vault & Quanta Grid & Crimson Module & Cobalt Vector & Onyx Vector,Cinder Electronics Inc.
Slate Grid Pulse Cinder,Slate Grid Pulse,Cinder Electronics Inc.
Quanta Shield Core Cinder,Quanta Shield Core,Cinder Electronics Inc.
Maple Drive Edge Cinder,Maple Drive Edge,Cinder Electronics Inc.
Helio Module Catalyst,Helio Module,Catalyst Components Inc.
Umber Kernel Catalyst,Umber Kernel,Catalyst Components Inc.
Slate Hub Catalyst,Slate Hub,Catalyst Components Inc.
KairoCharge Air and ArgoCharge Air / JadeSpeaker Air 64GB Starter Kit,Magenta Fabric; Terra Matrix,Cinder Electronics Inc.
LumenCase Plus / OnyxWatch Air / JadeCam Mini / JadeSpeaker Gen Lite Mini / SaffronCam Mini / PhotonBook Ultra / OnyxCam Mini / MiraBook 128GB Dual‑SIM,Aero Link,SilverLine Group Inc.
"VegaCase Plus / ZenithBuds Ultra / UmberPhone Lite Edge / AzurePad Plus Pro / BeamNode Mini Air / NebulaCharge Pro Max Ultra Edge / SolSpeaker Lite / PhotonPhone Mini SE Air and QuantaPad Mini Ultra Edge / ArgoLink Mini Air / DriveSpeaker Lite / PhotonSpeaker Gen Ultra / OpalHub Air Plus / SonicRouter Edge / AzurePad Plus Pro, SolKey Lite Mini SE Air / AzurePad Plus Pro, BridgeLink Max / OpalHub Air Plus 128GB Refurbished / GoldenWatch Air / OpalHub Air Plus 1TB Starter Kit",Vega Beam,Aurora Holdings Inc.
"VegaCase Plus / ZenithBuds Ultra / UmberPhone Lite Edge / AzurePad Plus Pro / BeamNode Mini Air / NebulaCharge Pro Max Ultra Edge / SolSpeaker Lite / PhotonPhone Mini SE Air and QuantaPad Mini Ultra Edge / ArgoLink Mini Air / DriveSpeaker Lite / PhotonSpeaker Gen Ultra / OpalHub Air Plus / SonicRouter Edge / AzurePad Plus Pro, SolKey Lite Mini SE Air / AzurePad Plus Pro, BridgeLink Max / OpalHub Air Plus 128GB Refurbished / GoldenWatch Air / OpalHub Air Plus 1TB Starter Kit",Vega Beam,Aurora Holdings Inc.
"VegaCase Plus / ZenithBuds Ultra / UmberPhone Lite Edge / AzurePad Plus Pro / BeamNode Mini Air / NebulaCharge Pro Max Ultra Edge / SolSpeaker Lite / PhotonPhone Mini SE Air and QuantaPad Mini Ultra Edge / ArgoLink Mini Air / DriveSpeaker Lite / PhotonSpeaker Gen Ultra / OpalHub Air Plus / SonicRouter Edge / AzurePad Plus Pro, SolKey Lite Mini SE Air / AzurePad Plus Pro, BridgeLink Max / OpalHub Air Plus 128GB Refurbished / GoldenWatch Air / OpalHub Air Plus 1TB Starter Kit",Vega Beam,Aurora Holdings Inc.
"VegaCase Plus / ZenithBuds Ultra / UmberPhone Lite Edge / AzurePad Plus Pro / NebulaCharge Pro Max Ultra Edge / SolSpeaker Lite / PhotonPhone Mini SE Air and QuantaPad Mini Ultra Edge / ArgoLink Mini Air / DriveSpeaker Lite / PhotonSpeaker Gen Ultra / OpalHub Air Plus / SonicRouter Edge / AzurePad Plus Pro, SolKey Lite Mini SE Air / AzurePad Plus Pro, BridgeLink Max / OpalHub Air Plus 128GB Refurbished / GoldenWatch Air / OpalHub Air Plus 1TB Starter Kit",Vega Beam,Aurora Holdings Inc.
KairoCase Plus / DriveCam Plus Pro / PhotonPhone Mini SE Air and GlacierPad Mini Edge Gen / SenseSpeaker Pro Max Ultra Edge / LyraCharge Lite / EdgeWatch Air / SignalDock Edge / VegaBuds Ultra,Golden Grid + Lyra Frame,Atlas Manufacturing Inc.
KairoCase Plus / DriveCam Plus Pro / PhotonPhone Mini SE Air and GlacierPad Mini Edge Gen / SenseSpeaker Pro Max Ultra Edge / LyraCharge Lite / EdgeWatch Air / SignalDock Edge / VegaBuds Ultra,Golden Grid and Lyra Frame,Atlas Manufacturing Inc.
AuroraCase Plus / SparkKey Plus Plus / GlacierLink Mini SE 64GB Refurbished / OnyxRouter Edge / PhotonPhone Mini SE Air and CobaltPad Mini Lite Mini / CitrineCharge Ultra Edge Gen / ZenithCase Air / WaveSpeaker Gen Plus / DriveWatch Air / TopazSpeaker Air and VectorBook Mini Pro / PhotonPhone Mini SE Air and NebulaPad Mini Plus Pro / TopazKey Gen and TealWatch Lite Mini SE Air / CodaCharge Lite / PhotonPhone Mini SE Air and EchoPad Mini Max Ultra / SonicBuds Ultra / PearlWatch Air Plus / PhotonPhone Mini SE Air and OrionPad Mini Gen Lite / PhotonPhone Mini SE Air and LumenPad Mini Edge Gen,Lime Frame,Evergreen Devices Inc.
AuroraCase Plus / SparkKey Plus Plus / GlacierLink Mini SE 64GB Refurbished / OnyxRouter Edge / PhotonPhone Mini SE Air and CobaltPad Mini Lite Mini / CitrineCharge Ultra Edge Gen / ZenithCase Air / WaveSpeaker Gen Plus / DriveWatch Air / JadeCharge Lite Max / TopazSpeaker Air and VectorBook Mini Pro / PhotonPhone Mini SE Air and NebulaPad Mini Plus Pro / TopazKey Gen and TealWatch Lite Mini SE Air / CodaCharge Lite / PhotonPhone Mini SE Air and EchoPad Mini Max Ultra / SonicBuds Ultra / PearlWatch Air Plus / PhotonPhone Mini SE Air and OrionPad Mini Gen Lite / PhotonPhone Mini SE Air and LumenPad Mini Edge Gen,Lime Frame,Evergreen Devices Inc.
Quanta Engine Clearwater,Quanta Engine,Clearwater Electronics Inc.
OnyxWatch 128GB Dual‑SIM / NimbusCam Max Air / KairoCase Lite / TopazNode SE Air Plus 512GB Refurbished and ZenithCam Max SE / NovaCharge SE / SparkDock / GraphiteWatch and ZenithCam Max SE / PearlWatch 128GB Refurbished / MiraPad Edge / SilverWatch / SenseDock / SlateNode Mini SE Air 256GB Refurbished / DriveSpeaker SE / SignalBuds Plus Ultra / SonicRouter Ultra 1TB Refurbished / SonicBook Air Mini / AstraCharge SE,Indigo Core,BlueRiver Works Inc.
OnyxWatch 128GB Dual‑SIM / NimbusCam Max Air / KairoCase Lite / TopazNode SE Air Plus 512GB Refurbished and ZenithCam Max SE / NovaCharge SE / SparkDock / CodaCam Max Edge / GraphiteWatch and ZenithCam Max SE / PearlWatch 128GB Refurbished / MiraPad Edge / SilverWatch / SenseDock / SlateNode Mini SE Air 256GB Refurbished / DriveSpeaker SE / SignalBuds Plus Ultra / SonicRouter Ultra 1TB Refurbished / SonicBook Air Mini / AstraCharge SE,Indigo Core,BlueRiver Works Inc.
OnyxWatch 128GB Dual‑SIM / NimbusCam Max Air / KairoCase Lite / TopazNode SE Air Plus 512GB Refurbished and ZenithCam Max SE / NovaCharge SE / SparkDock / CodaCam Max Edge / GraphiteWatch and ZenithCam Max SE / PearlWatch 128GB Refurbished / MiraPad Edge / SilverWatch / SenseDock / SlateNode Mini SE Air 256GB Refurbished / DriveSpeaker SE / SignalBuds Plus Ultra / SonicRouter Ultra 1TB Refurbished / SonicBook Air Mini / AstraCharge SE,Indigo Core,BlueRiver Works Inc.
OnyxWatch 128GB Dual‑SIM / NimbusCam Max Air / KairoCase Lite / TopazNode SE Air Plus 512GB Refurbished and ZenithCam Max SE / NovaCharge SE / SparkDock / CodaCam Max Edge / GraphiteWatch and ZenithCam Max SE / PearlWatch 128GB Refurbished / MiraPad Edge / SilverWatch / SenseDock / SlateNode Mini SE Air 256GB Refurbished / SignalBuds Plus Ultra / SonicRouter Ultra 1TB Refurbished / DriveSpeaker SE / SonicBook Air Mini / AstraCharge SE,Indigo Core,BlueRiver Works Inc.
SolSpeaker Lite / GoldenWatch Air / IndigoCharge Lite Mini / PhotonPhone Mini SE Air and QuantaPad Mini Ultra Edge / CrimsonCharge Air / CitrineCase Plus / TopazSpeaker Air and CopperBook Mini Lite / OpalHub Air Plus / UmberPhone Lite Edge / TopazKey Gen and QuartzWatch Air Plus Pro / BeamNode Mini Air / VegaCase Plus / TealCharge Air / VegaLink Mini SE / DriveSpeaker Lite / SonicRouter Max / JadeDock Edge / ZenithBuds Ultra / PhotonSpeaker Gen Ultra / SonicRouter Edge / OpalHub Air Plus 64GB Bundle / OpalHub Air Plus 1TB Dual‑SIM / NimbusCam Max Air / NebulaCharge Pro Max Ultra Edge / SilverKey Plus / CoreBook 128GB Refurbished,Vega Beam,Astra Technologies Inc.
SolSpeaker Lite / GoldenWatch Air / IndigoCharge Lite Mini / PhotonPhone Mini SE Air and QuantaPad Mini Ultra Edge / CrimsonCharge Air / CitrineCase Plus / TopazSpeaker Air and CopperBook Mini Lite / OpalHub Air Plus / UmberPhone Lite Edge / TopazKey Gen and QuartzWatch Air Plus Pro / BeamNode Mini Air / VegaCase Plus / TealCharge Air / VegaLink Mini SE / DriveSpeaker Lite / SonicRouter Max / JadeDock Edge / ZenithBuds Ultra / PhotonSpeaker Gen Ultra / SonicRouter Edge / OpalHub Air Plus 64GB Bundle / OpalHub Air Plus 1TB Dual‑SIM / NimbusCam Max Air / NebulaCharge Pro Max Ultra Edge / SilverKey Plus / CoreBook 128GB Refurbished,Vega Beam,Astra Technologies Inc.
SolSpeaker Lite / GoldenWatch Air / IndigoCharge Lite Mini / PhotonPhone Mini SE Air and QuantaPad Mini Ultra Edge / CrimsonCharge Air / CitrineCase Plus / TopazSpeaker Air and CopperBook Mini Lite / OpalHub Air Plus / UmberPhone Lite Edge / BeamNode Mini Air / VegaCase Plus / TealCharge Air / VegaLink Mini SE / DriveSpeaker Lite / SonicRouter Max / JadeDock Edge / ZenithBuds Ultra / PhotonSpeaker Gen Ultra / SonicRouter Edge / OpalHub Air Plus 64GB Bundle / OpalHub Air Plus 1TB Dual‑SIM / TopazKey Gen and QuartzWatch Air Plus Pro / NimbusCam Max Air / NebulaCharge Pro Max Ultra Edge / SilverKey Plus / CoreBook 128GB Refurbished,Vega Beam,Astra Technologies Inc.
SolSpeaker Lite / GoldenWatch Air / IndigoCharge Lite Mini / PhotonPhone Mini SE Air and QuantaPad Mini Ultra Edge / CrimsonCharge Air / CitrineCase Plus / TopazSpeaker Air and CopperBook Mini Lite / OpalHub Air Plus / UmberPhone Lite Edge / TopazKey Gen and QuartzWatch Air Plus Pro / BeamNode Mini Air / VegaCase Plus / TealCharge Air / VegaLink Mini SE / DriveSpeaker Lite / SonicRouter Max / JadeDock Edge / ZenithBuds Ultra / PhotonSpeaker Gen Ultra / SonicRouter Edge / OpalHub Air Plus 64GB Bundle / OpalHub Air Plus 1TB Dual‑SIM / NimbusCam Max Air / SummitCharge Lite / NebulaCharge Pro Max Ultra Edge / SilverKey Plus / CoreBook 128GB Refurbished,Vega Beam,Astra Technologies Inc.
SolSpeaker Lite / GoldenWatch Air / IndigoCharge Lite Mini / PhotonPhone Mini SE Air and QuantaPad Mini Ultra Edge / CrimsonCharge Air / CitrineCase Plus / TopazSpeaker Air and CopperBook Mini Lite / OpalHub Air Plus / UmberPhone Lite Edge / TopazKey Gen and QuartzWatch Air Plus Pro / BeamNode Mini Air / TealCharge Air / VegaLink Mini SE / DriveSpeaker Lite / SonicRouter Max / JadeDock Edge / ZenithBuds Ultra / PhotonSpeaker Gen Ultra / SonicRouter Edge / OpalHub Air Plus 64GB Bundle / OpalHub Air Plus 1TB Dual‑SIM / NimbusCam Max Air / NebulaCharge Pro Max Ultra Edge / SilverKey Plus / CoreBook 128GB Refurbished,Vega Beam,Astra Technologies Inc.
SolSpeaker Lite / GoldenWatch Air / IndigoCharge Lite Mini / PhotonPhone Mini SE Air and QuantaPad Mini Ultra Edge / CrimsonCharge Air / CitrineCase Plus / TopazSpeaker Air and CopperBook Mini Lite / OpalHub Air Plus / UmberPhone Lite Edge / TopazKey Gen and QuartzWatch Air Plus Pro / VegaCase Plus / TealCharge Air / VegaLink Mini SE / DriveSpeaker Lite / SonicRouter Max / JadeDock Edge / ZenithBuds Ultra / PhotonSpeaker Gen Ultra / SonicRouter Edge / OpalHub Air Plus 64GB Bundle / OpalHub Air Plus 1TB Dual‑SIM / NimbusCam Max Air / NebulaCharge Pro Max Ultra Edge / SilverKey Plus / BeamNode Mini Air / CoreBook 128GB Refurbished,Vega Beam,Astra Technologies Inc.
SolSpeaker Lite / GoldenWatch Air / IndigoCharge Lite Mini / PhotonPhone Mini SE Air and QuantaPad Mini Ultra Edge / CrimsonCharge Air / CitrineCase Plus / TopazSpeaker Air and CopperBook Mini Lite / OpalHub Air Plus / UmberPhone Lite Edge / TopazKey Gen and QuartzWatch Air Plus Pro / BeamNode Mini Air / VegaCase Plus / TealCharge Air / VegaLink Mini SE / DriveSpeaker Lite / SonicRouter Max / JadeDock Edge / ZenithBuds Ultra / PhotonSpeaker Gen Ultra / SonicRouter Edge / OpalHub Air Plus 64GB Bundle / OpalHub Air Plus 1TB Dual‑SIM / NimbusCam Max Air / NebulaCharge Pro Max Ultra Edge / CoreBook 128GB Refurbished,Vega Beam,Astra Technologies Inc.
SolSpeaker Lite / GoldenWatch Air / IndigoCharge Lite Mini / PhotonPhone Mini SE Air and QuantaPad Mini Ultra Edge / CrimsonCharge Air / CitrineCase Plus / TopazSpeaker Air and CopperBook Mini Lite / OpalHub Air Plus / UmberPhone Lite Edge / TopazKey Gen and QuartzWatch Air Plus Pro / BeamNode Mini Air / VegaCase Plus / TealCharge Air / VegaLink Mini SE / DriveSpeaker Lite / SonicRouter Max / JadeDock Edge / ZenithBuds Ultra / PhotonSpeaker Gen Ultra / SonicRouter Edge / OpalHub Air Plus 64GB Bundle / OpalHub Air Plus 1TB Dual‑SIM / NimbusCam Max Air / NebulaCharge Pro Max Ultra Edge / SilverKey Plus / CoreBook 128GB Refurbished,Vega Beam,Astra Technologies Inc.
Saffron Dock and Ruby Fabric Link,Saffron Dock + Ruby Fabric Link,Highland Components Inc.
AstraBuds Pro / OnyxCam Mini / MiraBook 128GB Dual‑SIM / SaffronCam Mini / JadeCam Mini,Aero Link,Glacier Manufacturing Inc.
CitrineSpeaker Lite / CrownLink Mini Mini / TopazKey Gen and MintWatch Mini SE Air / IndigoSpeaker Lite / QuantaCharge Lite / SenseWatch Air / SolSpeaker Pro Gen / TopazSpeaker Air and SignalBook Mini Ultra / PhotonPhone Mini SE Air and OpalPad Mini Plus Pro / OpalRouter Edge / AtlasBuds Ultra / IndigoCharge Gen Lite Mini / SummitCase Plus / FlexDock Edge / LyraPhone SE Max / JadePhone Lite Mini SE / TopazRouter Edge / AzureCase Plus / SlateWatch Air Pro / SilverNode Edge Lite / LyraNode Mini Mini SE / CrimsonCharge Lite Mini SE Air / QuantaBook 128GB Refurbished / BridgeKey Plus / BeamSpeaker Gen Pro / CoreStand Edge / VegaCharge Lite,Sonic Core Mesh,Lumen Electronics Inc.
CitrineSpeaker Lite / CrownLink Mini Mini / TopazKey Gen and MintWatch Mini SE Air / IndigoSpeaker Lite / QuantaCharge Lite / SenseWatch Air / SolSpeaker Pro Gen / TopazSpeaker Air and SignalBook Mini Ultra / PhotonPhone Mini SE Air and OpalPad Mini Plus Pro / OpalRouter Edge / AtlasBuds Ultra / IndigoCharge Gen Lite Mini / SummitCase Plus / FlexDock Edge / LyraPhone SE Max / JadePhone Lite Mini SE / TopazRouter Edge / AzureCase Plus / SlateWatch Air Pro / SilverNode Edge Lite / CrimsonCharge Lite Mini SE Air / QuantaBook 128GB Refurbished / BridgeKey Plus / BeamSpeaker Gen Pro / CoreStand Edge / VegaCharge Lite,Sonic Core Mesh,Lumen Electronics Inc.
Topaz Sense Sunpeak,Topaz Sense,Sunpeak Holdings Inc.
NimbusSpeaker Lite / PhotonStand Mini / OrionCharge Lite Mini SE Air / CopperSpeaker Lite / GoldenNode Mini Air / BridgeWatch Air / BeamKey Air Plus / TopazKey Gen and GlacierWatch Max Ultra Edge / SignalBook Ultra / TopazSpeaker Air and CrimsonBook Mini Plus / PhotonPhone Mini SE Air and FlexPhone Mini Edge Gen / CodaCase Plus,Sol Flow,BrightWave Labs Inc.
NimbusSpeaker Lite / PhotonStand Mini / OrionCharge Lite Mini SE Air / CopperSpeaker Lite / PearlLink Edge Gen / GoldenNode Mini Air / BridgeWatch Air / BeamKey Air Plus / TopazKey Gen and GlacierWatch Max Ultra Edge / SignalBook Ultra / TopazSpeaker Air and CrimsonBook Mini Plus / PearlCharge Lite Plus / CodaCase Plus / NebulaCharge Lite,Sol Flow,BrightWave Labs Inc.
NimbusSpeaker Lite / PhotonStand Mini / OrionCharge Lite Mini SE Air / CopperSpeaker Lite / PearlLink Edge Gen / GoldenNode Mini Air / BridgeWatch Air / BeamKey Air Plus / TopazKey Gen and GlacierWatch Max Ultra Edge / SignalBook Ultra / TopazSpeaker Air and CrimsonBook Mini Plus / PhotonPhone Mini SE Air and FlexPhone Mini Edge Gen / PearlCharge Lite Plus / CodaCase Plus / NebulaCharge Lite,Sol Flow,BrightWave Labs Inc.
NimbusSpeaker Lite / PhotonStand Mini / OrionCharge Lite Mini SE Air / CopperSpeaker Lite / PearlLink Edge Gen / GoldenNode Mini Air / BridgeWatch Air / BeamKey Air Plus / TopazKey Gen and GlacierWatch Max Ultra Edge / SignalBook Ultra / TopazSpeaker Air and CrimsonBook Mini Plus / PhotonPhone Mini SE Air and FlexPhone Mini Edge Gen / CodaCase Plus,Sol Flow,BrightWave Labs Inc.
HarborSpeaker Lite / OrionCharge Lite / SaffronCharge Lite Mini SE Air,Maple Module Arc,EchoLabs Devices Inc.
HarborSpeaker Lite / OrionCharge Lite / CobaltHub SE Pro / SaffronCharge Lite Mini SE Air,Maple Module Arc,EchoLabs Devices Inc.
Topaz Sense and Ruby Fabric Link,Topaz Sense and Ruby Fabric Link,Clearwater Technologies Inc.
Nimbus Frame DeepField,Nimbus Frame,DeepField Components Inc.
CitrineSpeaker Lite / AtlasBuds Ultra / CrownLink Mini Mini / SolSpeaker Pro Gen / TopazKey Gen and MintWatch Mini SE Air / IndigoSpeaker Lite / QuantaCharge Lite / SenseWatch Air / TopazSpeaker Air and SignalBook Mini Ultra / BeamSpeaker Gen Pro / PhotonPhone Mini SE Air and OpalPad Mini Plus Pro / OpalRouter Edge / IndigoCharge Gen Lite Mini / SummitCase Plus / FlexDock Edge / LyraPhone SE Max / JadePhone Lite Mini SE / TopazRouter Edge / AzureCase Plus / SlateWatch Air Pro / SilverNode Edge Lite / LyraNode Mini Mini SE / CrimsonCharge Lite Mini SE Air / QuantaBook 128GB Refurbished / BridgeKey Plus / CoreStand Edge / VegaCharge Lite,Sonic Core Mesh,Lumen Electronics Inc.
CitrineSpeaker Lite / AtlasBuds Ultra / CrownLink Mini Mini / SolSpeaker Pro Gen / TopazKey Gen and MintWatch Mini SE Air / IndigoSpeaker Lite / QuantaCharge Lite / SenseWatch Air / TopazSpeaker Air and SignalBook Mini Ultra / BeamSpeaker Gen Pro / PhotonPhone Mini SE Air and OpalPad Mini Plus Pro / OpalRouter Edge / IndigoCharge Gen Lite Mini / SummitCase Plus / FlexDock Edge / LyraPhone SE Max / JadePhone Lite Mini SE / TopazRouter Edge / AzureCase Plus / SlateWatch Air Pro / SilverNode Edge Lite / LyraNode Mini Mini SE / CrimsonCharge Lite Mini SE Air / QuantaBook 128GB Refurbished / BridgeKey Plus / CoreStand Edge / VegaCharge Lite,Sonic Core Mesh,Lumen Electronics Inc.
CitrineSpeaker Lite / AtlasBuds Ultra / CrownLink Mini Mini / SolSpeaker Pro Gen / TopazKey Gen and MintWatch Mini SE Air / IndigoSpeaker Lite / QuantaCharge Lite / SenseWatch Air / TopazSpeaker Air and SignalBook Mini Ultra / BeamSpeaker Gen Pro / PhotonPhone Mini SE Air and OpalPad Mini Plus Pro / OpalRouter Edge / IndigoCharge Gen Lite Mini / SummitCase Plus / FlexDock Edge / LyraPhone SE Max / JadePhone Lite Mini SE / TopazRouter Edge / AzureCase Plus / SlateWatch Air Pro / SilverNode Edge Lite / LyraNode Mini Mini SE / CrimsonCharge Lite Mini SE Air / QuantaBook 128GB Refurbished / BridgeKey Plus / CoreStand Edge / VegaCharge Lite,Sonic Core Mesh,Lumen Electronics Inc.
GraphiteCam Plus Air / SignalCam Plus Edge / SignalKey Mini / PhotonCam Plus Plus and VectorBuds Plus Pro / CodaDock Gen / PulseDock Gen / SlateCam Mini and SignalBuds Plus Ultra / PulseBook Air and VectorBuds Plus Pro / CoreHub Gen / BridgeCam Plus Ultra,Lyra Frame,Arbor Holdings Inc.
GraphiteCam Plus Air / SignalCam Plus Edge / SignalKey Mini / PhotonCam Plus Plus and VectorBuds Plus Pro / CodaDock Gen / PulseDock Gen / TopazCam Mini / SlateCam Mini and SignalBuds Plus Ultra / PulseBook Air and VectorBuds Plus Pro / CoreHub Gen / BridgeCam Plus Ultra,Lyra Frame,Arbor Holdings Inc.
GraphiteCam Plus Air / SignalCam Plus Edge / SignalKey Mini / PhotonCam Plus Plus and VectorBuds Plus Pro / CodaDock Gen / TopazCam Mini / PulseDock Gen / SlateCam Mini and SignalBuds Plus Ultra / PulseBook Air and VectorBuds Plus Pro / CoreHub Gen / BridgeCam Plus Ultra,Lyra Frame,Arbor Holdings Inc.
GraphiteCam Plus Air / SignalCam Plus Edge / SignalKey Mini / PhotonCam Plus Plus and VectorBuds Plus Pro / CodaDock Gen / TopazCam Mini / PulseDock Gen / SlateCam Mini and SignalBuds Plus Ultra / PulseBook Air and VectorBuds Plus Pro / CoreHub Gen / BridgeCam Plus Ultra,Lyra Frame,Arbor Holdings Inc.
GraphiteCam Plus Air / SignalCam Plus Edge / SignalKey Mini / PhotonCam Plus Plus and VectorBuds Plus Pro / EchoPhone 256GB Refurbished/SonicWatch 512GB Bundle / CodaDock Gen / TopazCam Mini / PulseDock Gen / SlateCam Mini and SignalBuds Plus Ultra / PulseBook Air and VectorBuds Plus Pro / CoreHub Gen / BridgeCam Plus Ultra,Lyra Frame,Arbor Holdings Inc.
OnyxWatch 128GB Dual‑SIM / DriveSpeaker SE / NimbusCam Max Air / KairoCase Lite / TopazNode SE Air Plus 512GB Refurbished and ZenithCam Max SE / NovaCharge SE / SparkDock / CodaCam Max Edge / GraphiteWatch and ZenithCam Max SE / PearlWatch 128GB Refurbished / MiraPad Edge / SilverWatch / SenseDock / SlateNode Mini SE Air 256GB Refurbished / SignalBuds Plus Ultra / SonicRouter Ultra 1TB Refurbished / SonicBook Air Mini / AstraCharge SE,Indigo Core,BlueRiver Works Inc.
OnyxWatch 128GB Dual‑SIM / DriveSpeaker SE / NimbusCam Max Air / KairoCase Lite / TopazNode SE Air Plus 512GB Refurbished and ZenithCam Max SE / NovaCharge SE / SparkDock / CodaCam Max Edge / GraphiteWatch and ZenithCam Max SE / PearlWatch 128GB Refurbished / MiraPad Edge / SilverWatch / SenseDock / SlateNode Mini SE Air 256GB Refurbished / SignalBuds Plus Ultra / SonicRouter Ultra 1TB Refurbished / SonicBook Air Mini / AstraCharge SE,Indigo Core,BlueRiver Works Inc.
CitrineSpeaker Lite / AtlasBuds Ultra / CrownLink Mini Mini / SolSpeaker Pro Gen / TopazKey Gen and MintWatch Mini SE Air / IndigoSpeaker Lite / QuantaCharge Lite / SenseWatch Air / TopazSpeaker Air and SignalBook Mini Ultra / BeamSpeaker Gen Pro / PhotonPhone Mini SE Air and OpalPad Mini Plus Pro / OpalRouter Edge / IndigoCharge Gen Lite Mini / SummitCase Plus / FlexDock Edge / LyraPhone SE Max / JadePhone Lite Mini SE / TopazRouter Edge / AzureCase Plus / SlateWatch Air Pro / SilverNode Edge Lite / LyraNode Mini Mini SE / CrimsonCharge Lite Mini SE Air / QuantaBook 128GB Refurbished / BridgeKey Plus / CoreStand Edge / VegaCharge Lite,Sonic Core Mesh,Lumen Electronics Inc.
CitrineSpeaker Lite / AtlasBuds Ultra / CrownLink Mini Mini / SolSpeaker Pro Gen / TopazKey Gen and MintWatch Mini SE Air / CrimsonCharge Lite Mini SE Air / IndigoSpeaker Lite / QuantaCharge Lite / SenseWatch Air / TopazSpeaker Air and SignalBook Mini Ultra / BeamSpeaker Gen Pro / PhotonPhone Mini SE Air and OpalPad Mini Plus Pro / OpalRouter Edge / IndigoCharge Gen Lite Mini / SummitCase Plus / FlexDock Edge / LyraPhone SE Max / JadePhone Lite Mini SE / TopazRouter Edge / AzureCase Plus / SlateWatch Air Pro / SilverNode Edge Lite / LyraNode Mini Mini SE / QuantaBook 128GB Refurbished / BridgeKey Plus / CoreStand Edge / VegaCharge Lite,Sonic Core Mesh,Lumen Electronics Inc.
CitrineSpeaker Lite / AtlasBuds Ultra / CrownLink Mini Mini / SolSpeaker Pro Gen / TopazKey Gen and MintWatch Mini SE Air / CrimsonCharge Lite Mini SE Air / IndigoSpeaker Lite / QuantaCharge Lite / SenseWatch Air / TopazSpeaker Air and SignalBook Mini Ultra / BeamSpeaker Gen Pro / PhotonPhone Mini SE Air and OpalPad Mini Plus Pro / OpalRouter Edge / IndigoCharge Gen Lite Mini / SummitCase Plus / FlexDock Edge / LyraPhone SE Max / JadePhone Lite Mini SE / TopazRouter Edge / AzureCase Plus / SlateWatch Air Pro / SilverNode Edge Lite / LyraNode Mini Mini SE / QuantaBook 128GB Refurbished / BridgeKey Plus / CoreStand Edge / VegaCharge Lite,Sonic Core Mesh,Lumen Electronics Inc.
OpalSpeaker Lite / PhotonPhone Mini SE Air and CobaltPad Mini Lite Mini / GlacierLink Mini SE 64GB Refurbished / OnyxRouter Edge / WaveSpeaker Gen Plus / TopazKey Gen and TealWatch Lite Mini SE Air / JadeCharge Lite Max / SparkKey Plus Plus / TopazSpeaker Air and VectorBook Mini Pro / PhotonPhone Mini SE Air and CrimsonPad Mini Gen Lite / DriveWatch Air / CitrineCharge Ultra Edge Gen / AuroraCase Plus / CodaCharge Lite / PearlWatch Air Plus / DriveKey Plus Gen,Lime Frame,Skyforge Networks Inc.
PulseSpeaker Lite / VegaCam Pro / SonicCam Pro / WaveWatch Pro / SlateCharge SE Lite / TopazCharge Lite Max,Frost Flow,Atlas Labs Inc.
PulseSpeaker Lite / VegaCam Pro / SonicCam Pro / WaveWatch Pro / SlateCharge SE Lite / TopazCharge Lite Max,Frost Flow,Atlas Labs Inc.
GoldenKey Pro Plus,Ruby Module,Clearwater Technologies Inc.
NovaWatch Plus Max,Pulse Matrix,NovaWorks Components Inc.
RubyHub Gen Lite,Topaz Link,Highland Devices Inc.
SparkPad SE,Umbral Wave,Clearwater Technologies Inc.
PhotonKey Air,Graphite Signal,Highland Devices Inc.
GlacierBook Mini,Vega Drive,Seabird Manufacturing Inc.
MiraCharge Max Plus,Quartz Drive,Clearwater Technologies Inc.
LumenPhone Air,Terra Sync,Highland Devices Inc.
SolDock Max,Pulse Flex,Highland Devices Inc.
VegaDock Mini Mini SE,Ember Engine Beam,Clearwater Technologies Inc.
CobaltDrive Plus Plus,Quartz Engine Drive,Clearwater Technologies Inc.
UmberCharge Edge Max,Saffron Kernel Dock,Highland Devices Inc.
LumenStand Edge,Topaz Kernel Frame,Quantum Electronics Inc.
PearlDrive SE Lite,Mira Pulse Dock,Highland Devices Inc.
UmberBuds SE Air Plus,Auric Node Engine,Mosaic Systems Inc.
LumenSpeaker Mini Mini,Topaz Grid Node,Clearwater Technologies Inc.
SaffronDock Edge Gen,Mira Sense,Clearwater Technologies Inc.
UmberCharge Max Lite,Echo Engine,NovaWorks Components Inc.
GoldenKey Pro Plus,Ruby Module,Clearwater Technologies Inc.
TerraDrive Ultra Mini / VectorPhone SE SE Air,Cobalt Node,Clearwater Technologies Inc.
VectorPhone SE SE Air,Cobalt Node,Clearwater Technologies Inc.
PearlDrive Plus Max,Umbral Sense,Ironwood Group Inc.
LumenPhone Air,Terra Sync,Highland Devices Inc.
UmberCharge Edge Max,Saffron Kernel Dock,Highland Devices Inc.
ArgoPad Pro Mini,Beryl Kernel Vector,Clearwater Technologies Inc.
UmberBuds SE Air Plus,Auric Node Engine,Mosaic Systems Inc.
LumenSpeaker Mini Mini,Topaz Grid Node,Clearwater Technologies Inc.
Silver Vault Windmill,Silver Vault,Windmill Works Inc.
Delta Grid SpringboarYI,Delta Grid,Springboard Holdings Inc.
Delta Shield SpringboarYI,Delta Shield,Springboard Holdings Inc.
Indigo Vault SpringboarYI,Indigo Vault,Springboard Holdings Inc.
Coda Grid Lighthouse,Coda Grid,Lighthouse Labs Inc.
Coda Grid Nebula,Coda Grid,Nebula Industries Inc.
Magenta Module Sync Astra,Magenta Module Sync,Astra Manufacturing Inc.
Ivory Fabric Engine Astra,Ivory Fabric Engine,Astra Manufacturing Inc.
Coda Grid Pinecone,Coda Grid,Pinecone Systems Inc.
Saffron Bridge Quantum,Saffron Bridge,Quantum Technologies Inc.
GraphiteCam Ultra Edge,Opal Link,Sunpeak Group Inc.
SparkNode Gen,Lime Vault,Mountain Devices Inc.
QuantaLink Pro Plus,Azure Vault,Mountain Devices Inc.
Indigo Core and Jade Pulse,Indigo Core and Jade Pulse,Aurora Industries Inc.
AzureBuds Air Plus and SparkDock,Indigo Core and Topaz Hub,NovaWorks Holdings Inc.
Topaz Engine EchoLabs,Topaz Engine,EchoLabs Systems Inc.
Azure Module EchoLabs,Azure Module,EchoLabs Systems Inc.
Terra Stack EchoLabs,Terra Stack,EchoLabs Systems Inc.
Echo Stack EchoLabs,Echo Stack,EchoLabs Systems Inc.
Indigo Stack EchoLabs,Indigo Stack,EchoLabs Systems Inc.
Silver Stack EchoLabs,Silver Stack,EchoLabs Systems Inc.
Magenta Stack EchoLabs,Magenta Stack,EchoLabs Systems Inc.
Astra Fabric EchoLabs,Astra Fabric,EchoLabs Systems Inc.
WaveDock SE Max,Orion Fabric,Arbor Devices Inc.
MintStand SE Ultra,Orion Fabric,EchoLabs Systems Inc.
AuroraSpeaker Mini,Pulse Matrix,Seabird Manufacturing Inc.
QuartzStand Air,Auric Matrix,EchoLabs Systems Inc.
PearlBook Plus and CrownCam Plus Air,Echo Kernel + Pulse Frame,EchoLabs Systems Inc.
Orion Kernel EchoLabs,Orion Kernel,EchoLabs Systems Inc.
Auric Kernel EchoLabs,Auric Kernel,EchoLabs Systems Inc.
Indigo Kernel EchoLabs,Indigo Kernel,EchoLabs Systems Inc.
Umber Kernel EchoLabs,Umber Kernel,EchoLabs Systems Inc.
AstraSpeaker Max,Magenta Kernel & Onyx Spark,EchoLabs Systems Inc.
SolPad Gen Edge RevA,Magenta Kernel & Onyx Spark,EchoLabs Systems Inc.
SolPad Gen Edge RevB,Magenta Kernel + Onyx Spark + Aero Bridge,EchoLabs Systems Inc.
Nova Bridge EchoLabs,Nova Bridge,EchoLabs Systems Inc.
Quartz Bridge EchoLabs,Quartz Bridge,EchoLabs Systems Inc.
Aero Link EchoLabs,Aero Link,EchoLabs Systems Inc.
Cinder Link EchoLabs,Cinder Link,EchoLabs Systems Inc.
Topaz Link EchoLabs,Topaz Link,EchoLabs Systems Inc.
QuantaLink Pro,Umbral Link,Astra Networks Inc.
Orion Pulse EchoLabs,Orion Pulse,EchoLabs Systems Inc.
VegaStand Pro,Sol Pulse,BrightWave Electronics Inc.
PulseDrive Ultra Pro,"Jade Pulse, Sable Module Drive, Umber Fabric Arc",EchoLabs Systems Inc.
Maple Pulse EchoLabs,Maple Pulse,EchoLabs Systems Inc.
Citrine Wave EchoLabs,Citrine Wave,EchoLabs Systems Inc.
Zen Node EchoLabs,Zen Node,EchoLabs Systems Inc.
Slate Node EchoLabs,Slate Node,EchoLabs Systems Inc.
Ruby Node EchoLabs,Ruby Node,EchoLabs Systems Inc.
SlateBook Ultra,Terra Grid,EchoLabs Systems Inc.
QuantaDrive Ultra Max and CobaltBook Ultra,Terra Grid + Umber Fabric Arc,EchoLabs Systems Inc.
Sonic Grid EchoLabs,Sonic Grid,EchoLabs Systems Inc.
Sonic Grid and Quanta Vector,Sonic Grid + Quanta Vector,EchoLabs Systems Inc.
CobaltBeam Air,Cobalt Grid,EchoLabs Systems Inc.
Quartz Grid EchoLabs,Quartz Grid,EchoLabs Systems Inc.
TopazDock Ultra,Sable Grid,Copperline Components Inc.
Vega Signal EchoLabs,Vega Signal,EchoLabs Systems Inc.
Lyra Signal EchoLabs,Lyra Signal,EchoLabs Systems Inc.
NebulaLink Ultra,Sonic Signal,Arbor Industries Inc.
Maple Signal EchoLabs,Maple Signal,EchoLabs Systems Inc.
Quartz Shield EchoLabs,Quartz Shield,EchoLabs Systems Inc.
Sierra Drive EchoLabs,Sierra Drive,EchoLabs Systems Inc.
Onyx Drive EchoLabs,Onyx Drive,EchoLabs Systems Inc.
Maple Drive EchoLabs,Maple Drive,EchoLabs Systems Inc.
SilverBook Edge,"Azure Drive, Echo Sense",EchoLabs Systems Inc.
Atlas Sense EchoLabs,Atlas Sense,EchoLabs Systems Inc.
Kairo Sense EchoLabs,Kairo Sense,EchoLabs Systems Inc.
Cobalt Sense EchoLabs,Cobalt Sense,EchoLabs Systems Inc.
Slate Sense EchoLabs,Slate Sense,EchoLabs Systems Inc.
AtlasHub Edge Pro,Umbral Sense,EchoLabs Systems Inc.
Argo Mesh EchoLabs,Argo Mesh,EchoLabs Systems Inc.
Luna Edge EchoLabs,Luna Edge,EchoLabs Systems Inc.
Vega Edge EchoLabs,Vega Edge,EchoLabs Systems Inc.
Kairo Edge EchoLabs,Kairo Edge,EchoLabs Systems Inc.
Sol Edge EchoLabs,Sol Edge,EchoLabs Systems Inc.
Frost Edge EchoLabs,Frost Edge,EchoLabs Systems Inc.
Argo Dock EchoLabs,Argo Dock,EchoLabs Systems Inc.
AstraWatch Pro Max,Helio Beam,Astra Works Inc.
Sol Beam EchoLabs,Sol Beam,EchoLabs Systems Inc.
Maple Beam EchoLabs,Maple Beam,EchoLabs Systems Inc.
Magenta Beam EchoLabs,Magenta Beam,EchoLabs Systems Inc.
Topaz Sync EchoLabs,Topaz Sync,EchoLabs Systems Inc.
Magenta Sync EchoLabs,Magenta Sync,EchoLabs Systems Inc.
Astra Flex EchoLabs,Astra Flex,EchoLabs Systems Inc.
Cobalt Flex EchoLabs,Cobalt Flex,EchoLabs Systems Inc.
Jade Flex EchoLabs,Jade Flex,EchoLabs Systems Inc.
Pearl Flex EchoLabs,Pearl Flex,EchoLabs Systems Inc.
Sierra Spark EchoLabs,Sierra Spark,EchoLabs Systems Inc.
CodaCam SE Pro,Pearl Spark,Copperline Industries Inc.
Pearl Spark EchoLabs,Pearl Spark,EchoLabs Systems Inc.
VegaCam SE Edge,Saffron Spark,EchoLabs Systems Inc.
Copper Spark EchoLabs,Copper Spark,EchoLabs Systems Inc.
Citrine Spark EchoLabs,Citrine Spark,EchoLabs Systems Inc.
Violet Spark EchoLabs,Violet Spark,EchoLabs Systems Inc.
Cinder Flow EchoLabs,Cinder Flow,EchoLabs Systems Inc.
Cedar Flow EchoLabs,Cedar Flow,EchoLabs Systems Inc.
SignalNode SE Ultra,Echo Arc,Astra Networks Inc.
CobaltBuds Edge,Ember Arc,EchoLabs Systems Inc.
Pearl Arc EchoLabs,Pearl Arc,EchoLabs Systems Inc.
Cerulean Arc EchoLabs,Cerulean Arc,EchoLabs Systems Inc.
Aero Vault EchoLabs,Aero Vault,EchoLabs Systems Inc.
Cobalt Vault EchoLabs,Cobalt Vault,EchoLabs Systems Inc.
Jade Vault EchoLabs,Jade Vault,EchoLabs Systems Inc.
Onyx Vault EchoLabs,Onyx Vault,EchoLabs Systems Inc.
Cedar Vault EchoLabs,Cedar Vault,EchoLabs Systems Inc.
NovaKey Air Ultra,Magenta Vault,EchoLabs Systems Inc.
Coral Vector EchoLabs,Coral Vector,EchoLabs Systems Inc.
Pearl Vector EchoLabs,Pearl Vector,EchoLabs Systems Inc.
Topaz Vector EchoLabs,Topaz Vector,EchoLabs Systems Inc.
Auric Frame EchoLabs,Auric Frame,EchoLabs Systems Inc.
Silver Frame EchoLabs,Silver Frame,EchoLabs Systems Inc.
Topaz Frame EchoLabs,Topaz Frame,EchoLabs Systems Inc.
Citrine Frame EchoLabs,Citrine Frame,EchoLabs Systems Inc.
Umbral Frame EchoLabs,Umbral Frame,EchoLabs Systems Inc.
Frost Layer EchoLabs,Frost Layer,EchoLabs Systems Inc.
Cedar Layer EchoLabs,Cedar Layer,EchoLabs Systems Inc.
Pearl Layer EchoLabs,Pearl Layer,EchoLabs Systems Inc.
Nova Core Matrix EchoLabs,Nova Core Matrix,EchoLabs Systems Inc.
Pulse Core Pulse EchoLabs,Pulse Core Pulse,EchoLabs Systems Inc.
Coda Core Sense 64GB Refurbished EchoLabs,Coda Core Sense,EchoLabs Systems Inc.
SaffronCharge Pro Mini,Cinder Core Flex,Summit Networks Inc.
Topaz Core Sense EchoLabs,Topaz Core Sense,EchoLabs Systems Inc.
Citrine Core Dock EchoLabs,Citrine Core Dock,EchoLabs Systems Inc.
Luna Engine Engine EchoLabs,Luna Engine Engine,EchoLabs Systems Inc.
Delta Engine Spark EchoLabs,Delta Engine Spark,EchoLabs Systems Inc.
Maple Engine Frame EchoLabs,Maple Engine Frame,EchoLabs Systems Inc.
PearlBeam Gen,Quartz Engine Drive,EchoLabs Systems Inc.
Terra Module Vault EchoLabs,Terra Module Vault,EchoLabs Systems Inc.
Sable Module Drive EchoLabs,Sable Module Drive,EchoLabs Systems Inc.
QuantaDrive Ultra Max and CrimsonCase Max Mini,Terra Grid; Umber Fabric Arc,EchoLabs Systems Inc.
CitrineBeam Edge,Lime Module Mesh,EchoLabs Systems Inc.
Teal Module Dock EchoLabs,Teal Module Dock,EchoLabs Systems Inc.
TealPad Ultra Mini,Orion Stack Fabric,Astra Manufacturing Inc.
Sol Stack Node EchoLabs,Sol Stack Node,EchoLabs Systems Inc.
Umbral Stack Signal EchoLabs,Umbral Stack Signal & Quanta Grid & Cobalt Vector,EchoLabs Systems Inc.
NebulaDock Ultra Max,Astra Fabric Arc,Copperline Components Inc.
Pearl Fabric Beam EchoLabs,Pearl Fabric Beam,EchoLabs Systems Inc.
Indigo Fabric Flex EchoLabs,Indigo Fabric Flex,EchoLabs Systems Inc.
Umber Fabric Arc EchoLabs,Umber Fabric Arc,EchoLabs Systems Inc.
Lime Fabric Node EchoLabs,Lime Fabric Node,EchoLabs Systems Inc.
VectorPhone Edge Mini,Terra Matrix Edge,Arbor Devices Inc.
Echo Matrix Sync EchoLabs,Echo Matrix Sync,EchoLabs Systems Inc.
Pulse Matrix Flow EchoLabs,Pulse Matrix Flow,EchoLabs Systems Inc.
Coda Matrix Engine EchoLabs,Coda Matrix Engine,EchoLabs Systems Inc.
ZenithBuds Edge Edge,Ember Matrix Pulse,EchoLabs Systems Inc.
Coral Matrix Wave EchoLabs,Coral Matrix Wave,EchoLabs Systems Inc.
Pearl Kernel Drive EchoLabs,Pearl Kernel Drive,EchoLabs Systems Inc.
Crimson Kernel Edge EchoLabs,Crimson Kernel Edge,EchoLabs Systems Inc.
Silver Kernel Beam EchoLabs,Silver Kernel Beam,EchoLabs Systems Inc.
Ruby Kernel Module EchoLabs,Ruby Kernel Module,EchoLabs Systems Inc.
QuartzWatch Gen Ultra,Jade Bridge Link,GoldenGate Electronics Inc.
Helio Link Wave EchoLabs,Helio Link Wave,EchoLabs Systems Inc.
Beryl Link Sync EchoLabs,Beryl Link Sync,EchoLabs Systems Inc.
Topaz Link Flex EchoLabs,Topaz Link Flex,EchoLabs Systems Inc.
Cedar Pulse Fabric EchoLabs,Cedar Pulse Fabric,EchoLabs Systems Inc.
Violet Wave Vector EchoLabs,Violet Wave Vector,EchoLabs Systems Inc.
RubyPad Gen Lite Mini,Ivory Node Node,Harbor Industries Inc.
Sable Node Dock EchoLabs,Sable Node Dock,EchoLabs Systems Inc.
Sol Grid Drive EchoLabs,Sol Grid Drive,EchoLabs Systems Inc.
Slate Grid Pulse EchoLabs,Slate Grid Pulse,EchoLabs Systems Inc.
Quanta Shield Core EchoLabs,Quanta Shield Core,EchoLabs Systems Inc.
Argo Shield Wave EchoLabs,Argo Shield Wave,EchoLabs Systems Inc.
Frost Shield Node EchoLabs,Frost Shield Node,EchoLabs Systems Inc.
Ruby Shield Pulse EchoLabs,Ruby Shield Pulse,EchoLabs Systems Inc.
Nova Drive Sync EchoLabs,Nova Drive Sync,EchoLabs Systems Inc.
Copper Fabric Northwind,Copper Fabric,Northwind Technologies Inc.
QuartzCharge Ultra / EchoDrive Edge,Golden Drive,DeepField Devices Inc.
CodaStand SE Lite / EchoDrive Edge,Golden Drive,DeepField Devices Inc.
Astra Vault DeepField,Astra Vault,DeepField Devices Inc.
CrownRouter SE Air Plus / UmberDock SE Mini SE,Silver Drive Flow,Cinder Manufacturing Inc.
AzureBuds Air Plus and SparkDock,Indigo Core; Topaz Hub,NovaWorks Holdings Inc.
Crimson Kernel Seabird,Crimson Kernel,Seabird Electronics Inc.
Nimbus Pulse Seabird,Nimbus Pulse,Seabird Electronics Inc.
Coral Node Seabird,Coral Node,Seabird Electronics Inc.
SolPad Ultra / GlacierBook Ultra,Violet Node,Seabird Electronics Inc.
Sierra Drive Seabird,Sierra Drive,Seabird Electronics Inc.
Helio Mesh Seabird,Helio Mesh,Seabird Electronics Inc.
Frost Edge Seabird,Frost Edge,Seabird Electronics Inc.
Silver Flow Seabird,Silver Flow,Seabird Electronics Inc.
Nova Vault Seabird,Nova Vault,Seabird Electronics Inc.
Cobalt Fabric Sense Seabird,Cobalt Fabric Sense,Seabird Electronics Inc.
Frost Pulse Arc Seabird,Frost Pulse Arc,Seabird Electronics Inc.
Teal Wave Arc Seabird,Teal Wave Arc,Seabird Electronics Inc.
SenseBook SE Air Plus / EchoDrive Edge,Golden Drive,Saffron Components Inc.
Azure Signal Edge Saffron,Azure Signal Edge,Saffron Components Inc.
Luna Fabric Meadow,Luna Fabric,Meadow Networks Inc.
Violet Spark Meadow,Violet Spark,Meadow Networks Inc.
OnyxWatch Mini Ultra Edge and CrimsonBuds Mini SE,"Beryl Hub, Azure Signal Edge",Arbor Devices Inc.
Cerulean Core Grid Orion,Cerulean Core Grid,Orion Works Inc.
Kairo Edge Mosaic,Kairo Edge,Mosaic Holdings Inc.
Umber Fabric Arc Copperline,Umber Fabric Arc,Copperline Industries Inc.
CrownRouter SE Air Plus / UmberDock SE Mini SE,Silver Drive Flow,Cinder Manufacturing Inc.
Azure Grid Beam Catalyst,Azure Grid Beam,Catalyst Systems Inc.
Sol Wave Lumen,Sol Wave,Lumen Technologies Inc.
Sierra Spark SilverLine,Sierra Spark,SilverLine Devices Inc.
OpalStand Air / AstraStand Air,Maple Matrix,Skyforge Electronics Inc.
AtlasDrive Max Mini / JadeLink Max Gen,Helio Module Vector,Skyforge Electronics Inc.
SilverBuds Mini,Coda Engine,Arbor Devices Inc.
Helio Module Riverstone,Helio Module,Riverstone Networks Inc.
CobaltLink Mini,Nova Core Matrix,Arbor Devices Inc.
Frost Module Riverstone,Frost Module,Riverstone Networks Inc.
Ruby Module Riverstone,Ruby Module,Riverstone Networks Inc.
UmberLink SE,Ember Stack,GoldenGate Technologies Inc.
SonicCase SE,Silver Stack,BrightWave Electronics Inc.
TerraPad Air,Luna Fabric,Riverstone Networks Inc.
Vega Matrix Riverstone,Vega Matrix,Riverstone Networks Inc.
Atlas Matrix Riverstone,Atlas Matrix,Riverstone Networks Inc.
Cerulean Matrix Riverstone,Cerulean Matrix,Riverstone Networks Inc.
Opal Matrix and Azure Node Spark,"Opal Matrix, Azure Node Spark",Astra Manufacturing Inc.
KairoNode Air,Mint Matrix,BrightWave Technologies Inc.
Aero Kernel Riverstone,Aero Kernel,Riverstone Networks Inc.
Nova Kernel Riverstone,Nova Kernel,Riverstone Networks Inc.
BridgeBook Plus,Vega Kernel,BlueRiver Works Inc.
Violet Kernel Riverstone,Violet Kernel,Riverstone Networks Inc.
Magenta Kernel and Onyx Spark,Magenta Kernel; Onyx Spark,GoldenGate Electronics Inc.
Lyra Link and Nova Pulse,Lyra Link + Nova Pulse,Catalyst Industries Inc.
Frost Link Riverstone,Frost Link,Riverstone Networks Inc.
SummitCharge Pro,Citrine Link,Arbor Components Inc.
Astra Pulse Riverstone,Astra Pulse,Riverstone Networks Inc.
Pulse Pulse Riverstone,Pulse Pulse,Riverstone Networks Inc.
Zen Pulse Riverstone,Zen Pulse,Riverstone Networks Inc.
Quanta Pulse Riverstone,Quanta Pulse,Riverstone Networks Inc.
AstraStand Pro,Mira Pulse,Riverstone Networks Inc.
Atlas Pulse Riverstone,Atlas Pulse,Riverstone Networks Inc.
Citrine Wave Riverstone,Citrine Wave,Riverstone Networks Inc.
Azure Wave Riverstone,Azure Wave,Riverstone Networks Inc.
Vega Node Riverstone,Vega Node,Riverstone Networks Inc.
Ivory Node Riverstone,Ivory Node,Riverstone Networks Inc.
SyncRouter SE Air Plus and CodaPad Ultra,Argo Grid Sense,Cinder Manufacturing Inc.
Sierra Grid Riverstone,Sierra Grid,Riverstone Networks Inc.
Maple Grid Riverstone,Maple Grid,Riverstone Networks Inc.
HelioWatch Air Pro and DriveRouter Ultra,Cerulean Arc,Copperline Holdings Inc.
Mira Signal Riverstone,Mira Signal,Riverstone Networks Inc.
Sonic Signal Riverstone,Sonic Signal,Riverstone Networks Inc.
Delta Shield Riverstone,Delta Shield,Riverstone Networks Inc.
Cinder Drive Riverstone,Cinder Drive,Riverstone Networks Inc.
Ember Drive Riverstone,Ember Drive,Riverstone Networks Inc.
Maple Drive Riverstone,Maple Drive,Riverstone Networks Inc.
Golden Drive Riverstone,Golden Drive,Riverstone Networks Inc.
Golden Drive and Indigo Fabric Flex,"Golden Drive, Pearl Layer",Copperline Systems Inc.
Umbral Drive Riverstone,Umbral Drive,Riverstone Networks Inc.
Helio Sense Riverstone,Helio Sense,Riverstone Networks Inc.
Orion Sense Riverstone,Orion Sense,Riverstone Networks Inc.
Sol Sense Riverstone,Sol Sense,Riverstone Networks Inc.
Frost Sense Riverstone,Frost Sense,Riverstone Networks Inc.
Cedar Sense Riverstone,Cedar Sense,Riverstone Networks Inc.
Frost Mesh Riverstone,Frost Mesh,Riverstone Networks Inc.
Frost Mesh 1TB Refurbished Riverstone,Frost Mesh,Riverstone Networks Inc.
Delta Mesh 64GB Refurbished Riverstone,Delta Mesh,Riverstone Networks Inc.
Pearl Mesh Riverstone,Pearl Mesh,Riverstone Networks Inc.
Pulse Edge Riverstone,Pulse Edge,Riverstone Networks Inc.
BeamCase Gen,Sonic Edge,Copperline Systems Inc.
CobaltLink Plus Gen and SummitCam Ultra Max and JadeBuds Max Ultra,"Opal Hub, Umber Frame, Silver Stack Layer",Glacier Manufacturing Inc.
Violet Hub Riverstone,Violet Hub,Riverstone Networks Inc.
Magenta Beam Riverstone,Magenta Beam,Riverstone Networks Inc.
Ivory Sync Riverstone,Ivory Sync,Riverstone Networks Inc.
Luna Flex Riverstone,Luna Flex,Riverstone Networks Inc.
Nova Spark Riverstone,Nova Spark,Riverstone Networks Inc.
Golden Spark Riverstone,Golden Spark,Riverstone Networks Inc.
Sierra Flow Riverstone,Sierra Flow,Riverstone Networks Inc.
SaffronSpeaker Air Gen,Atlas Vault,Copperline Components Inc.
Coral Vault Riverstone,Coral Vault,Riverstone Networks Inc.
Graphite Vault Riverstone,Graphite Vault,Riverstone Networks Inc.
NebulaBuds Plus Lite,Slate Vector,Pinecone Industries Inc.
Topaz Vector Riverstone,Topaz Vector,Riverstone Networks Inc.
Mint Vector Riverstone,Mint Vector,Riverstone Networks Inc.
Orion Frame Riverstone,Orion Frame,Riverstone Networks Inc.
Mint Layer Riverstone,Mint Layer,Riverstone Networks Inc.
Graphite Core Wave Riverstone,Graphite Core Wave,Riverstone Networks Inc.
Nimbus Module Module Riverstone,Nimbus Module Module,Riverstone Networks Inc.
Beryl Module Pulse Riverstone,Beryl Module Pulse,Riverstone Networks Inc.
Teal Module Dock Riverstone,Teal Module Dock,Riverstone Networks Inc.
Magenta Module Sync Riverstone,Magenta Module Sync,Riverstone Networks Inc.
Beryl Stack Kernel Riverstone,Beryl Stack Kernel,Riverstone Networks Inc.
Opal Stack Link Riverstone,Opal Stack Link,Riverstone Networks Inc.
Mira Fabric Stack Riverstone,Mira Fabric Stack,Riverstone Networks Inc.
Coda Fabric Fabric Riverstone,Coda Fabric Fabric,Riverstone Networks Inc.
Sonic Fabric Matrix Riverstone,Sonic Fabric Matrix,Riverstone Networks Inc.
Atlas Fabric Kernel Riverstone,Atlas Fabric Kernel,Riverstone Networks Inc.
Auric Fabric Sync Riverstone,Auric Fabric Sync,Riverstone Networks Inc.
Ivory Fabric Engine Riverstone,Ivory Fabric Engine,Riverstone Networks Inc.
Lime Fabric Node Riverstone,Lime Fabric Node,Riverstone Networks Inc.
SolBeam Edge Mini,Mint Kernel Kernel,Arbor Devices Inc.
Lyra Bridge Spark and Azure Signal Edge,Lyra Bridge Spark & Azure Signal Edge,Arbor Devices Inc.
Maple Bridge Node Riverstone,Maple Bridge Node,Riverstone Networks Inc.
Nimbus Link Drive Riverstone,Nimbus Link Drive,Riverstone Networks Inc.
LumenCharge Gen SE,Pulse Link Sense,Arbor Devices Inc.
Argo Link Vector Riverstone,Argo Link Vector,Riverstone Networks Inc.
Terra Pulse Kernel Riverstone,Terra Pulse Kernel,Riverstone Networks Inc.
Frost Pulse Arc Riverstone,Frost Pulse Arc,Riverstone Networks Inc.
Pearl Pulse Kernel Riverstone,Pearl Pulse Kernel,Riverstone Networks Inc.
Cinder Wave Spark Riverstone,Cinder Wave Spark,Riverstone Networks Inc.
Delta Wave Vector Riverstone,Delta Wave Vector,Riverstone Networks Inc.
Coda Node Shield Riverstone,Coda Node Shield,Riverstone Networks Inc.
Sol Node Edge Riverstone,Sol Node Edge,Riverstone Networks Inc.
Cobalt Node Arc Riverstone,Cobalt Node Arc,Riverstone Networks Inc.
VectorBuds SE Air Plus,Silver Node Kernel,Astra Works Inc.
Slate Node Grid Riverstone,Slate Node Grid,Riverstone Networks Inc.
Quartz Node Sense Riverstone,Quartz Node Sense,Riverstone Networks Inc.
Citrine Node Mesh Riverstone,Citrine Node Mesh,Riverstone Networks Inc.
Azure Node Spark Riverstone,Azure Node Spark,Riverstone Networks Inc.
Terra Grid Vector Riverstone,Terra Grid Vector,Riverstone Networks Inc.
Golden Signal Engine Riverstone,Golden Signal Engine,Riverstone Networks Inc.
Aero Shield Beam Riverstone,Aero Shield Beam,Riverstone Networks Inc.
Jade Shield Edge Riverstone,Jade Shield Edge,Riverstone Networks Inc.
NimbusCharge SE Edge / ArgoStand,Golden Drive + Pearl Layer,Harbor Group Inc.
Onyx Vault Harbor,Onyx Vault,Harbor Group Inc.
Coda Layer Harbor,Coda Layer,Harbor Group Inc.
Graphite Grid Matrix Harbor,Graphite Grid Matrix,Harbor Group Inc.
Cedar Sense Atlas,Cedar Sense,Atlas Works Inc.
Coral Core Zenith,Coral Core,Zenith Holdings Inc.
Coral Shield and Echo Node Fabric,Coral Shield + Echo Node Fabric,Arbor Devices Inc.
Sol Sense and Coda Link Flex,Sol Sense & Coda Link Flex,Crown Group Inc.
Cedar Core Core Zenith,Cedar Core Core,Zenith Holdings Inc.
Pulse Stack Core Zenith,Pulse Stack Core,Zenith Holdings Inc.
Pearl Kernel Drive Zenith,Pearl Kernel Drive,Zenith Holdings Inc.
Lyra Bridge Spark and Azure Signal Edge,"Lyra Bridge Spark, Azure Signal Edge",Arbor Devices Inc.
Zen Link Mesh Zenith,Zen Link Mesh,Zenith Holdings Inc.
Terra Wave Stack Zenith,Terra Wave Stack,Zenith Holdings Inc.
AuroraNode Plus Pro and SaffronDrive Edge / LyraBuds SE SE Air,"Azure Drive, Onyx Layer",Arbor Devices Inc.
Pearl Arc Clearwater,Pearl Arc,Clearwater Manufacturing Inc.
Delta Grid Highland,Delta Grid,Highland Systems Inc.
Argo Kernel Summit,Argo Kernel,Summit Technologies Inc.
Umbral Frame Summit,Umbral Frame,Summit Technologies Inc.
Nimbus Frame NovaWorks,Nimbus Frame,NovaWorks Devices Inc.
Pearl Arc BlueRiver,Pearl Arc,BlueRiver Electronics Inc.
AzureBuds Air Plus and SparkDock,Indigo Core + Topaz Hub,NovaWorks Holdings Inc.
EchoWatch Max Air and SparkDock,Indigo Core; Citrine Core Dock,Aurora Industries Inc.
OnyxDrive SE Air Plus and SparkDock,Indigo Core and Graphite Grid Matrix,Ironwood Components Inc.
Ivory Core Ironwood,Ivory Core,Ironwood Components Inc.
Coral Engine Ironwood,Coral Engine,Ironwood Components Inc.
"AuroraBook Ultra, NovaKey Mini, CrownBook Ultra and AstraKey Mini","Sol Module, Frost Module, Azure Node, Violet Node",Copperline Holdings Inc.
Beryl Module Ironwood,Beryl Module,Ironwood Components Inc.
Orion Fabric Ironwood,Orion Fabric,Ironwood Components Inc.
Violet Matrix Ironwood,Violet Matrix,Ironwood Components Inc.
Pulse Kernel Ironwood,Pulse Kernel,Ironwood Components Inc.
Atlas Link Ironwood,Atlas Link,Ironwood Components Inc.
SummitCharge Pro and CodaPad Ultra,Citrine Link,Arbor Components Inc.
Indigo Pulse Ironwood,Indigo Pulse,Ironwood Components Inc.
Saffron Pulse Ironwood,Saffron Pulse,Ironwood Components Inc.
Ember Wave Ironwood,Ember Wave,Ironwood Components Inc.
Beryl Wave Ironwood,Beryl Wave,Ironwood Components Inc.
Sable Node Ironwood,Sable Node,Ironwood Components Inc.
Violet Node Ironwood,Violet Node,Ironwood Components Inc.
Sonic Grid Ironwood,Sonic Grid,Ironwood Components Inc.
Delta Grid Ironwood,Delta Grid,Ironwood Components Inc.
Ivory Grid Ironwood,Ivory Grid,Ironwood Components Inc.
Quartz Shield Ironwood,Quartz Shield,Ironwood Components Inc.
Cedar Sense Ironwood,Cedar Sense,Ironwood Components Inc.
Maple Sense Ironwood,Maple Sense,Ironwood Components Inc.
PearlPhone Mini Max Ultra,Indigo Dock,Astra Manufacturing Inc.
Topaz Hub and Vega Beam,Topaz Hub + Vega Beam,Ironwood Components Inc.
Opal Hub Ironwood,Opal Hub,Ironwood Components Inc.
Luna Beam Ironwood,Luna Beam,Ironwood Components Inc.
Vega Beam Ironwood,Vega Beam,Ironwood Components Inc.
Pearl Flex Ironwood,Pearl Flex,Ironwood Components Inc.
Nova Vault Ironwood,Nova Vault,Ironwood Components Inc.
Cobalt Vault Ironwood,Cobalt Vault,Ironwood Components Inc.
NebulaSpeaker Air Plus,Maple Vault,Ironwood Components Inc.
Maple Vault Ironwood,Maple Vault,Ironwood Components Inc.
Indigo Vector Ironwood,Indigo Vector,Ironwood Components Inc.
Lyra Frame Ironwood,Lyra Frame,Ironwood Components Inc.
Coda Layer Ironwood,Coda Layer,Ironwood Components Inc.
Opal Stack Link Ironwood,Opal Stack Link,Ironwood Components Inc.
Ivory Fabric Engine Ironwood,Ivory Fabric Engine,Ironwood Components Inc.
Lime Fabric Node Ironwood,Lime Fabric Node,Ironwood Components Inc.
Frost Kernel Fabric Ironwood,Frost Kernel Fabric,Ironwood Components Inc.
Helio Link Wave Ironwood,Helio Link Wave,Ironwood Components Inc.
Atlas Wave Dock Ironwood,Atlas Wave Dock,Ironwood Components Inc.
Lyra Node Grid Ironwood,Lyra Node Grid,Ironwood Components Inc.
Cedar Core Windmill,Cedar Core,Windmill Networks Inc.
EchoWatch Max Air and SparkDock,"Indigo Core, Citrine Core Dock",Aurora Industries Inc.
Cerulean Engine Windmill,Cerulean Engine,Windmill Networks Inc.
Indigo Fabric Windmill,Indigo Fabric,Windmill Networks Inc.
Nova Matrix Windmill,Nova Matrix,Windmill Networks Inc.
Violet Matrix Windmill,Violet Matrix,Windmill Networks Inc.
Cobalt Sense Windmill,Cobalt Sense,Windmill Networks Inc.
Topaz Mesh Windmill,Topaz Mesh,Windmill Networks Inc.
Silver Dock Windmill,Silver Dock,Windmill Networks Inc.
Vega Beam Windmill,Vega Beam,Windmill Networks Inc.
Jade Flex Windmill,Jade Flex,Windmill Networks Inc.
Cerulean Arc Windmill,Cerulean Arc,Windmill Networks Inc.
Astra Vault Windmill,Astra Vault,Windmill Networks Inc.
Orion Frame Windmill,Orion Frame,Windmill Networks Inc.
Umbral Core Sync Windmill,Umbral Core Sync,Windmill Networks Inc.
ZenithBuds Edge Edge,Ember Matrix Pulse,EchoLabs Systems Inc.
Slate Pulse Edge and Quanta Signal Stack,Slate Pulse Edge and Quanta Signal Stack,Catalyst Industries Inc.
Atlas Mesh SpringboarLG,Atlas Mesh,Springboard Group Inc.
Atlas Wave Dock Lighthouse,Atlas Wave Dock,Lighthouse Works Inc.
Cerulean Engine Nebula,Cerulean Engine,Nebula Holdings Inc.
LumenCharge Gen SE,Pulse Link Sense,Arbor Devices Inc.
Lime Wave Spark Nebula,Lime Wave Spark,Nebula Holdings Inc.
"SenseBook Plus, OrionLink SE, OrionWatch Plus and CopperPhone Max",Argo Stack; Lyra Kernel; Sierra Kernel; Jade Pulse,Pinecone Industries Inc.
WaveDock Plus,Silver Kernel,Riverstone Electronics Inc.
Crimson Sync Quantum,Crimson Sync,Quantum Manufacturing Inc.
Silver Vault Quantum,Silver Vault,Quantum Manufacturing Inc.
Umbral Stack Signal Quantum,Umbral Stack Signal and Quanta Grid and Cobalt Vector,Quantum Manufacturing Inc.
Copper Fabric Layer Quantum,Copper Fabric Layer,Quantum Manufacturing Inc.
CitrineStand Gen Edge,Onyx Link Kernel,Harbor Devices Inc.
Slate Grid Pulse Quantum,Slate Grid Pulse,Quantum Manufacturing Inc.
PhotonDock Max,Azure Pulse,Crown Devices Inc.
Ivory Edge Crown,Ivory Edge,Crown Devices Inc.
EchoBuds Air,Vega Dock,Mountain Systems Inc.
DriveDrive Mini,Copper Hub,Crown Devices Inc.
Magenta Sync Crown,Magenta Sync,Crown Devices Inc.
Pearl Arc Crown,Pearl Arc,Crown Devices Inc.
Silver Frame Crown,Silver Frame,Crown Devices Inc.
Quanta Shield Core Crown,Quanta Shield Core,Crown Devices Inc.
Crimson Shield Skylark,Crimson Shield,Skylark Electronics Inc.
EchoBuds Air,Vega Dock,Mountain Systems Inc.
Aero Vault BrightWave,Aero Vault,BrightWave Networks Inc.
Cedar Pulse Fabric BrightWave,Cedar Pulse Fabric,BrightWave Networks Inc.
Slate Grid Pulse Starlight,Slate Grid Pulse,Starlight Group Inc.
CatalystCam Gen,Frost Matrix,BlueRiver Manufacturing Inc.
CatalystBuds Mini Lite,Mira Flow,Photon Labs Inc.
Quanta Engine Northwind,Quanta Engine,Northwind Manufacturing Inc.
Lyra Layer DeepField,Lyra Layer,DeepField Systems Inc.
CodaBeam Gen Lite,Ruby Stack Node,Meadow Electronics Inc.
Cedar Core Copperline,Cedar Core,Copperline Holdings Inc.
Coral Engine Copperline,Coral Engine,Copperline Holdings Inc.
Topaz Engine Copperline,Topaz Engine,Copperline Holdings Inc.
Helio Module Copperline,Helio Module,Copperline Holdings Inc.
"AuroraBook Ultra, NovaKey Mini, CrownBook Ultra and AstraKey Mini RevB",Sol Module & Frost Module & Azure Node & Violet Node,Copperline Holdings Inc.
"AuroraBook Ultra, NovaKey Mini, CrownBook Ultra and AstraKey Mini RevA",Sol Module + Frost Module + Azure Node + Violet Node,Copperline Holdings Inc.
AuroraWatch SE,Pearl Module,Copperline Holdings Inc.
UmberHub Ultra and AtlasCase SE,Silver Stack and Graphite Grid,Catalyst Industries Inc.
Indigo Fabric and Beryl Hub,Indigo Fabric + Beryl Hub,BrightWave Electronics Inc.
Vega Matrix Copperline,Vega Matrix,Copperline Holdings Inc.
Sierra Matrix and Beryl Hub,Sierra Matrix and Beryl Hub,BlueRiver Networks Inc.
Teal Matrix Copperline,Teal Matrix,Copperline Holdings Inc.
Violet Kernel Copperline,Violet Kernel,Copperline Holdings Inc.
Nova Bridge Copperline,Nova Bridge,Copperline Holdings Inc.
Lyra Pulse Copperline,Lyra Pulse,Copperline Holdings Inc.
Argo Pulse Copperline,Argo Pulse,Copperline Holdings Inc.
Saffron Pulse Copperline,Saffron Pulse,Copperline Holdings Inc.
PhotonBeam Ultra Gen 128GB Refurbished,Lime Pulse,Copperline Holdings Inc.
Citrine Wave Copperline,Citrine Wave,Copperline Holdings Inc.
QuantaDrive Ultra Max and CobaltBook Ultra,Terra Grid and Umber Fabric Arc,EchoLabs Systems Inc.
Delta Grid Copperline,Delta Grid,Copperline Holdings Inc.
HelioWatch Air Pro and CoreRouter Ultra,Cerulean Arc,Copperline Holdings Inc.
Ember Drive Copperline,Ember Drive,Copperline Holdings Inc.
Golden Drive Copperline,Golden Drive,Copperline Holdings Inc.
Helio Sense Copperline,Helio Sense,Copperline Holdings Inc.
Cobalt Sense Copperline,Cobalt Sense,Copperline Holdings Inc.
Cedar Sense Copperline,Cedar Sense,Copperline Holdings Inc.
ZenithRouter SE Max / TerraBook Gen,Cedar Sense,Copperline Holdings Inc.
Helio Mesh Copperline,Helio Mesh,Copperline Holdings Inc.
Cedar Mesh Copperline,Cedar Mesh,Copperline Holdings Inc.
Pearl Mesh Copperline,Pearl Mesh,Copperline Holdings Inc.
Beryl Mesh Copperline,Beryl Mesh,Copperline Holdings Inc.
Zen Dock Copperline,Zen Dock,Copperline Holdings Inc.
LyraKey Mini Gen,Sonic Dock,Copperline Holdings Inc.
QuartzStand Air Plus,Beryl Hub,Copperline Holdings Inc.
CitrineDock Max / JadeBuds Max Ultra,Opal Hub,Copperline Holdings Inc.
Opal Hub Copperline,Opal Hub,Copperline Holdings Inc.
GoldenPhone Lite Plus,Violet Hub,Copperline Holdings Inc.
Lime Beam Copperline,Lime Beam,Copperline Holdings Inc.
Magenta Beam Copperline,Magenta Beam,Copperline Holdings Inc.
Atlas Flex Copperline,Atlas Flex,Copperline Holdings Inc.
Jade Flex Copperline,Jade Flex,Copperline Holdings Inc.
Cobalt Spark Copperline,Cobalt Spark,Copperline Holdings Inc.
Cedar Spark Copperline,Cedar Spark,Copperline Holdings Inc.
BridgeRouter SE Ultra,Terra Flow,Copperline Holdings Inc.
MintSpeaker SE Plus,Orion Flow,Copperline Holdings Inc.
Cinder Flow Copperline,Cinder Flow,Copperline Holdings Inc.
Crimson Arc Copperline,Crimson Arc,Copperline Holdings Inc.
Umber Arc Copperline,Umber Arc,Copperline Holdings Inc.
Maple Vault Copperline,Maple Vault,Copperline Holdings Inc.
DriveSpeaker Air Gen,Auric Vault,Copperline Holdings Inc.
CoreCam Edge Ultra / DriveSpeaker Air Gen,Auric Vault,Copperline Holdings Inc.
Cerulean Vault Copperline,Cerulean Vault,Copperline Holdings Inc.
Azure Vault Copperline,Azure Vault,Copperline Holdings Inc.
Quanta Vector Copperline,Quanta Vector,Copperline Holdings Inc.
Umbral Vector Copperline,Umbral Vector,Copperline Holdings Inc.
Orion Frame Copperline,Orion Frame,Copperline Holdings Inc.
Orion Frame 128GB Refurbished Copperline,Orion Frame,Copperline Holdings Inc.
JadeCharge Plus Ultra,Cinder Frame,Zenith Holdings Inc.
Umbral Frame Copperline,Umbral Frame,Copperline Holdings Inc.
Aero Layer Copperline,Aero Layer,Copperline Holdings Inc.
Orion Layer Copperline,Orion Layer,Copperline Holdings Inc.
Cerulean Core Grid Copperline,Cerulean Core Grid,Copperline Holdings Inc.
VectorBuds Max Mini,Ivory Core Signal,Copperline Holdings Inc.
Topaz Core Sense Copperline,Topaz Core Sense,Copperline Holdings Inc.
Citrine Core Dock Copperline,Citrine Core Dock,Copperline Holdings Inc.
Luna Engine Engine Copperline,Luna Engine Engine,Copperline Holdings Inc.
HelioCharge Max SE,Saffron Engine Stack,Aurora Components Inc.
Pulse Module Stack Copperline,Pulse Module Stack,Copperline Holdings Inc.
Ember Module Edge Copperline,Ember Module Edge,Copperline Holdings Inc.
Luna Stack Arc Copperline,Luna Stack Arc,Copperline Holdings Inc.
Opal Stack Link Copperline,Opal Stack Link,Copperline Holdings Inc.
Quartz Stack Pulse Copperline,Quartz Stack Pulse,Copperline Holdings Inc.
Quanta Fabric Layer Copperline,Quanta Fabric Layer,Copperline Holdings Inc.
Sonic Fabric Matrix Copperline,Sonic Fabric Matrix,Copperline Holdings Inc.
Silver Fabric Vault Copperline,Silver Fabric Vault,Copperline Holdings Inc.
QuartzDrive Ultra Edge / UmberDrive Ultra Gen,Ivory Fabric Engine,Copperline Holdings Inc.
CodaCase Edge Gen / CitrineDrive Edge Gen,Ivory Fabric Engine,Copperline Holdings Inc.
SparkKey Ultra Gen,Quartz Fabric Kernel,BrightWave Electronics Inc.
Lime Fabric Node Copperline,Lime Fabric Node,Copperline Holdings Inc.
Vega Kernel Flow Copperline,Vega Kernel Flow,Copperline Holdings Inc.
Pearl Kernel Drive Copperline,Pearl Kernel Drive,Copperline Holdings Inc.
LumenCharge Gen SE,Pulse Link Sense,Arbor Devices Inc.
Pulse Link Sense Copperline,Pulse Link Sense,Copperline Holdings Inc.
GraphiteSpeaker Mini Mini SE,Atlas Link Flow,Copperline Holdings Inc.
SenseCharge Mini Gen,Umbral Link Frame,Copperline Holdings Inc.
Slate Pulse Edge and Quanta Signal Stack,Slate Pulse Edge and Quanta Signal Stack,Catalyst Industries Inc.
Terra Wave Stack Copperline,Terra Wave Stack,Copperline Holdings Inc.
CrimsonBuds Mini SE Air,Vega Node Wave,Copperline Holdings Inc.
Lyra Node Grid Copperline,Lyra Node Grid,Copperline Holdings Inc.
Slate Node Grid Copperline,Slate Node Grid,Copperline Holdings Inc.
Jade Grid Spark Copperline,Jade Grid Spark,Copperline Holdings Inc.
Slate Grid Pulse Copperline,Slate Grid Pulse,Copperline Holdings Inc.
OnyxCam Mini SE Air / CitrineCam Mini Edge Gen,Aero Shield Beam,Copperline Holdings Inc.
Aero Shield Beam Copperline,Aero Shield Beam,Copperline Holdings Inc.
Teal Matrix Cinder,Teal Matrix,Cinder Labs Inc.
OpalStand Plus / CodaLink Air,Lyra Matrix,Catalyst Industries Inc.
Pulse Stack Core Lumen,Pulse Stack Core,Lumen Manufacturing Inc.
Azure Signal Edge SilverLine,Azure Signal Edge,SilverLine Systems Inc.
Ivory Node Riverstone,Ivory Node,Riverstone Electronics Inc.
Golden Drive Riverstone,Golden Drive,Riverstone Electronics Inc.
Frost Sense Riverstone,Frost Sense,Riverstone Electronics Inc.
Quanta Vault Riverstone,Quanta Vault,Riverstone Electronics Inc.
Auric Fabric Sync Harbor,Auric Fabric Sync,Harbor Components Inc.
Mint Signal Sense Riverstone,Mint Signal Sense,Riverstone Electronics Inc.
PearlLink SE / PulseSpeaker Plus,Slate Kernel,Atlas Networks Inc.
ZenithWatch Edge Gen,Cerulean Hub,Evergreen Holdings Inc.
TealPad SE Lite Mini,Frost Node Hub,Evergreen Holdings Inc.
TealRouter Mini SE Air,Cinder Node Beam,Evergreen Holdings Inc.
Cerulean Spark Clearwater,Cerulean Spark,Clearwater Labs Inc.
Cedar Layer Clearwater,Cedar Layer,Clearwater Labs Inc.
Ruby Kernel Module Clearwater,Ruby Kernel Module,Clearwater Labs Inc.
Pearl Link Pulse Clearwater,Pearl Link Pulse,Clearwater Labs Inc.
Cerulean Spark Highland,Cerulean Spark,Highland Industries Inc.
UmberBuds Edge Edge,Indigo Flex,NovaWorks Systems Inc.
UmberBuds Edge Edge,Indigo Flex,NovaWorks Systems Inc.
CodaBuds Edge,Opal Engine Shield,Windmill Electronics Inc.
SlateLink Lite Mini,Opal Engine Shield,Ironwood Devices Inc.
Pulse Kernel SpringboarMN,Pulse Kernel,Springboard Components Inc.
JadeCharge Plus Ultra,Cinder Frame,Zenith Holdings Inc.
Pulse Fabric Vector SpringboarMN,Pulse Fabric Vector,Springboard Components Inc.
Vega Node Wave SpringboarMN,Vega Node Wave,Springboard Components Inc.
EchoCase Ultra Max,Lime Fabric Node,Lighthouse Networks Inc.
Vega Kernel Nebula,Vega Kernel,Nebula Group Inc.
Terra Stack Astra,Terra Stack,Astra Works Inc.
Magenta Stack Astra,Magenta Stack,Astra Works Inc.
Crimson Fabric Astra,Crimson Fabric,Astra Works Inc.
Maple Matrix Astra,Maple Matrix,Astra Works Inc.
Beryl Mesh Astra,Beryl Mesh,Astra Works Inc.
Astra Beam Astra,Astra Beam,Astra Works Inc.
Sol Beam Astra,Sol Beam,Astra Works Inc.
Maple Beam Astra,Maple Beam,Astra Works Inc.
Jade Flex Astra,Jade Flex,Astra Works Inc.
TopazPad Mini Air,Graphite Arc,Astra Works Inc.
Citrine Vault Astra,Citrine Vault,Astra Works Inc.
QuantaWatch Plus Edge,Quartz Vector,Astra Works Inc.
Sonic Core Mesh Astra,Sonic Core Mesh,Astra Works Inc.
MintCharge Max SE,Indigo Engine Engine,Astra Works Inc.
Opal Stack Link Astra,Opal Stack Link,Astra Works Inc.
Argo Link Vector Astra,Argo Link Vector,Astra Works Inc.
Sable Node Dock Astra,Sable Node Dock,Astra Works Inc.
Ruby Grid Drive Astra,Ruby Grid Drive,Astra Works Inc.
TerraHub Mini Gen Lite,Nimbus Shield Vector,Arbor Devices Inc.
Maple Drive Edge Astra,Maple Drive Edge & Indigo Signal Vault,Astra Works Inc.
JadeLink Max Gen,Helio Module Vector,BrightWave Electronics Inc.
Astra Beam Glacier,Astra Beam,Glacier Manufacturing Inc.
NebulaSpeaker Edge,Sol Drive,Arbor Holdings Inc.
Ruby Grid Drive Sunpeak,Ruby Grid Drive,Sunpeak Devices Inc.
Coral Core BrightWave,Coral Core,BrightWave Electronics Inc.
Mint Core BrightWave,Mint Core,BrightWave Electronics Inc.
Delta Engine BrightWave,Delta Engine,BrightWave Electronics Inc.
Umbral Engine BrightWave,Umbral Engine,BrightWave Electronics Inc.
CobaltLink Mini and QuartzDrive SE,Nova Core Matrix,Arbor Devices Inc.
Terra Stack BrightWave,Terra Stack,BrightWave Electronics Inc.
Onyx Stack BrightWave,Onyx Stack,BrightWave Electronics Inc.
SonicCase SE,Silver Stack,BrightWave Electronics Inc.
Luna Fabric BrightWave,Luna Fabric,BrightWave Electronics Inc.
Luna Fabric and Ivory Mesh,Luna Fabric & Ivory Mesh,BrightWave Electronics Inc.
Coda Fabric BrightWave,Coda Fabric,BrightWave Electronics Inc.
Indigo Fabric and Beryl Hub,Indigo Fabric and Beryl Hub,BrightWave Electronics Inc.
Atlas Matrix BrightWave,Atlas Matrix,BrightWave Electronics Inc.
Opal Matrix BrightWave,Opal Matrix,BrightWave Electronics Inc.
AuroraNode Air 512GB Dual‑SIM,Mint Matrix,Astra Works Inc.
Sonic Kernel BrightWave,Sonic Kernel,BrightWave Electronics Inc.
Auric Kernel BrightWave,Auric Kernel,BrightWave Electronics Inc.
Violet Kernel BrightWave,Violet Kernel,BrightWave Electronics Inc.
CatalystNode Plus,Coral Bridge,Aurora Group Inc.
Beryl Bridge BrightWave,Beryl Bridge,BrightWave Electronics Inc.
Quartz Bridge BrightWave,Quartz Bridge,BrightWave Electronics Inc.
Copper Link BrightWave,Copper Link,BrightWave Electronics Inc.
Sable Link BrightWave,Sable Link,BrightWave Electronics Inc.
Teal Link BrightWave,Teal Link,BrightWave Electronics Inc.
VegaStand Pro,Sol Pulse,BrightWave Electronics Inc.
Argo Pulse BrightWave,Argo Pulse,BrightWave Electronics Inc.
NovaKey Max,Cedar Wave,BrightWave Electronics Inc.
Ruby Wave Starlight,Ruby Wave,Starlight Components Inc.
Luna Node BrightWave,Luna Node,BrightWave Electronics Inc.
Indigo Node BrightWave,Indigo Node,BrightWave Electronics Inc.
Ivory Node BrightWave,Ivory Node,BrightWave Electronics Inc.
Sonic Grid BrightWave,Sonic Grid,BrightWave Electronics Inc.
AzureCharge Ultra,Quanta Signal,BrightWave Electronics Inc.
Mira Signal BrightWave,Mira Signal,BrightWave Electronics Inc.
Sonic Signal BrightWave,Sonic Signal,BrightWave Electronics Inc.
Jade Drive BrightWave,Jade Drive,BrightWave Electronics Inc.
Helio Sense BrightWave,Helio Sense,BrightWave Electronics Inc.
Argo Sense BrightWave,Argo Sense,BrightWave Electronics Inc.
Cedar Sense BrightWave,Cedar Sense,BrightWave Electronics Inc.
SummitHub Gen,Azure Sense,GoldenGate Electronics Inc.
Pearl Mesh BrightWave,Pearl Mesh,BrightWave Electronics Inc.
Quartz Edge BrightWave,Quartz Edge,BrightWave Electronics Inc.
Zen Dock BrightWave,Zen Dock,BrightWave Electronics Inc.
Argo Dock BrightWave,Argo Dock,BrightWave Electronics Inc.
KairoDrive Lite,Silver Dock,BrightWave Electronics Inc.
AtlasCase Air Plus Pro and CrimsonBuds Mini SE,Beryl Hub and Violet Grid Sync,Arbor Devices Inc.
Astra Beam BrightWave,Astra Beam,BrightWave Electronics Inc.
EdgeDock Mini SE,Sonic Beam,BrightWave Electronics Inc.
Argo Flex BrightWave,Argo Flex,BrightWave Electronics Inc.
Jade Flex 1TB Starter Kit BrightWave,Jade Flex,BrightWave Electronics Inc.
Maple Flex BrightWave,Maple Flex,BrightWave Electronics Inc.
Aero Spark BrightWave,Aero Spark,BrightWave Electronics Inc.
Nova Spark BrightWave,Nova Spark,BrightWave Electronics Inc.
Sierra Spark BrightWave,Sierra Spark,BrightWave Electronics Inc.
Violet Spark BrightWave,Violet Spark,BrightWave Electronics Inc.
HelioWatch Air Pro,Cerulean Arc,Copperline Holdings Inc.
Astra Vault BrightWave,Astra Vault,BrightWave Electronics Inc.
Pulse Vector BrightWave,Pulse Vector,BrightWave Electronics Inc.
Sonic Vector BrightWave,Sonic Vector,BrightWave Electronics Inc.
Cinder Vector BrightWave,Cinder Vector,BrightWave Electronics Inc.
AstraBook Plus Ultra,Graphite Vector,BrightWave Electronics Inc.
Violet Frame BrightWave,Violet Frame,BrightWave Electronics Inc.
Mint Layer BrightWave,Mint Layer,BrightWave Electronics Inc.
Teal Layer BrightWave,Teal Layer,BrightWave Electronics Inc.
Pulse Core Pulse BrightWave,Pulse Core Pulse,BrightWave Electronics Inc.
Coda Core Sense 64GB Refurbished BrightWave,Coda Core Sense,BrightWave Electronics Inc.
Cerulean Core Grid BrightWave,Cerulean Core Grid,BrightWave Electronics Inc.
HelioCharge Max SE,Saffron Engine Stack,Aurora Components Inc.
Cerulean Engine Pulse BrightWave,Cerulean Engine Pulse,BrightWave Electronics Inc.
Pulse Module Stack BrightWave,Pulse Module Stack,BrightWave Electronics Inc.
Ember Module Edge BrightWave,Ember Module Edge,BrightWave Electronics Inc.
Pulse Stack Core BrightWave,Pulse Stack Core,BrightWave Electronics Inc.
SparkKey Ultra Gen,Quartz Fabric Kernel,BrightWave Electronics Inc.
Silver Matrix Spark BrightWave,Silver Matrix Spark,BrightWave Electronics Inc.
Onyx Kernel Grid BrightWave,Onyx Kernel Grid,BrightWave Electronics Inc.
Umber Kernel Hub BrightWave,Umber Kernel Hub,BrightWave Electronics Inc.
Cerulean Bridge Sync BrightWave,Cerulean Bridge Sync,BrightWave Electronics Inc.
Terra Pulse Kernel BrightWave,Terra Pulse Kernel,BrightWave Electronics Inc.
Orion Pulse Mesh BrightWave,Orion Pulse Mesh,BrightWave Electronics Inc.
Cinder Wave Spark BrightWave,Cinder Wave Spark,BrightWave Electronics Inc.
Sonic Node Drive BrightWave,Sonic Node Drive,BrightWave Electronics Inc.
Sierra Node Spark BrightWave,Sierra Node Spark,BrightWave Electronics Inc.
Citrine Node Mesh BrightWave,Citrine Node Mesh,BrightWave Electronics Inc.
IndigoRouter Edge Gen Lite,Kairo Grid Shield,BrightWave Electronics Inc.
Kairo Grid Shield BrightWave,Kairo Grid Shield,BrightWave Electronics Inc.
Onyx Grid Flow BrightWave,Onyx Grid Flow,BrightWave Electronics Inc.
Slate Grid Pulse BrightWave,Slate Grid Pulse,BrightWave Electronics Inc.
Citrine Grid Shield BrightWave,Citrine Grid Shield,BrightWave Electronics Inc.
Auric Drive Hub BrightWave,Auric Drive Hub,BrightWave Electronics Inc.
Violet Matrix Nightfall,Violet Matrix,Nightfall Networks Inc.
Coda Core Sense 64GB Refurbished StonebridgBO,Coda Core Sense,Stonebridge Group Inc.
Indigo Node Photon,Indigo Node,Photon Works Inc.
Teal Link Northwind,Teal Link,Northwind Labs Inc.
Lyra Node DeepField,Lyra Node,DeepField Industries Inc.
Pulse Core Pulse Seabird,Pulse Core Pulse,Seabird Manufacturing Inc.
Jade Grid Saffron,Jade Grid,Saffron Systems Inc.
Ivory Sync Saffron,Ivory Sync,Saffron Systems Inc.
NebulaDock Ultra Max,Astra Fabric Arc,Copperline Components Inc.
LumenPhone Pro,Jade Bridge,Arbor Devices Inc.
Ruby Wave Orion,Ruby Wave,Orion Electronics Inc.
Opal Sync Arbor,Opal Sync,Arbor Devices Inc.
RubyCam Max Lite,Nimbus Engine Matrix,Arbor Devices Inc.
Azure Grid Beam Mosaic,Azure Grid Beam,Mosaic Components Inc.
Azure Grid Beam GoldenGate,Azure Grid Beam,GoldenGate Networks Inc.
Azure Grid Beam Copperline,Azure Grid Beam,Copperline Group Inc.
Azure Grid Beam Cinder,Azure Grid Beam,Cinder Works Inc.
Luna Bridge Catalyst,Luna Bridge,Catalyst Holdings Inc.
Aero Link 256GB Dual‑SIM Aurora,Aero Link,Aurora Systems Inc.
AstraWatch Pro Max,Helio Beam,Astra Works Inc.
Cedar Flex Aurora,Cedar Flex,Aurora Systems Inc.
Helio Module Riverstone,Helio Module,Riverstone Technologies Inc.
MintLink Lite Mini,Zen Pulse,Atlas Electronics Inc.
Auric Frame Zenith,Auric Frame,Zenith Components Inc.
TopazPad Mini Air,Graphite Arc,Astra Works Inc.
Auric Frame Evergreen,Auric Frame,Evergreen Group Inc.
Cinder Drive Highland,Cinder Drive,Highland Holdings Inc.
CitrineSpeaker Edge / CrimsonSpeaker Edge,Cinder Drive,Summit Labs Inc.
Cinder Drive Summit,Cinder Drive,Summit Labs Inc.
Auric Link Ironwood,Auric Link,Ironwood Systems Inc.
Orion Vector Ironwood,Orion Vector,Ironwood Systems Inc.
Citrine Vector Ironwood,Citrine Vector,Ironwood Systems Inc.
Umbral Frame Ironwood,Umbral Frame,Ironwood Systems Inc.
Luna Engine Engine Ironwood,Luna Engine Engine,Ironwood Systems Inc.
Mira Wave Windmill,Mira Wave,Windmill Technologies Inc.
EchoSpeaker SE Edge Gen,Copper Kernel Spark,Springboard Devices Inc.
CodaHub Plus Pro,Aero Node Layer,Lighthouse Electronics Inc.
SaffronPad SE Ultra Edge 128GB Dual‑SIM / SaffronPad SE Ultra Edge 128GB Refurbished / SaffronPad SE Ultra Edge 512GB Dual‑SIM,Aero Node Layer,Lighthouse Electronics Inc.
Atlas Bridge Nebula,Atlas Bridge,Nebula Components Inc.
Violet Wave Vector Nebula,Violet Wave Vector,Nebula Components Inc.
Lyra Node Grid Nebula,Lyra Node Grid,Nebula Components Inc.
Coda Mesh Astra,Coda Mesh,Astra Networks Inc.
UmberBeam Mini Mini SE,Sable Signal,Pinecone Group Inc.
AzureBeam Mini SE Air,"Sable Signal, Cerulean Hub",Mountain Holdings Inc.
Slate Node Skylark,Slate Node,Skylark Manufacturing Inc.
Coral Module and Golden Pulse Signal,"Coral Module, Golden Pulse Signal",Crown Holdings Inc.
KairoNode Air,Mint Matrix,BrightWave Technologies Inc.
Orion Kernel Sunpeak,Orion Kernel,Sunpeak Systems Inc.
Delta Kernel Sunpeak,Delta Kernel,Sunpeak Systems Inc.
SummitCharge Pro and CodaPad Ultra,Citrine Link,Arbor Components Inc.
Ruby Grid Sunpeak,Ruby Grid,Sunpeak Systems Inc.
TerraSpeaker Edge,Atlas Drive,GoldenGate Technologies Inc.
Cinder Drive BrightWave,Cinder Drive,BrightWave Technologies Inc.
SolBuds Lite,Ruby Edge,Catalyst Group Inc.
Frost Flex 1TB Bundle Sunpeak,Frost Flex,Sunpeak Systems Inc.
JadeHub SE Gen,Cerulean Spark,Quantum Networks Inc.
Sierra Flow BrightWave,Sierra Flow,BrightWave Technologies Inc.
Mint Layer BrightWave,Mint Layer,BrightWave Technologies Inc.
Sable Module Drive Starlight,Sable Module Drive,Starlight Devices Inc.
Coral Module and Golden Pulse Signal,Coral Module & Golden Pulse Signal,Crown Holdings Inc.
Coral Module and Golden Pulse Signal,Coral Module and Golden Pulse Signal,Crown Holdings Inc.
NimbusKey Mini / TerraKey Mini,Coral Module,Meadow Technologies Inc.
Coral Module and Golden Pulse Signal,Coral Module + Golden Pulse Signal,Crown Holdings Inc.
Delta Kernel EchoLabs,Delta Kernel,EchoLabs Group Inc.
Magenta Sync EchoLabs,Magenta Sync,EchoLabs Group Inc.
SolDock SE Air,Quartz Spark,Crown Components Inc.
Umbral Frame EchoLabs,Umbral Frame,EchoLabs Group Inc.
Frost Shield Node EchoLabs,Frost Shield Node,EchoLabs Group Inc.
QuantaPad Ultra Max and SenseBeam Lite Pro,Astra Stack Frame & Cedar Wave Engine,Astra Electronics Inc.
NimbusKey Mini / TerraKey Mini,Coral Module,Meadow Technologies Inc.
Coral Module and Golden Pulse Signal,Coral Module and Golden Pulse Signal,Crown Holdings Inc.
Coral Module and Golden Pulse Signal,Coral Module + Golden Pulse Signal,Crown Holdings Inc.
Azure Vector Seabird,Azure Vector,Seabird Labs Inc.
QuantaPad Ultra Max and SenseBeam Lite Pro,"Astra Stack Frame, Cedar Wave Engine",Astra Electronics Inc.
Azure Node Spark Meadow,Azure Node Spark,Meadow Manufacturing Inc.
Coda Engine Arbor,Coda Engine,Arbor Systems Inc.
TerraCharge Ultra Lite,Quartz Shield,Arbor Systems Inc.
BridgeNode Air,Quanta Arc,Photon Networks Inc.
BridgeNode Air,Quanta Arc,Photon Networks Inc.
SenseBook Air Mini,Sol Matrix,Skyforge Labs Inc.
PulseBeam Air,Maple Shield,Skyforge Labs Inc.
OpalCam Edge Air,Argo Stack Grid,Copperline Components Inc.
NovaLink Plus Plus,Quartz Shield,Cinder Networks Inc.
CobaltLink Mini and LumenDock Pro Air,Nova Core Matrix,Arbor Devices Inc.
Terra Stack Lumen,Terra Stack,Lumen Works Inc.
CitrineDrive SE,Pearl Stack,Arbor Devices Inc.
Aero Fabric Lumen,Aero Fabric,Lumen Works Inc.
NimbusPad Air,Luna Fabric,Lumen Works Inc.
Copper Fabric Lumen,Copper Fabric,Lumen Works Inc.
CobaltNode Air,Azure Matrix and Terra Grid and Ruby Fabric Link,Lumen Works Inc.
Quartz Kernel Lumen,Quartz Kernel,Lumen Works Inc.
Violet Kernel Lumen,Violet Kernel,Lumen Works Inc.
Sierra Bridge Lumen,Sierra Bridge,Lumen Works Inc.
Maple Bridge Lumen,Maple Bridge,Lumen Works Inc.
Umber Bridge Lumen,Umber Bridge,Lumen Works Inc.
Mint Bridge Lumen,Mint Bridge,Lumen Works Inc.
Lyra Link and Nova Pulse,Lyra Link and Nova Pulse,Catalyst Industries Inc.
Cinder Link Lumen,Cinder Link,Lumen Works Inc.
Jade Link 256GB Dual‑SIM Lumen,Jade Link,Lumen Works Inc.
SolDock Pro,Jade Link,Lumen Works Inc.
AtlasSpeaker Pro,Topaz Link,Catalyst Group Inc.
Zen Pulse Lumen,Zen Pulse,Lumen Works Inc.
VegaStand Pro,Sol Pulse,BrightWave Electronics Inc.
Maple Pulse Lumen,Maple Pulse,Lumen Works Inc.
CobaltBook Max,Indigo Pulse,Lumen Works Inc.
Indigo Pulse Lumen,Indigo Pulse,Lumen Works Inc.
NovaKey Max,Cedar Wave,BrightWave Electronics Inc.
Graphite Wave Lumen,Graphite Wave,Lumen Works Inc.
Vega Node Lumen,Vega Node,Lumen Works Inc.
Vega Node 512GB Bundle Lumen,Vega Node,Lumen Works Inc.
Sable Node Lumen,Sable Node,Lumen Works Inc.
Coda Grid Lumen,Coda Grid,Lumen Works Inc.
Maple Grid Lumen,Maple Grid,Lumen Works Inc.
AzureCase Ultra,Jade Signal,Clearwater Labs Inc.
Delta Shield 64GB Bundle Lumen,Delta Shield,Lumen Works Inc.
Cinder Drive Lumen,Cinder Drive,Lumen Works Inc.
Jade Drive Lumen,Jade Drive,Lumen Works Inc.
Maple Drive Lumen,Maple Drive,Lumen Works Inc.
Orion Sense Lumen,Orion Sense,Lumen Works Inc.
Sol Sense Lumen,Sol Sense,Lumen Works Inc.
Sol Sense and Coda Link Flex,Sol Sense + Coda Link Flex,Crown Group Inc.
Frost Sense Lumen,Frost Sense,Lumen Works Inc.
OpalHub Air Plus and AuroraPhone Gen,Frost Sense and Vega Beam,BrightWave Manufacturing Inc.
Coral Sense Lumen,Coral Sense,Lumen Works Inc.
Slate Sense Lumen,Slate Sense,Lumen Works Inc.
Lime Sense Lumen,Lime Sense,Lumen Works Inc.
SummitHub Gen,Azure Sense,GoldenGate Electronics Inc.
Pulse Edge Lumen,Pulse Edge,Lumen Works Inc.
Frost Edge Lumen,Frost Edge,Lumen Works Inc.
Slate Hub Lumen,Slate Hub,Lumen Works Inc.
LumenDock Pro Air and CrimsonBuds Mini SE,Beryl Hub + Nova Core Matrix,Catalyst Systems Inc.
Jade Flex Lumen,Jade Flex,Lumen Works Inc.
Jade Flex 1TB Starter Kit Lumen,Jade Flex,Lumen Works Inc.
Pearl Flex Lumen,Pearl Flex,Lumen Works Inc.
Umber Flex Lumen,Umber Flex,Lumen Works Inc.
Silver Flex Lumen,Silver Flex,Lumen Works Inc.
Sierra Spark Lumen,Sierra Spark,Lumen Works Inc.
Silver Flow Lumen,Silver Flow,Lumen Works Inc.
"SparkStand Gen Max, CrimsonHub Ultra Pro and SignalNode SE Ultra",Luna Arc & Indigo Signal Vault & Lime Stack Shield,Catalyst Group Inc.
Aero Vault Lumen,Aero Vault,Lumen Works Inc.
Astra Vault Lumen,Astra Vault,Lumen Works Inc.
Cobalt Vault Lumen,Cobalt Vault,Lumen Works Inc.
Helio Vector Lumen,Helio Vector,Lumen Works Inc.
Indigo Vector Lumen,Indigo Vector,Lumen Works Inc.
Topaz Vector Lumen,Topaz Vector,Lumen Works Inc.
QuantaWatch Plus Edge,Quartz Vector,Astra Works Inc.
JadeCharge Plus Ultra,Cinder Frame,Zenith Holdings Inc.
Teal Frame Lumen,Teal Frame,Lumen Works Inc.
Teal Layer Lumen,Teal Layer,Lumen Works Inc.
Nova Core Matrix Lumen,Nova Core Matrix,Lumen Works Inc.
Cerulean Core Grid Lumen,Cerulean Core Grid,Lumen Works Inc.
Atlas Fabric Kernel Lumen,Atlas Fabric Kernel,Lumen Works Inc.
VectorPhone Edge Mini,Terra Matrix Edge,Arbor Devices Inc.
Pulse Matrix Flow Lumen,Pulse Matrix Flow,Lumen Works Inc.
Coral Matrix Wave Lumen,Coral Matrix Wave,Lumen Works Inc.
Kairo Kernel Engine Lumen,Kairo Kernel Engine,Lumen Works Inc.
Umber Kernel Hub Lumen,Umber Kernel Hub,Lumen Works Inc.
Graphite Kernel Flex Lumen,Graphite Kernel Flex,Lumen Works Inc.
Copper Kernel Spark Lumen,Copper Kernel Spark,Lumen Works Inc.
Mint Kernel Kernel Lumen,Mint Kernel Kernel,Lumen Works Inc.
Nimbus Bridge Edge Lumen,Nimbus Bridge Edge,Lumen Works Inc.
Lyra Bridge Spark and Azure Signal Edge,Lyra Bridge Spark and Azure Signal Edge,Arbor Devices Inc.
Pulse Link Sense Lumen,Pulse Link Sense,Lumen Works Inc.
Vega Link Dock Lumen,Vega Link Dock,Lumen Works Inc.
Argo Link Vector Lumen,Argo Link Vector,Lumen Works Inc.
Terra Pulse Kernel Lumen,Terra Pulse Kernel,Lumen Works Inc.
Magenta Pulse Engine Lumen,Magenta Pulse Engine,Lumen Works Inc.
Lime Wave Spark Lumen,Lime Wave Spark,Lumen Works Inc.
Teal Wave Arc Lumen,Teal Wave Arc,Lumen Works Inc.
Citrine Node Mesh Lumen,Citrine Node Mesh,Lumen Works Inc.
IndigoRouter Edge Gen Lite,Kairo Grid Shield,BrightWave Electronics Inc.
UmberRouter Lite Mini SE Air,Kairo Grid Shield,Lumen Works Inc.
Sol Grid Drive Lumen,Sol Grid Drive,Lumen Works Inc.
Onyx Grid Flow Lumen,Onyx Grid Flow,Lumen Works Inc.
Cedar Grid Arc Lumen,Cedar Grid Arc,Lumen Works Inc.
Azure Signal Edge Lumen,Azure Signal Edge,Lumen Works Inc.
CitrineRouter Mini Plus Pro,Argo Shield Wave,Astra Networks Inc.
Jade Shield Edge Lumen,Jade Shield Edge,Lumen Works Inc.
Atlas Wave Dock Skyforge,Atlas Wave Dock,Skyforge Labs Inc.
Crimson Vault Aurora,Crimson Vault,Aurora Industries Inc.
Atlas Wave Dock Riverstone,Atlas Wave Dock,Riverstone Manufacturing Inc.
Quartz Kernel Harbor,Quartz Kernel,Harbor Systems Inc.
Graphite Wave Harbor,Graphite Wave,Harbor Systems Inc.
Maple Grid Harbor,Maple Grid,Harbor Systems Inc.
Citrine Spark Zenith,Citrine Spark,Zenith Devices Inc.
Frost Edge RedStone,Frost Edge,RedStone Electronics Inc.
Astra Flex Evergreen,Astra Flex,Evergreen Components Inc.
SonicWatch Edge Air,Cobalt Matrix Signal,Arbor Devices Inc.
Lime Sense Highland,Lime Sense,Highland Group Inc.
EdgeCase Mini,Sol Node Edge,NovaWorks Holdings Inc.
EdgeCase Mini / OrionBuds Mini SE Air,Sol Node Edge,NovaWorks Holdings Inc.
PulseDrive Edge,Golden Drive,BlueRiver Labs Inc.
LumenStand Gen Lite,Sonic Flow,Windmill Manufacturing Inc.
MintBook SE Max Ultra,Pulse Engine Kernel,Ironwood Industries Inc.
Vega Matrix Astra,Vega Matrix,Astra Electronics Inc.
Umbral Hub Pinecone,Umbral Hub,Pinecone Components Inc.
Citrine Core Dock Pinecone,Citrine Core Dock,Pinecone Components Inc.
Sierra Drive Quantum,Sierra Drive,Quantum Networks Inc.
"AuroraBook Ultra, NovaKey Mini, CrownBook Ultra and AstraKey Mini",Sol Module & Frost Module & Azure Node & Violet Node,Copperline Holdings Inc.
Violet Spark Mountain,Violet Spark,Mountain Group Inc.
Sol Beam Glacier,Sol Beam,Glacier Works Inc.
Golden Spark Glacier,Golden Spark,Glacier Works Inc.
Frost Sense Crown,Frost Sense,Crown Holdings Inc.
Delta Vault Crown,Delta Vault,Crown Holdings Inc.
Opal Stack Link Crown,Opal Stack Link,Crown Holdings Inc.
Magenta Kernel and Onyx Spark,"Magenta Kernel, Onyx Spark",GoldenGate Electronics Inc.
OpalHub Air Plus and AuroraPhone Gen,Frost Sense & Vega Beam,BrightWave Manufacturing Inc.
Cedar Flow Skylark,Cedar Flow,Skylark Labs Inc.
Cedar Flow Sunpeak,Cedar Flow,Sunpeak Industries Inc.
Frost Sense BrightWave,Frost Sense,BrightWave Manufacturing Inc.
Umbral Hub BrightWave,Umbral Hub,BrightWave Manufacturing Inc.
Atlas Layer StonebridgFW,Atlas Layer,Stonebridge Devices Inc.
Ruby Core Hub StonebridgFW,Ruby Core Hub,Stonebridge Devices Inc.
FlexHub SE Gen Lite / SummitWatch Ultra,Coda Grid,EchoLabs Components Inc.
SparkSpeaker Mini,Cinder Module,Arbor Industries Inc.
SyncPad Mini SE,Beryl Stack,Arbor Industries Inc.
SlatePad SE Mini SE,Ivory Shield,Seabird Works Inc.
BeamRouter Mini Plus Pro,Opal Sense,Arbor Industries Inc.
NebulaPad SE SE Air,Violet Edge,Seabird Works Inc.
BeamRouter Max,Umbral Sync,NovaWorks Systems Inc.
NimbusWatch Plus Mini,Ivory Vault,Seabird Manufacturing Inc.
RubyWatch Plus Edge,Echo Vector,Arbor Industries Inc.
ArgoHub SE Plus,Silver Matrix Spark,Arbor Industries Inc.
CodaCharge Mini Plus Pro,Terra Pulse Kernel,Arbor Industries Inc.
ArgoCharge Mini Edge Gen,Terra Pulse Kernel,Arbor Industries Inc.
SonicLink SE,Magenta Pulse Engine,Arbor Industries Inc.
FlexLink Ultra Ultra,Magenta Pulse Engine,Arbor Industries Inc.
SaffronBeam Mini Mini SE,Crimson Drive Sync,Seabird Works Inc.
QuartzRouter Plus,Delta Core,Mosaic Systems Inc.
EdgeBook Mini,Coda Engine; Violet Matrix,Cinder Electronics Inc.
NimbusWatch Gen SE,Golden Module,Mosaic Systems Inc.
GoldenPhone Gen,Umber Fabric,Mosaic Systems Inc.
RubyCase Ultra Ultra,Violet Matrix,Cinder Electronics Inc.
AzureBeam Air,Violet Matrix and Mint Mesh and Argo Dock,Cinder Electronics Inc.
FlexStand Mini SE Air,Citrine Kernel,Mosaic Systems Inc.
WaveNode Ultra Mini,Cobalt Bridge Bridge and Topaz Wave,Orion Manufacturing Inc.
ZenithLink Max Ultra,Cedar Signal,Mosaic Systems Inc.
CopperBeam Mini Max Ultra,Umbral Shield,Cinder Electronics Inc.
OrionKey Plus Gen,Maple Drive,Cinder Electronics Inc.
CodaBuds Plus,Kairo Sense,Cinder Electronics Inc.
PulseBuds Plus,Kairo Sense,Mosaic Systems Inc.
MintCharge Air,Frost Dock & Azure Mesh,Mosaic Systems Inc.
GraphitePhone Gen,Kairo Edge,Mosaic Systems Inc.
SummitNode Plus Pro,Quartz Edge,Mosaic Systems Inc.
DriveLink Mini Air,Astra Vault + Jade Bridge Link,Cinder Electronics Inc.
NebulaStand SE Gen,Azure Layer,Mosaic Systems Inc.
SlateCase Lite Ultra,Auric Core Stack,Mosaic Systems Inc.
TealLink Lite Lite,Helio Fabric Sync,Cinder Electronics Inc.
SyncKey Max,Copper Kernel Spark,Mosaic Systems Inc.
EdgeRouter Max,Mint Kernel Kernel,Cinder Electronics Inc.
TopazCharge Pro Pro,Cobalt Bridge Bridge,Mosaic Systems Inc.
LyraDrive Mini Air,Citrine Bridge Frame,Mosaic Systems Inc.
PhotonSpeaker SE Lite,Violet Link Stack,Mosaic Systems Inc.
JadeBeam Air,Citrine Node Mesh,Cinder Electronics Inc.
AuroraLink Lite Mini,Sable Grid Sense,Mosaic Systems Inc.
CitrineDock Gen Plus,Terra Matrix Edge,Catalyst Components Inc.
CopperPhone Gen / HelioCase Max,Opal Wave,Lumen Networks Inc.
CopperPhone Gen / HelioCase Max,Opal Wave,Lumen Networks Inc.
WaveNode SE Mini,Echo Arc,Aurora Holdings Inc.
WaveNode SE Mini,Echo Arc,Aurora Holdings Inc.
WaveNode SE Mini,Echo Arc,Aurora Holdings Inc.
Aero Kernel Atlas,Aero Kernel,Atlas Manufacturing Inc.
Jade Grid Atlas,Jade Grid,Atlas Manufacturing Inc.
Argo Dock Atlas,Argo Dock,Atlas Manufacturing Inc.
Lime Signal Drive Atlas,Lime Signal Drive,Atlas Manufacturing Inc.
Quanta Module Matrix Zenith,Quanta Module Matrix,Zenith Systems Inc.
EdgeWatch Plus Edge,Azure Vector,Meadow Technologies Inc.
Magenta Fabric Sense Clearwater,Magenta Fabric Sense,Clearwater Electronics Inc.
Cobalt Grid Flex Highland,Cobalt Grid Flex,Highland Components Inc.
Argo Flex Windmill,Argo Flex,Windmill Labs Inc.
Argo Flex SpringboarUT,Argo Flex,Springboard Industries Inc.
Teal Module 128GB Dual‑SIM Nebula,Teal Module,Nebula Systems Inc.
QuantaNode Ultra Air,Sonic Node,Nebula Systems Inc.
IndigoPad Plus SE,Jade Flex,Nebula Systems Inc.
CobaltWatch SE Plus Pro,Frost Bridge Engine,Nebula Systems Inc.
SparkDrive SE SE,Ivory Shield Module,Meadow Works Inc.
ZenithCam,Kairo Core; Maple Flex,GoldenGate Technologies Inc.
ZenithCam and CrownStand Mini Air,"Kairo Core, Maple Flex",GoldenGate Technologies Inc.
OnyxDrive SE Air Plus and SparkDock,Indigo Core; Graphite Grid Matrix,Ironwood Components Inc.
Crimson Core Pinecone,Crimson Core,Pinecone Devices Inc.
SilverBuds Mini,Coda Engine,Arbor Devices Inc.
GoldenBeam Lite Mini and GoldenBuds Mini,Coda Engine; Ivory Sync,Photon Networks Inc.
Crimson Engine Pinecone,Crimson Engine,Pinecone Devices Inc.
Topaz Engine Pinecone,Topaz Engine,Pinecone Devices Inc.
Umbral Engine Pinecone,Umbral Engine,Pinecone Devices Inc.
Helio Module Pinecone,Helio Module,Pinecone Devices Inc.
Astra Module Pinecone,Astra Module,Pinecone Devices Inc.
"CobaltLink Mini, OnyxWatch Mini Ultra Edge and CrimsonBuds Mini SE",Beryl Hub & Azure Signal Edge,Lighthouse Networks Inc.
CobaltLink Mini and LumenDock Pro Air,Nova Core Matrix,Arbor Devices Inc.
CobaltLink Mini and OnyxWatch Mini Ultra Edge,Nova Core Matrix,Arbor Devices Inc.
Coda Module Pinecone,Coda Module,Pinecone Devices Inc.
Coda Module and Magenta Link,"Coda Module, Magenta Link",Harbor Devices Inc.
NimbusKey Mini,Coral Module,Meadow Technologies Inc.
Pearl Module Pinecone,Pearl Module,Pinecone Devices Inc.
Terra Stack Pinecone,Terra Stack,Pinecone Devices Inc.
Luna Stack Pinecone,Luna Stack,Pinecone Devices Inc.
Ember Stack Pinecone,Ember Stack,Pinecone Devices Inc.
Coral Stack Pinecone,Coral Stack,Pinecone Devices Inc.
CitrineDrive SE,Pearl Stack,Arbor Devices Inc.
Luna Fabric Pinecone,Luna Fabric,Pinecone Devices Inc.
AuroraPad Air,Echo Fabric,Arbor Devices Inc.
Orion Fabric Pinecone,Orion Fabric,Pinecone Devices Inc.
Indigo Fabric Pinecone,Indigo Fabric,Pinecone Devices Inc.
Atlas Matrix Pinecone,Atlas Matrix,Pinecone Devices Inc.
KairoNode Air,Mint Matrix,BrightWave Technologies Inc.
Violet Matrix Pinecone,Violet Matrix,Pinecone Devices Inc.
Pulse Kernel Pinecone,Pulse Kernel,Pinecone Devices Inc.
Vega Kernel Pinecone,Vega Kernel,Pinecone Devices Inc.
Quartz Kernel Pinecone,Quartz Kernel,Pinecone Devices Inc.
Magenta Kernel and Onyx Spark,Magenta Kernel and Onyx Spark,GoldenGate Electronics Inc.
Orion Bridge Pinecone,Orion Bridge,Pinecone Devices Inc.
Sierra Bridge Pinecone,Sierra Bridge,Pinecone Devices Inc.
Maple Bridge Pinecone,Maple Bridge,Pinecone Devices Inc.
Quartz Bridge Pinecone,Quartz Bridge,Pinecone Devices Inc.
Mint Bridge Pinecone,Mint Bridge,Pinecone Devices Inc.
Luna Link Pinecone,Luna Link,Pinecone Devices Inc.
Lyra Link and Nova Pulse,Lyra Link; Nova Pulse,Catalyst Industries Inc.
Frost Link Pinecone,Frost Link,Pinecone Devices Inc.
Ember Link Pinecone,Ember Link,Pinecone Devices Inc.
Ivory Link Pinecone,Ivory Link,Pinecone Devices Inc.
AtlasSpeaker Pro,Topaz Link,Catalyst Group Inc.
SummitCharge Pro,Citrine Link,Arbor Components Inc.
Umbral Link Pinecone,Umbral Link,Pinecone Devices Inc.
Astra Pulse Pinecone,Astra Pulse,Pinecone Devices Inc.
Zen Pulse Pinecone,Zen Pulse,Pinecone Devices Inc.
Quanta Pulse Pinecone,Quanta Pulse,Pinecone Devices Inc.
Mira Pulse Pinecone,Mira Pulse,Pinecone Devices Inc.
Coda Pulse Pinecone,Coda Pulse,Pinecone Devices Inc.
Atlas Pulse Pinecone,Atlas Pulse,Pinecone Devices Inc.
VegaStand Pro,Sol Pulse,BrightWave Electronics Inc.
Ember Pulse Pinecone,Ember Pulse,Pinecone Devices Inc.
Maple Pulse Pinecone,Maple Pulse,Pinecone Devices Inc.
NovaKey Max,Cedar Wave,BrightWave Electronics Inc.
Graphite Wave Pinecone,Graphite Wave,Pinecone Devices Inc.
Citrine Wave Pinecone,Citrine Wave,Pinecone Devices Inc.
UmberCase Max,Magenta Wave,DeepField Holdings Inc.
Luna Node Pinecone,Luna Node,Pinecone Devices Inc.
Vega Node Pinecone,Vega Node,Pinecone Devices Inc.
Sonic Node Pinecone,Sonic Node,Pinecone Devices Inc.
Indigo Node Pinecone,Indigo Node,Pinecone Devices Inc.
Nimbus Grid Pinecone,Nimbus Grid,Pinecone Devices Inc.
Coda Grid Pinecone,Coda Grid,Pinecone Devices Inc.
Sonic Grid Pinecone,Sonic Grid,Pinecone Devices Inc.
Atlas Grid Pinecone,Atlas Grid,Pinecone Devices Inc.
Kairo Grid Pinecone,Kairo Grid,Pinecone Devices Inc.
Delta Grid Pinecone,Delta Grid,Pinecone Devices Inc.
Maple Grid Pinecone,Maple Grid,Pinecone Devices Inc.
Quartz Grid Pinecone,Quartz Grid,Pinecone Devices Inc.
Mint Grid Pinecone,Mint Grid,Pinecone Devices Inc.
Pulse Signal and Azure Node Spark,"Pulse Signal, Azure Node Spark",Nebula Group Inc.
AzureCharge Ultra,Quanta Signal,BrightWave Electronics Inc.
Coral Signal Pinecone,Coral Signal,Pinecone Devices Inc.
Maple Signal Pinecone,Maple Signal,Pinecone Devices Inc.
Maple Signal and Atlas Wave Dock,Maple Signal and Atlas Wave Dock,Arbor Devices Inc.
Citrine Signal Pinecone,Citrine Signal,Pinecone Devices Inc.
"Citrine Signal, Coral Shield and Echo Node Fabric",Citrine Signal + Coral Shield + Echo Node Fabric,Arbor Devices Inc.
Nimbus Shield Pinecone,Nimbus Shield,Pinecone Devices Inc.
Coral Shield Pinecone,Coral Shield,Pinecone Devices Inc.
Coral Shield and Echo Node Fabric,Coral Shield and Echo Node Fabric,Arbor Devices Inc.
Delta Shield Pinecone,Delta Shield,Pinecone Devices Inc.
Golden Shield Pinecone,Golden Shield,Pinecone Devices Inc.
Graphite Shield Pinecone,Graphite Shield,Pinecone Devices Inc.
TerraSpeaker Edge,Atlas Drive,GoldenGate Technologies Inc.
PhotonSpeaker Edge,Sierra Drive,Arbor Devices Inc.
SummitLink Edge RevA,Auric Drive,Pinecone Devices Inc.
SummitLink Edge RevB,Auric Drive + Pearl Drive,Pinecone Devices Inc.
SlateKey Edge,Golden Drive & Pearl Layer,Pinecone Devices Inc.
ZenithDrive Edge,Cerulean Drive,Pinecone Devices Inc.
Topaz Drive Pinecone,Topaz Drive,Pinecone Devices Inc.
TerraStand SE 256GB Bundle/EchoPhone 1TB Dual‑SIM,Azure Drive; Pearl Layer,Pinecone Devices Inc.
NimbusStand SE 128GB Starter Kit/EchoPhone 64GB Bundle,Azure Drive + Pearl Layer,Pinecone Devices Inc.
Sol Sense and Coda Link Flex,Sol Sense + Coda Link Flex,Crown Group Inc.
Frost Sense Pinecone,Frost Sense,Pinecone Devices Inc.
OpalHub Air Plus and AuroraPhone Gen,Frost Sense; Vega Beam,BrightWave Manufacturing Inc.
Coral Sense Pinecone,Coral Sense,Pinecone Devices Inc.
Cedar Sense Pinecone,Cedar Sense,Pinecone Devices Inc.
Maple Sense Pinecone,Maple Sense,Pinecone Devices Inc.
Slate Sense Pinecone,Slate Sense,Pinecone Devices Inc.
SummitHub Gen,Azure Sense,GoldenGate Electronics Inc.
Mira Mesh Pinecone,Mira Mesh,Pinecone Devices Inc.
MiraCharge Gen,Cedar Mesh,BlueRiver Technologies Inc.
Pearl Mesh Pinecone,Pearl Mesh,Pinecone Devices Inc.
Pulse Edge Pinecone,Pulse Edge,Pinecone Devices Inc.
Zen Edge Pinecone,Zen Edge,Pinecone Devices Inc.
Zen Edge and Beryl Hub,Zen Edge + Beryl Hub,Pinecone Devices Inc.
Sol Edge Pinecone,Sol Edge,Pinecone Devices Inc.
TerraPhone Lite,Auric Edge,Photon Technologies Inc.
Zen Dock Pinecone,Zen Dock,Pinecone Devices Inc.
Argo Dock Pinecone,Argo Dock,Pinecone Devices Inc.
AtlasDrive Lite,Silver Dock,BlueRiver Works Inc.
Citrine Dock Pinecone,Citrine Dock,Pinecone Devices Inc.
Beryl Hub Pinecone,Beryl Hub,Pinecone Devices Inc.
SyncBeam Max Ultra and CrimsonBuds Mini SE,Beryl Hub + Topaz Sync,Arbor Components Inc.
SummitRouter SE Mini and CrimsonBuds Mini SE,Beryl Hub + Magenta Spark,Arbor Components Inc.
CrownLink SE Lite and CrimsonBuds Mini SE,"Beryl Hub, Coral Flow",Arbor Devices Inc.
LumenDock Pro Air and CrimsonBuds Mini SE,Beryl Hub and Nova Core Matrix,Catalyst Systems Inc.
EdgePhone Edge Gen/CrimsonBuds Mini SE,Beryl Hub & Helio Matrix Dock,Pinecone Devices Inc.
CodaPhone Mini SE Air and CrimsonBuds Mini SE,"Beryl Hub, Lime Wave Spark",Arbor Components Inc.
OnyxWatch Mini Ultra Edge and CrimsonBuds Mini SE,Beryl Hub; Azure Signal Edge,Arbor Devices Inc.
Opal Hub Pinecone,Opal Hub,Pinecone Devices Inc.
Violet Hub Pinecone,Violet Hub,Pinecone Devices Inc.
AstraWatch Pro Max,Helio Beam,Astra Works Inc.
Astra Beam Pinecone,Astra Beam,Pinecone Devices Inc.
Vega Beam Pinecone,Vega Beam,Pinecone Devices Inc.
Ivory Sync Pinecone,Ivory Sync,Pinecone Devices Inc.
Topaz Sync Pinecone,Topaz Sync,Pinecone Devices Inc.
Terra Flex Pinecone,Terra Flex,Pinecone Devices Inc.
Luna Flex Pinecone,Luna Flex,Pinecone Devices Inc.
Argo Flex Pinecone,Argo Flex,Pinecone Devices Inc.
Jade Flex Pinecone,Jade Flex,Pinecone Devices Inc.
Maple Flex Pinecone,Maple Flex,Pinecone Devices Inc.
Maple Flex and Coral Drive Node,"Maple Flex, Coral Drive Node",Arbor Devices Inc.
Pearl Flex Pinecone,Pearl Flex,Pinecone Devices Inc.
Quartz Flex Pinecone,Quartz Flex,Pinecone Devices Inc.
Aero Spark Pinecone,Aero Spark,Pinecone Devices Inc.
Nova Spark Pinecone,Nova Spark,Pinecone Devices Inc.
Orion Spark Pinecone,Orion Spark,Pinecone Devices Inc.
SenseBook SE Air,Cinder Spark,GoldenGate Electronics Inc.
Cedar Spark Pinecone,Cedar Spark,Pinecone Devices Inc.
Golden Spark Pinecone,Golden Spark,Pinecone Devices Inc.
Copper Spark Pinecone,Copper Spark,Pinecone Devices Inc.
Cerulean Spark Pinecone,Cerulean Spark,Pinecone Devices Inc.
Slate Spark Pinecone,Slate Spark,Pinecone Devices Inc.
Magenta Spark Pinecone,Magenta Spark,Pinecone Devices Inc.
Coral Flow Pinecone,Coral Flow,Pinecone Devices Inc.
Silver Flow Pinecone,Silver Flow,Pinecone Devices Inc.
Jade Arc Pinecone,Jade Arc,Pinecone Devices Inc.
Umber Arc Pinecone,Umber Arc,Pinecone Devices Inc.
Cerulean Arc Pinecone,Cerulean Arc,Pinecone Devices Inc.
Aero Vault Pinecone,Aero Vault,Pinecone Devices Inc.
Astra Vault Pinecone,Astra Vault,Pinecone Devices Inc.
Mira Vault Pinecone,Mira Vault,Pinecone Devices Inc.
Silver Vault Pinecone,Silver Vault,Pinecone Devices Inc.
Citrine Vault Pinecone,Citrine Vault,Pinecone Devices Inc.
Helio Vector Pinecone,Helio Vector,Pinecone Devices Inc.
Sierra Vector Pinecone,Sierra Vector,Pinecone Devices Inc.
Pearl Vector Pinecone,Pearl Vector,Pinecone Devices Inc.
Topaz Vector Pinecone,Topaz Vector,Pinecone Devices Inc.
QuantaWatch Plus Edge,Quartz Vector,Astra Works Inc.
Mint Vector Pinecone,Mint Vector,Pinecone Devices Inc.
Orion Frame Pinecone,Orion Frame,Pinecone Devices Inc.
Lyra Frame Pinecone,Lyra Frame,Pinecone Devices Inc.
NovaCharge Lite Edge and SignalCam Plus Edge,Ruby Pulse Spark,BrightWave Labs Inc.
JadeCharge Plus Ultra,Cinder Frame,Zenith Holdings Inc.
Topaz Frame Pinecone,Topaz Frame,Pinecone Devices Inc.
CoreDrive Plus SE,Opal Frame,Pinecone Devices Inc.
Citrine Frame Pinecone,Citrine Frame,Pinecone Devices Inc.
Teal Frame Pinecone,Teal Frame,Pinecone Devices Inc.
Coda Layer PineconeCV RevA,Coda Layer,Pinecone Devices Inc.
Coda Layer PineconeCV RevB,Coda Layer and Sonic Layer,Pinecone Devices Inc.
Kairo Layer Pinecone,Kairo Layer,Pinecone Devices Inc.
PearlBuds Edge,Maple Layer,Pinecone Devices Inc.
Silver Layer Pinecone,Silver Layer,Pinecone Devices Inc.
Teal Layer Pinecone,Teal Layer,Pinecone Devices Inc.
SenseSpeaker Pro Max Ultra,Frost Core Sync,Catalyst Industries Inc.
Cedar Core Core Pinecone,Cedar Core Core,Pinecone Devices Inc.
Delta Engine Spark Pinecone,Delta Engine Spark,Pinecone Devices Inc.
Maple Engine Frame Pinecone,Maple Engine Frame,Pinecone Devices Inc.
SyncCharge Max SE,Ivory Engine Wave,BrightWave Manufacturing Inc.
Cedar Module Flow Pinecone,Cedar Module Flow,Pinecone Devices Inc.
SparkPad Edge,Maple Module Arc,Pinecone Devices Inc.
CitrineBeam Edge,Lime Module Mesh,EchoLabs Systems Inc.
Magenta Module Sync Pinecone,Magenta Module Sync,Pinecone Devices Inc.
Pulse Stack Core Pinecone,Pulse Stack Core,Pinecone Devices Inc.
TealPad Ultra Mini,Orion Stack Fabric,Astra Manufacturing Inc.
Beryl Stack Kernel Pinecone,Beryl Stack Kernel,Pinecone Devices Inc.
Opal Stack Link Pinecone,Opal Stack Link,Pinecone Devices Inc.
NebulaDock Ultra Max,Astra Fabric Arc,Copperline Components Inc.
Pulse Fabric Vector Pinecone,Pulse Fabric Vector,Pinecone Devices Inc.
Quanta Fabric Layer Pinecone,Quanta Fabric Layer,Pinecone Devices Inc.
Sonic Fabric Matrix Pinecone,Sonic Fabric Matrix,Pinecone Devices Inc.
Atlas Fabric Kernel Pinecone,Atlas Fabric Kernel,Pinecone Devices Inc.
Auric Fabric Sync Pinecone,Auric Fabric Sync,Pinecone Devices Inc.
Indigo Fabric Flex Pinecone,Indigo Fabric Flex,Pinecone Devices Inc.
Silver Fabric Vault Pinecone,Silver Fabric Vault,Pinecone Devices Inc.
Terra Matrix Edge Pinecone,Terra Matrix Edge,Pinecone Devices Inc.
WavePhone Edge Ultra,Helio Matrix Dock,Nebula Industries Inc.
Pulse Matrix Flow Pinecone,Pulse Matrix Flow,Pinecone Devices Inc.
Kairo Matrix Fabric Pinecone,Kairo Matrix Fabric,Pinecone Devices Inc.
Coral Matrix Wave Pinecone,Coral Matrix Wave,Pinecone Devices Inc.
Astra Kernel Hub Pinecone,Astra Kernel Hub,Pinecone Devices Inc.
Onyx Kernel Grid Pinecone,Onyx Kernel Grid,Pinecone Devices Inc.
Pearl Kernel Drive Pinecone,Pearl Kernel Drive,Pinecone Devices Inc.
Crimson Kernel Edge Pinecone,Crimson Kernel Edge,Pinecone Devices Inc.
Umber Kernel Hub Pinecone,Umber Kernel Hub,Pinecone Devices Inc.
Golden Kernel Sync Pinecone,Golden Kernel Sync,Pinecone Devices Inc.
Copper Kernel Spark Pinecone,Copper Kernel Spark,Pinecone Devices Inc.
Nimbus Bridge Edge Pinecone,Nimbus Bridge Edge,Pinecone Devices Inc.
Frost Bridge Engine Pinecone,Frost Bridge Engine,Pinecone Devices Inc.
QuartzWatch Gen Ultra,Jade Bridge Link,GoldenGate Electronics Inc.
Helio Link Wave Pinecone,Helio Link Wave,Pinecone Devices Inc.
Luna Link Node Pinecone,Luna Link Node,Pinecone Devices Inc.
LumenCharge Gen SE,Pulse Link Sense,Arbor Devices Inc.
Pulse Link Sense Pinecone,Pulse Link Sense,Pinecone Devices Inc.
Zen Link Mesh Pinecone,Zen Link Mesh,Pinecone Devices Inc.
Terra Pulse Kernel Pinecone,Terra Pulse Kernel,Pinecone Devices Inc.
Orion Pulse Mesh Pinecone,Orion Pulse Mesh,Pinecone Devices Inc.
Slate Pulse Edge and Quanta Signal Stack,Slate Pulse Edge & Quanta Signal Stack,Catalyst Industries Inc.
Umbral Pulse Arc Pinecone,Umbral Pulse Arc,Pinecone Devices Inc.
Terra Wave Stack Pinecone,Terra Wave Stack,Pinecone Devices Inc.
Sonic Wave Edge Pinecone,Sonic Wave Edge,Pinecone Devices Inc.
Lime Wave Spark Pinecone,Lime Wave Spark,Pinecone Devices Inc.
Echo Node Fabric Pinecone,Echo Node Fabric,Pinecone Devices Inc.
Coda Node Shield Pinecone,Coda Node Shield,Pinecone Devices Inc.
Azure Node Spark Pinecone,Azure Node Spark,Pinecone Devices Inc.
Kairo Grid Shield Pinecone,Kairo Grid Shield,Pinecone Devices Inc.
Sol Grid Drive Pinecone,Sol Grid Drive,Pinecone Devices Inc.
Cedar Grid Arc Pinecone,Cedar Grid Arc,Pinecone Devices Inc.
Graphite Grid Matrix Pinecone,Graphite Grid Matrix,Pinecone Devices Inc.
Slate Grid Pulse Pinecone,Slate Grid Pulse,Pinecone Devices Inc.
Teal Grid Hub Pinecone,Teal Grid Hub,Pinecone Devices Inc.
HelioWatch Mini Gen Lite,Ruby Signal Grid,Catalyst Components Inc.
Ruby Signal Grid Pinecone,Ruby Signal Grid,Pinecone Devices Inc.
Azure Signal Edge Pinecone,Azure Signal Edge,Pinecone Devices Inc.
TerraHub Mini Gen Lite,Nimbus Shield Vector,Arbor Devices Inc.
Jade Shield Edge Pinecone,Jade Shield Edge,Pinecone Devices Inc.
Mira Drive Engine Pinecone,Mira Drive Engine,Pinecone Devices Inc.
Coral Drive Node Pinecone,Coral Drive Node,Pinecone Devices Inc.
Copper Drive Vector Pinecone,Copper Drive Vector,Pinecone Devices Inc.
Coda Module and Magenta Link,Coda Module; Magenta Link,Harbor Devices Inc.
Frost Sense Mountain,Frost Sense,Mountain Components Inc.
Opal Stack Link Mountain,Opal Stack Link,Mountain Components Inc.
Aero Matrix Glacier,Aero Matrix,Glacier Networks Inc.
Delta Engine Spark Glacier,Delta Engine Spark,Glacier Networks Inc.
Beryl Module Pulse Crown,Beryl Module Pulse,Crown Group Inc.
Saffron Bridge Skylark,Saffron Bridge,Skylark Works Inc.
SenseBook SE Air,Cinder Spark,GoldenGate Electronics Inc.
Coda Module and Magenta Link,Coda Module & Magenta Link,Harbor Devices Inc.
Luna Fabric BrightWave,Luna Fabric,BrightWave Labs Inc.
Nimbus Pulse BrightWave,Nimbus Pulse,BrightWave Labs Inc.
Quartz Grid BrightWave,Quartz Grid,BrightWave Labs Inc.
Pulse Signal and Azure Node Spark,Pulse Signal & Azure Node Spark,Nebula Group Inc.
Atlas Sense BrightWave,Atlas Sense,BrightWave Labs Inc.
Sol Sense BrightWave,Sol Sense,BrightWave Labs Inc.
Frost Edge BrightWave,Frost Edge,BrightWave Labs Inc.
Jade Flex BrightWave,Jade Flex,BrightWave Labs Inc.
Sierra Spark BrightWave,Sierra Spark,BrightWave Labs Inc.
Sol Flow BrightWave,Sol Flow,BrightWave Labs Inc.
AstraBook Plus Ultra,Graphite Vector,BrightWave Electronics Inc.
Magenta Module Sync BrightWave,Magenta Module Sync,BrightWave Labs Inc.
Teal Fabric Signal BrightWave,Teal Fabric Signal,BrightWave Labs Inc.
Terra Matrix Edge BrightWave,Terra Matrix Edge,BrightWave Labs Inc.
Coda Matrix Engine BrightWave,Coda Matrix Engine,BrightWave Labs Inc.
Magenta Bridge Bridge BrightWave,Magenta Bridge Bridge,BrightWave Labs Inc.
Helio Link Wave BrightWave,Helio Link Wave,BrightWave Labs Inc.
Luna Link Node BrightWave,Luna Link Node,BrightWave Labs Inc.
NovaCharge Lite Edge,Ruby Pulse Spark,BrightWave Labs Inc.
Golden Signal Engine BrightWave,Golden Signal Engine,BrightWave Labs Inc.
Ruby Shield Pulse BrightWave,Ruby Shield Pulse,BrightWave Labs Inc.
Coral Engine Starlight,Coral Engine,Starlight Industries Inc.
Topaz Bridge Starlight,Topaz Bridge,Starlight Industries Inc.
Terra Matrix Edge Starlight,Terra Matrix Edge,Starlight Industries Inc.
Atlas Wave Dock Starlight,Atlas Wave Dock,Starlight Industries Inc.
Beryl Signal Bridge Starlight,Beryl Signal Bridge,Starlight Industries Inc.
QuantaLink Pro,Umbral Link,Astra Networks Inc.
Cedar Sense Nightfall,Cedar Sense,Nightfall Manufacturing Inc.
Argo Shield Wave Nightfall,Argo Shield Wave,Nightfall Manufacturing Inc.
Lime Sense StonebridgNQ,Lime Sense,Stonebridge Systems Inc.
Delta Engine Photon,Delta Engine,Photon Technologies Inc.
SaffronDrive SE,Onyx Stack,Catalyst Group Inc.
Quartz Grid Photon,Quartz Grid,Photon Technologies Inc.
AzureCase Ultra,Jade Signal,Clearwater Labs Inc.
Argo Sense Photon,Argo Sense,Photon Technologies Inc.
Jade Sense Photon,Jade Sense,Photon Technologies Inc.
TerraPhone Lite,Auric Edge,Photon Technologies Inc.
Atlas Dock and Astra Vault,Atlas Dock + Astra Vault,Photon Technologies Inc.
Beryl Hub Photon,Beryl Hub,Photon Technologies Inc.
Pearl Flex Photon,Pearl Flex,Photon Technologies Inc.
HelioPad Ultra Mini and SummitRouter Air Lite,Astra Vault + Echo Stack Vector,Photon Technologies Inc.
Saffron Vault Photon,Saffron Vault,Photon Technologies Inc.
Silver Vault Photon,Silver Vault,Photon Technologies Inc.
Pulse Vector Photon,Pulse Vector,Photon Technologies Inc.
Graphite Vector Photon,Graphite Vector,Photon Technologies Inc.
Sonic Core Mesh Photon,Sonic Core Mesh,Photon Technologies Inc.
Terra Fabric Beam Photon,Terra Fabric Beam,Photon Technologies Inc.
Graphite Grid Matrix Photon,Graphite Grid Matrix,Photon Technologies Inc.
Ivory Grid Link Photon,Ivory Grid Link,Photon Technologies Inc.
CitrineRouter Mini Plus Pro,Argo Shield Wave,Astra Networks Inc.
Lime Sense EchoLabs,Lime Sense,EchoLabs Devices Inc.
Ember Bridge Northwind,Ember Bridge,Northwind Electronics Inc.
Saffron Bridge Northwind,Saffron Bridge,Northwind Electronics Inc.
Umber Bridge Northwind,Umber Bridge,Northwind Electronics Inc.
Pulse Fabric Vector DeepField,Pulse Fabric Vector,DeepField Components Inc.
Atlas Engine Seabird,Atlas Engine,Seabird Networks Inc.
Luna Fabric Seabird,Luna Fabric,Seabird Networks Inc.
Aero Link and Ruby Fabric Link,Aero Link + Ruby Fabric Link,Copperline Systems Inc.
Topaz Sense Seabird,Topaz Sense,Seabird Networks Inc.
Topaz Sense and Ruby Fabric Link,"Topaz Sense, Ruby Fabric Link",Clearwater Technologies Inc.
NovaKey SE Air,Vega Beam,GoldenGate Electronics Inc.
Vega Beam and Ruby Fabric Link,"Vega Beam, Ruby Fabric Link",Seabird Networks Inc.
Frost Flow Seabird,Frost Flow,Seabird Networks Inc.
ArgoPhone Plus Edge,Sierra Vector,Seabird Networks Inc.
SolSpeaker Pro Gen,Atlas Core Edge,BlueRiver Networks Inc.
IndigoHub Ultra and OpalHub Air Plus / BridgeHub Lite Mini,Golden Grid; Vega Beam,Cinder Technologies Inc.
SummitLink Edge,Pearl Drive,Arbor Devices Inc.
Vega Beam SilverLine,Vega Beam,SilverLine Components Inc.
Vega Beam Skyforge,Vega Beam,Skyforge Networks Inc.
Vega Beam Aurora,Vega Beam,Aurora Group Inc.
Vega Beam Riverstone,Vega Beam,Riverstone Works Inc.
Vega Beam Zenith,Vega Beam,Zenith Industries Inc.
Vega Beam and Ruby Fabric Link,Vega Beam; Ruby Fabric Link,Seabird Networks Inc.
Topaz Sense and Ruby Fabric Link,Topaz Sense + Ruby Fabric Link,Clearwater Technologies Inc.
Topaz Sense and Ruby Fabric Link,"Topaz Sense, Ruby Fabric Link",Clearwater Technologies Inc.
Argo Dock Summit,Argo Dock,Summit Electronics Inc.
Cinder Flow Summit,Cinder Flow,Summit Electronics Inc.
Ruby Grid Drive Summit,Ruby Grid Drive,Summit Electronics Inc.
Pulse Vector NovaWorks,Pulse Vector,NovaWorks Components Inc.
Sonic Grid BlueRiver,Sonic Grid,BlueRiver Networks Inc.
Pulse Vector Ironwood,Pulse Vector,Ironwood Group Inc.
"SenseBook Plus, SparkDock and OrionWatch Plus",Indigo Core & Lyra Kernel & Sierra Kernel,BlueRiver Technologies Inc.
Indigo Core and Jade Pulse,Indigo Core; Jade Pulse,Aurora Industries Inc.
AzureBuds Air Plus and SparkDock,Indigo Core + Topaz Hub,NovaWorks Holdings Inc.
EchoWatch Max Air and SparkDock,Indigo Core; Citrine Core Dock,Aurora Industries Inc.
Frost Module Windmill,Frost Module,Windmill Works Inc.
Violet Node Windmill,Violet Node,Windmill Works Inc.
Topaz Hub and Vega Beam,Topaz Hub and Vega Beam,Ironwood Components Inc.
Umbral Hub Windmill,Umbral Hub,Windmill Works Inc.
Pulse Vault Windmill,Pulse Vault,Windmill Works Inc.
Cobalt Vault Windmill,Cobalt Vault,Windmill Works Inc.
Citrine Core Dock Windmill,Citrine Core Dock,Windmill Works Inc.
Citrine Core Dock 1TB Bundle Windmill,Citrine Core Dock,Windmill Works Inc.
Umbral Core Sync Windmill,Umbral Core Sync,Windmill Works Inc.
CitrineCase Max Edge,Opal Module Node; Cedar Grid Arc,Crown Group Inc.
Opal Module Node Windmill,Opal Module Node,Windmill Works Inc.
Argo Pulse SpringboarKH,Argo Pulse,Springboard Holdings Inc.
Astra Module Lighthouse,Astra Module,Lighthouse Labs Inc.
Crimson Stack Lighthouse,Crimson Stack,Lighthouse Labs Inc.
Sonic Wave Lighthouse,Sonic Wave,Lighthouse Labs Inc.
Argo Dock Lighthouse,Argo Dock,Lighthouse Labs Inc.
Magenta Hub Lighthouse,Magenta Hub,Lighthouse Labs Inc.
Beryl Link Sync Lighthouse,Beryl Link Sync,Lighthouse Labs Inc.
Umber Drive Spark Lighthouse,Umber Drive Spark,Lighthouse Labs Inc.
Terra Pulse Kernel Astra,Terra Pulse Kernel,Astra Manufacturing Inc.
Violet Kernel Pinecone,Violet Kernel,Pinecone Systems Inc.
Cedar Sense Quantum,Cedar Sense,Quantum Technologies Inc.
Cedar Sense Mountain,Cedar Sense,Mountain Devices Inc.
GraphiteDrive SE Pro,Topaz Link Flex,Crown Components Inc.
Ruby Wave Sunpeak,Ruby Wave,Sunpeak Group Inc.
NebulaLink Ultra,Sonic Signal,Arbor Industries Inc.
Slate Grid Pulse Sunpeak,Slate Grid Pulse,Sunpeak Group Inc.
NimbusKey Mini and OrionDock Lite Pro,Coral Module,Meadow Technologies Inc.
NimbusKey Mini / TerraKey Mini,Coral Module,Meadow Technologies Inc.
Magenta Sync Nightfall,Magenta Sync,Nightfall Labs Inc.
Nimbus Engine Matrix Nightfall,Nimbus Engine Matrix,Nightfall Labs Inc.
Cobalt Matrix StonebridgIJ,Cobalt Matrix,Stonebridge Industries Inc.
Magenta Sync Photon,Magenta Sync,Photon Manufacturing Inc.
Indigo Node EchoLabs,Indigo Node,EchoLabs Systems Inc.
Cerulean Spark Northwind,Cerulean Spark,Northwind Technologies Inc.
Ivory Node Node Northwind,Ivory Node Node,Northwind Technologies Inc.
LyraRouter,Saffron Core,Harbor Devices Inc.
CitrineHub Ultra / CrimsonHub Ultra,Golden Grid,DeepField Devices Inc.
HarborBeam Max,Sol Engine,Crown Components Inc.
NimbusKey Mini and OrionDock Lite Pro,Coral Module,Meadow Technologies Inc.
NimbusKey Mini and OrionDock Lite Pro,Coral Module,Meadow Technologies Inc.
CopperKey Gen,Sonic Grid Grid,EchoLabs Holdings Inc.
Pearl Module GoldenGate,Pearl Module,GoldenGate Labs Inc.
Cobalt Matrix Signal Copperline,Cobalt Matrix Signal,Copperline Industries Inc.
Auric Sense Cinder,Auric Sense,Cinder Manufacturing Inc.
HarborBuds Ultra,"Magenta Kernel, Onyx Spark",Lumen Technologies Inc.
Argo Stack and Ivory Grid,Argo Stack & Ivory Grid,Meadow Manufacturing Inc.
Mint Bridge SilverLine,Mint Bridge,SilverLine Devices Inc.
Coda Core Sense 64GB Refurbished SilverLine,Coda Core Sense,SilverLine Devices Inc.
Opal Stack Link SilverLine,Opal Stack Link,SilverLine Devices Inc.
Silver Drive Flow SilverLine,Silver Drive Flow,SilverLine Devices Inc.
Argo Stack and Ivory Grid,Argo Stack + Ivory Grid,Meadow Manufacturing Inc.
Graphite Shield Skyforge,Graphite Shield,Skyforge Electronics Inc.
Copper Spark Skyforge,Copper Spark,Skyforge Electronics Inc.
Jade Arc Aurora,Jade Arc,Aurora Components Inc.
Aero Fabric Riverstone,Aero Fabric,Riverstone Networks Inc.
Quanta Pulse Riverstone,Quanta Pulse,Riverstone Networks Inc.
Vega Sense Riverstone,Vega Sense,Riverstone Networks Inc.
Cedar Sense Riverstone,Cedar Sense,Riverstone Networks Inc.
Cedar Core Core Riverstone,Cedar Core Core,Riverstone Networks Inc.
Lyra Bridge Harbor,Lyra Bridge,Harbor Group Inc.
Citrine Node Mesh Atlas,Citrine Node Mesh,Atlas Works Inc.
CodaPhone Mini SE Air and CrimsonBuds Mini SE,Beryl Hub; Lime Wave Spark,Arbor Components Inc.
JadeCharge Plus Ultra,Cinder Frame,Zenith Holdings Inc.
Argo Core Beam RedStone,Argo Core Beam,RedStone Labs Inc.
Topaz Sync Evergreen,Topaz Sync,Evergreen Industries Inc.
TerraHub Mini Gen Lite,Nimbus Shield Vector,Arbor Devices Inc.
Indigo Fabric Flex Highland,Indigo Fabric Flex,Highland Systems Inc.
Lyra Bridge Spark and Azure Signal Edge,Lyra Bridge Spark & Azure Signal Edge,Arbor Devices Inc.
Golden Drive NovaWorks,Golden Drive,NovaWorks Devices Inc.
Terra Wave Stack BlueRiver,Terra Wave Stack,BlueRiver Electronics Inc.
Copper Spark Ironwood,Copper Spark,Ironwood Components Inc.
Copper Spark Windmill,Copper Spark,Windmill Networks Inc.
SlateKey Plus SE / PearlKey Plus Mini,Citrine Frame,Springboard Group Inc.
SenseSpeaker Pro Max Ultra,Frost Core Sync,Catalyst Industries Inc.
Cerulean Core Grid Lighthouse,Cerulean Core Grid,Lighthouse Works Inc.
SenseSpeaker Pro Max Ultra,Frost Core Sync,Catalyst Industries Inc.
Pearl Pulse Kernel Astra,Pearl Pulse Kernel,Astra Labs Inc.
Opal Stack Link Pinecone,Opal Stack Link,Pinecone Industries Inc.
Atlas Wave Dock Quantum,Atlas Wave Dock,Quantum Manufacturing Inc.
Quanta Vector Mountain,Quanta Vector,Mountain Systems Inc.
Mint Bridge Glacier,Mint Bridge,Glacier Technologies Inc.
Atlas Fabric Kernel Crown,Atlas Fabric Kernel,Crown Devices Inc.
NebulaDrive Max,Teal Matrix,Skylark Electronics Inc.
NebulaDrive Max,Teal Matrix,Skylark Electronics Inc.
FlexDrive Mini Air,Luna Bridge,BrightWave Networks Inc.
Sol Wave BrightWave,Sol Wave,BrightWave Networks Inc.
CatalystCase Gen / SolDrive Max,Sol Wave,BrightWave Networks Inc.
CatalystDock Ultra,Ruby Grid,BrightWave Networks Inc.
TealNode SE,Ruby Edge,BrightWave Networks Inc.
NimbusHub Ultra Ultra,Nimbus Engine Matrix,BrightWave Networks Inc.
AtlasPhone Air / VectorLink Max Pro,Aero Module Arc,BrightWave Networks Inc.
CatalystBeam SE,Pulse Kernel; Terra Grid,Starlight Group Inc.
RubyLink Lite Pro,Umber Arc; Graphite Kernel Flex,Starlight Group Inc.
SilverCharge Lite Edge,Helio Pulse Bridge,BlueRiver Works Inc.
GraphiteDock Air Max,Cobalt Vault,Stonebridge Holdings Inc.
SummitSpeaker Mini Gen,Terra Bridge,Photon Labs Inc.
GoldenBeam Edge,Mint Edge,EchoLabs Industries Inc.
Lime Engine Northwind,Lime Engine,Northwind Manufacturing Inc.
Cinder Bridge Seabird,Cinder Bridge,Seabird Technologies Inc.
TopazLink Air / SolPhone Mini Ultra and CoreBook Pro Max,"Slate Hub, Aero Flex",Saffron Devices Inc.
BeamCase Gen SE,Quanta Flex,Meadow Electronics Inc.
SlateSpeaker Mini Max,Quanta Module,Arbor Components Inc.
SummitNode Mini SE Air,Lime Beam and Lime Wave Spark,Arbor Components Inc.
GraphiteWatch Lite,Quanta Bridge,Arbor Components Inc.
NebulaBook Mini Lite,Atlas Pulse,Arbor Components Inc.
GlacierBuds Gen,Copper Sense,Arbor Components Inc.
CobaltHub Gen Lite Mini,Golden Spark,Arbor Components Inc.
AzureNode Ultra Ultra,Magenta Spark,Arbor Components Inc.
BeamPhone SE Gen Lite,Umber Arc,Arbor Components Inc.
DriveNode Mini Max Ultra,Sonic Vault,Arbor Components Inc.
CrownWatch Plus Edge,Topaz Vector,Arbor Components Inc.
NimbusCase Max,Violet Frame,Arbor Components Inc.
ArgoWatch Pro Edge,Terra Layer,Arbor Components Inc.
MiraPhone Plus,Frost Link Frame,Arbor Components Inc.
TopazPhone Lite Mini SE,Orion Pulse Mesh,Arbor Components Inc.
CorePad Air,Argo Node Dock,Arbor Components Inc.
ArgoDock Edge,Cedar Grid Arc,Arbor Components Inc.
AzureRouter SE Ultra Edge,Copper Drive Vector,Arbor Components Inc.
Ember Drive Orion,Ember Drive,Orion Networks Inc.
SolBook Lite Mini,Cinder Edge,Orion Networks Inc.
QuartzBeam Ultra 1TB Starter Kit,Ember Drive,Mosaic Group Inc.
MiraPhone Edge,Cinder Link,GoldenGate Works Inc.
CobaltHub Gen Lite Mini,Golden Spark,Arbor Components Inc.
CrownWatch Plus Edge,Topaz Vector,Arbor Components Inc.
HelioStand Mini Gen Lite,Crimson Fabric,Catalyst Industries Inc.
AstraStand Edge / AstraKey Mini,Frost Module,Lumen Manufacturing Inc.
AstraStand Edge / AstraKey Mini,Frost Module,Lumen Manufacturing Inc.
AzureRouter SE Ultra Edge,Copper Drive Vector,Arbor Components Inc.
AzureRouter SE Ultra Edge,Copper Drive Vector,Arbor Components Inc.
Indigo Core Riverstone,Indigo Core,Riverstone Electronics Inc.
Umber Core Riverstone,Umber Core,Riverstone Electronics Inc.
CitrineStand Plus Pro Max,Golden Core; Vega Engine; Violet Module; Sol Stack; Delta Wave; Coda Dock; Sol Dock; Coda Hub; Teal Sync; Mira Spark; Quartz Flow; Lyra Vault; Citrine Module Signal; Saffron Fabric Flow; Teal Bridge Fabric; Coral Wave Arc; Topaz Node Shield; Frost Signal Shield; Delta Signal Dock; Sable Signal Signal,Riverstone Electronics Inc.
NebulaBuds Ultra Plus,Vega Engine and Violet Module and Sol Stack and Coda Dock and Sol Dock and Coda Hub and Teal Sync and Mira Spark and Quartz Flow and Lyra Vault and Citrine Module Signal and Saffron Fabric Flow and Teal Bridge Fabric and Topaz Node Shield and Frost Signal Shield and Delta Signal Dock and Sable Signal Signal,Riverstone Electronics Inc.
Helio Kernel Riverstone,Helio Kernel,Riverstone Electronics Inc.
IndigoBook Ultra,Umber Kernel; Luna Grid; Opal Stack Link; Auric Link Wave; Ivory Link Hub,Riverstone Electronics Inc.
OpalBook Air,"Umber Kernel, Magenta Flow, Opal Stack Link, Jade Link Matrix, Auric Link Wave, Indigo Link Node",Riverstone Electronics Inc.
GoldenLink Edge Edge,Umber Kernel; Opal Stack Link; Auric Link Wave,Northwind Networks Inc.
AzureCase Mini Mini,Umber Kernel and Opal Stack Link and Auric Link Wave and Ivory Link Hub,Northwind Networks Inc.
AzureCase Mini Mini / TealCase Mini SE,"Umber Kernel, Opal Stack Link, Auric Link Wave, Ivory Link Hub",Northwind Networks Inc.
WaveDock Plus,Silver Kernel,Riverstone Electronics Inc.
Coral Bridge Riverstone,Coral Bridge,Riverstone Electronics Inc.
Jade Bridge and RubyBook Ultra,Jade Bridge,Riverstone Electronics Inc.
SolPhone Pro and RubyBook Ultra,Crimson Bridge,Astra Technologies Inc.
CopperPhone Pro and RubyBook Ultra,Beryl Bridge,Glacier Works Inc.
EchoPad Pro and RubyBook Ultra,Opal Bridge,Harbor Devices Inc.
SaffronBeam Pro,Sonic Link,Riverstone Electronics Inc.
CobaltHub Ultra Max,Luna Grid & Opal Stack Link & Auric Link Wave,Northwind Networks Inc.
RubyBook Ultra,Luna Grid,Northwind Networks Inc.
CobaltBeam Lite,Luna Grid & Azure Dock,Riverstone Electronics Inc.
GoldenHub SE Mini and RubyBook Ultra,Ivory Spark,Lighthouse Works Inc.
TerraPhone Mini Max,Luna Grid + Magenta Flow + Opal Stack Link + Umbral Stack Signal + Quanta Grid + Jade Link Matrix,Riverstone Electronics Inc.
Helio Grid Riverstone,Helio Grid & Indigo Signal Vault,Riverstone Electronics Inc.
CobaltHub Ultra Max and UmberStand Gen Mini,Luna Grid & Opal Stack Link & Auric Link Wave,Northwind Networks Inc.
Helio Grid and Indigo Signal Vault,"Helio Grid, Indigo Signal Vault, Auric Link Wave",Riverstone Electronics Inc.
SilverHub SE Mini and HelioHub Edge,Citrine Shield + Ivory Spark,Riverstone Electronics Inc.
Sol Dock Riverstone,Sol Dock,Riverstone Electronics Inc.
Azure Dock Riverstone,Azure Dock,Riverstone Electronics Inc.
Sierra Spark Riverstone,Sierra Spark,Riverstone Electronics Inc.
GoldenHub SE Mini,Ivory Spark,Lighthouse Works Inc.
LyraPhone Mini Edge 64GB Bundle,Magenta Flow + Opal Stack Link + Umbral Stack Signal + Cobalt Vector + Jade Link Matrix + Auric Link Wave + Silver Link Drive + Ruby Link Vault + Quanta Grid,Riverstone Electronics Inc.
HelioPhone Mini Ultra,Magenta Flow & Opal Stack Link & Jade Link Matrix & Auric Link Wave & Silver Link Drive,Riverstone Electronics Inc.
SlateNode Max Mini,Magenta Flow; Opal Stack Link; Jade Link Matrix; Auric Link Wave; Silver Link Drive,Riverstone Electronics Inc.
SparkNode SE Lite,Echo Arc,Lumen Works Inc.
WaveNode SE Mini,Echo Arc,Aurora Holdings Inc.
Quanta Arc Riverstone,Quanta Arc,Riverstone Electronics Inc.
Violet Arc and UmberStand Gen Mini,Violet Arc,Riverstone Electronics Inc.
Silver Vault Riverstone,Silver Vault,Riverstone Electronics Inc.
Opal Vault 512GB Dual‑SIM Riverstone,Opal Vault,Riverstone Electronics Inc.
QuantaPad Ultra Max and SenseBeam Lite Pro and UmberStand Gen Mini,Astra Stack Frame & Cedar Wave Engine,Astra Electronics Inc.
Opal Stack Link RiverstoneTR RevA,Opal Stack Link,Riverstone Electronics Inc.
Opal Stack Link RiverstoneTR RevB,Opal Stack Link; Auric Link Wave,Riverstone Electronics Inc.
Auric Link Wave Riverstone,Auric Link Wave,Riverstone Electronics Inc.
VectorPad Pro SE,Sonic Pulse Beam,Riverstone Electronics Inc.
Sonic Signal Pulse Riverstone,Sonic Signal Pulse,Riverstone Electronics Inc.
AstraWatch Lite Ultra,Echo Drive Flex,Atlas Technologies Inc.
Sable Engine Atlas,Sable Engine,Atlas Networks Inc.
Aero Link Atlas,Aero Link,Atlas Networks Inc.
Mira Link 512GB Dual‑SIM Zenith,Mira Link,Zenith Group Inc.
Aero Link RedStone,Aero Link,RedStone Works Inc.
Cedar Flex 256GB Bundle Evergreen,Cedar Flex,Evergreen Holdings Inc.
PearlBook Air,Cedar Vector,Highland Industries Inc.
Indigo Node Windmill,Indigo Node,Windmill Electronics Inc.
Indigo Node SpringboarJU,Indigo Node,Springboard Components Inc.
Silver Stack Nebula,Silver Stack,Nebula Group Inc.
SolRouter Air / NebulaRouter Air,"Opal Fabric, Topaz Fabric",Nebula Group Inc.
AuroraNode Air 128GB Refurbished / OrionDrive Ultra Edge,Mint Matrix,Astra Works Inc.
Sable Module Drive Quantum,Sable Module Drive,Quantum Labs Inc.
CobaltLink Plus Gen and SummitCam Ultra Max and JadeBuds Max Ultra,Opal Hub & Umber Frame & Silver Stack Layer,Glacier Manufacturing Inc.
TerraDock Lite Edge and SummitRouter Ultra SE,Coda Fabric Fabric & Cerulean Pulse Sense,Mountain Industries Inc.
"CobaltLink Plus Gen and SummitCam Ultra Max, CodaBook Air and JadeBuds Max Ultra",Opal Hub & Umber Frame & Silver Stack Layer,Glacier Manufacturing Inc.
CobaltLink Plus Gen and SummitCam Ultra Max and CodaBook Air,Opal Hub and Umber Frame and Silver Stack Layer,Glacier Manufacturing Inc.
Vega Fabric and Silver Stack Layer,Vega Fabric & Silver Stack Layer,Glacier Manufacturing Inc.
UmberSpeaker Air,Lime Fabric,Glacier Manufacturing Inc.
Opal Matrix Glacier,Opal Matrix,Glacier Manufacturing Inc.
CitrineDrive SE Plus 512GB Refurbished,Opal Matrix,Glacier Manufacturing Inc.
RubyDrive SE Pro 1TB Bundle,Opal Matrix,Glacier Manufacturing Inc.
Kairo Wave Glacier,Kairo Wave,Glacier Manufacturing Inc.
CobaltLink Plus Gen and SummitCam Ultra Max and CodaPad Ultra,"Opal Hub, Umber Frame, Silver Stack Layer",Glacier Manufacturing Inc.
OnyxLink Plus Lite and CodaPad Ultra,Ivory Node; Umber Frame; Silver Stack Layer,Glacier Manufacturing Inc.
SyncRouter SE Air Plus and CodaPad Ultra,Argo Grid Sense,Cinder Manufacturing Inc.
Slate Node Glacier,Slate Node,Glacier Manufacturing Inc.
Sonic Grid Glacier,Sonic Grid,Glacier Manufacturing Inc.
NimbusCharge Ultra,Pulse Signal,Glacier Manufacturing Inc.
Pulse Signal and Azure Node Spark,"Pulse Signal, Azure Node Spark",Nebula Group Inc.
Cinder Drive Glacier,Cinder Drive,Glacier Manufacturing Inc.
Sol Mesh Glacier,Sol Mesh,Glacier Manufacturing Inc.
MiraRouter Edge Lite,Argo Mesh,Glacier Manufacturing Inc.
WaveHub SE Mini SE,Graphite Edge,Glacier Manufacturing Inc.
Lime Edge Glacier,Lime Edge,Glacier Manufacturing Inc.
CobaltLink Plus Gen and SummitCam Ultra Max and QuartzCharge Lite,Opal Hub and Umber Frame and Silver Stack Layer,Glacier Manufacturing Inc.
NovaStand Mini Mini SE,Ivory Hub,Glacier Manufacturing Inc.
CobaltLink Plus Gen and SummitCam Ultra Max and JadeBuds Max Ultra,Opal Hub & Umber Frame & Silver Stack Layer,Glacier Manufacturing Inc.
CrimsonCase Mini Lite,Aero Beam,Glacier Manufacturing Inc.
Ivory Sync Glacier,Ivory Sync,Glacier Manufacturing Inc.
Quartz Flex Glacier,Quartz Flex,Glacier Manufacturing Inc.
JadeBeam Mini Pro Max,Citrine Flex,Glacier Manufacturing Inc.
Delta Spark Glacier,Delta Spark,Glacier Manufacturing Inc.
PhotonLink SE Mini,Sierra Flow,Glacier Manufacturing Inc.
CatalystLink SE Mini,Sierra Flow,Glacier Manufacturing Inc.
SlateSpeaker SE Plus Pro,Sierra Flow; Sol Grid Drive,Glacier Manufacturing Inc.
Mint Layer Glacier,Mint Layer,Glacier Manufacturing Inc.
TealDrive Air Edge,Cobalt Module Sync,Glacier Manufacturing Inc.
Silver Stack Layer and Vega Signal Fabric,Silver Stack Layer and Vega Signal Fabric,Glacier Manufacturing Inc.
Coda Fabric Fabric Glacier,Coda Fabric Fabric,Glacier Manufacturing Inc.
Golden Fabric Vector Glacier,Golden Fabric Vector,Glacier Manufacturing Inc.
Cerulean Pulse Sense Glacier,Cerulean Pulse Sense,Glacier Manufacturing Inc.
Sol Grid Drive Glacier,Sol Grid Drive,Glacier Manufacturing Inc.
LyraPad SE Mini SE,Azure Grid Beam,Glacier Manufacturing Inc.
Atlas Signal Wave Glacier,Atlas Signal Wave,Glacier Manufacturing Inc.
NebulaCase Mini Pro Max,Sierra Shield Drive,Clearwater Works Inc.
Saffron Mesh Crown,Saffron Mesh,Crown Systems Inc.
PhotonLink SE Mini / SignalLink SE Plus,Sierra Flow,Glacier Manufacturing Inc.
BeamDock Mini SE Air / CrimsonDock Air Plus Pro,Azure Node Spark,Skylark Technologies Inc.
AuroraSpeaker Gen and CoreDock Air,"Saffron Fabric, Ember Mesh",Sunpeak Devices Inc.
SparkDock Gen Lite Mini / CrimsonDock Air Plus Pro,Azure Node Spark,Sunpeak Devices Inc.
NebulaCase Mini Pro Max,Sierra Shield Drive,Clearwater Works Inc.
Sol Mesh Starlight,Sol Mesh,Starlight Components Inc.
SlatePhone Mini Ultra / CrimsonDock Air Plus Pro,Azure Node Spark,Nightfall Networks Inc.
SilverPhone SE Edge Gen,Opal Hub,Arbor Devices Inc.
PhotonBuds Plus,Lime Core and Cerulean Fabric and Pulse Pulse,Arbor Devices Inc.
EchoRouter Air,"Cerulean Fabric, Pulse Pulse",Arbor Devices Inc.
GlacierDrive Gen Air,Sable Matrix,Arbor Devices Inc.
QuantaNode Mini Plus Pro,Pulse Kernel,Arbor Devices Inc.
TerraKey Plus,Jade Grid,Arbor Devices Inc.
TopazBuds Mini Plus,Umbral Signal,Arbor Devices Inc.
ArgoDrive SE,Cinder Flow,Arbor Devices Inc.
UmberBook Pro,Sable Vector,Arbor Devices Inc.
CobaltDrive Mini,Maple Link Link & Quartz Link Flow,Arbor Devices Inc.
NovaDock Edge Pro,Teal Grid Hub,Arbor Devices Inc.
WaveDock Lite Mini SE Air / CrimsonDock Air Plus Pro,Azure Node Spark,Clearwater Technologies Inc.
SparkCase Mini / IndigoRouter Gen,Mira Mesh,Mosaic Components Inc.
HelioKey Plus / SyncCam Ultra,Jade Grid,GoldenGate Networks Inc.
AtlasPhone Mini Pro / SolPhone Mini Ultra,Aero Flex,GoldenGate Networks Inc.
IndigoBeam Lite Air / TerraSpeaker Ultra Edge Gen,Delta Grid Sync,GoldenGate Works Inc.
HelioRouter Edge Edge / WaveKey SE Air Plus,Teal Grid Hub,Copperline Group Inc.
HelioRouter Edge Edge / WaveKey SE Air Plus,Teal Grid Hub,Copperline Group Inc.
HarborBeam Lite Mini SE,Vega Matrix,Starlight Holdings Inc.
FlexPhone SE,Nimbus Kernel,Cinder Works Inc.
CrownHub SE SE,Lyra Link; Nova Pulse,Cinder Works Inc.
RubyHub Max Ultra Edge,Jade Grid,Cinder Works Inc.
TealHub Mini Gen Lite,Delta Shield; Beryl Hub,Cinder Works Inc.
MintCam Mini Plus Pro,Frost Mesh,Cinder Works Inc.
LyraPhone Plus,Quartz Dock,Cinder Works Inc.
SignalCase Ultra,Quartz Dock; Cobalt Wave Frame,Cinder Works Inc.
SonicCharge Max,Pulse Module Stack,Cinder Works Inc.
GoldenWatch Plus Ultra,Cobalt Fabric Sense,BrightWave Works Inc.
SummitWatch SE Lite Mini,Cerulean Bridge Sync,Cinder Works Inc.
OnyxBook SE,Cobalt Wave Frame,Cinder Works Inc.
CrownRouter Mini,Teal Grid Hub,Cinder Works Inc.
AuroraSpeaker Edge,Violet Bridge Kernel,Catalyst Holdings Inc.
AuroraSpeaker Edge,Violet Bridge Kernel,Catalyst Holdings Inc.
TerraRouter Edge Ultra / WaveKey SE Air Plus,Teal Grid Hub,SilverLine Industries Inc.
NimbusDock / HarborCase Pro and QuantaRouter Air,Cerulean Fabric + Pulse Pulse,Skyforge Manufacturing Inc.
NimbusDock / CrownCharge Pro Gen / HarborCase Pro and QuantaRouter Air,Cerulean Fabric & Pulse Pulse,Skyforge Manufacturing Inc.
NimbusCam SE Mini SE / CrownCase Pro 512GB Bundle and BeamKey Air Plus Pro 128GB Starter Kit,Pulse Pulse & Teal Grid Hub,Skyforge Manufacturing Inc.
CodaPhone Edge / SummitDrive Edge,Umbral Drive,Skyforge Manufacturing Inc.
QuartzSpeaker SE Ultra / GoldenBuds Gen Lite,Citrine Hub,Skyforge Manufacturing Inc.
PulseKey SE Lite / OnyxDrive SE Gen,Maple Flow,Skyforge Manufacturing Inc.
FlexBeam Max / RubyCharge Air SE,Graphite Vault,Skyforge Manufacturing Inc.
QuartzKey Mini Mini SE / MintCharge Edge Gen,Astra Kernel Hub,Aurora Systems Inc.
CrownSpeaker SE Gen Lite / KairoLink Edge Gen,Graphite Beam,GoldenGate Works Inc.
CrownSpeaker SE Gen Lite / KairoLink Edge Gen,Graphite Beam,GoldenGate Works Inc.
NebulaSpeaker Ultra Ultra,"Vega Engine, Violet Module, Sol Stack, Delta Wave, Coda Dock, Sol Dock, Coda Hub, Teal Sync, Mira Spark, Quartz Flow, Lyra Vault, Citrine Module Signal, Saffron Fabric Flow, Teal Bridge Fabric, Coral Wave Arc, Topaz Node Shield, Frost Signal Shield, Delta Signal Dock, Sable Signal Signal",NovaWorks Industries Inc.
OnyxCase Pro,Vega Engine; Violet Module; Umber Kernel; Helio Grid; Sol Dock; Coda Hub; Teal Sync; Mira Spark; Opal Flow; Magenta Flow; Lyra Vault; Citrine Module Signal; Umbral Stack Signal; Quanta Grid; Saffron Fabric Flow; Teal Bridge Fabric; Auric Link Wave; Topaz Node Shield; Frost Signal Shield; Delta Signal Dock; Sable Signal Signal; Jade Link Matrix,NovaWorks Industries Inc.
NebulaKey Plus Plus,Astra Module,NovaWorks Industries Inc.
AzureCase Mini Mini,Umber Kernel and Opal Stack Link and Auric Link Wave and Ivory Link Hub,Northwind Networks Inc.
LumenPhone Pro,Jade Bridge,Arbor Devices Inc.
CopperPhone Pro,Beryl Bridge,Glacier Works Inc.
Pulse Pulse NovaWorks,Pulse Pulse,NovaWorks Industries Inc.
Sol Wave NovaWorks,Sol Wave,NovaWorks Industries Inc.
RubyBook Ultra and OnyxPad Edge 512GB Bundle,Luna Grid,Northwind Networks Inc.
CobaltHub Ultra Max,Luna Grid & Opal Stack Link & Auric Link Wave,Northwind Networks Inc.
CobaltHub Ultra Max and UmberStand Gen Mini,Luna Grid + Opal Stack Link + Auric Link Wave,Northwind Networks Inc.
RubyBook Ultra and UmberStand Gen Mini,Luna Grid,Northwind Networks Inc.
Lyra Signal NovaWorks,Lyra Signal,NovaWorks Industries Inc.
Nova Drive NovaWorks,Nova Drive,NovaWorks Industries Inc.
Coda Drive NovaWorks,Coda Drive,NovaWorks Industries Inc.
CrownKey Pro Pro,Quanta Arc,NovaWorks Industries Inc.
SilverDock Air Plus,Helio Vault,NovaWorks Industries Inc.
Kairo Layer NovaWorks,Kairo Layer,NovaWorks Industries Inc.
JadeLink Max Gen,Helio Module Vector,BrightWave Electronics Inc.
Opal Stack Link NovaWorks,Opal Stack Link and Auric Link Wave,NovaWorks Industries Inc.
AstraWatch Lite Ultra,Echo Drive Flex,Atlas Technologies Inc.
RubyBook Ultra,Luna Grid,Northwind Networks Inc.
TerraStand Lite Mini,Sonic Pulse Beam,Astra Technologies Inc.
Indigo Core SpringboarPF,Indigo Core,Springboard Devices Inc.
Umber Core SpringboarPF,Umber Core,Springboard Devices Inc.
NebulaSpeaker Ultra Ultra,Vega Engine and Violet Module and Sol Stack and Delta Wave and Coda Dock and Sol Dock and Coda Hub and Teal Sync and Mira Spark and Quartz Flow and Lyra Vault and Citrine Module Signal and Saffron Fabric Flow and Teal Bridge Fabric and Coral Wave Arc and Topaz Node Shield and Frost Signal Shield and Delta Signal Dock and Sable Signal Signal,NovaWorks Industries Inc.
CrimsonCase Pro,"Vega Engine, Violet Module, Sol Stack, Coda Dock, Sol Dock, Coda Hub, Teal Sync, Mira Spark, Quartz Flow, Lyra Vault, Citrine Module Signal, Saffron Fabric Flow, Teal Bridge Fabric, Topaz Node Shield, Frost Signal Shield, Delta Signal Dock, Sable Signal Signal",Springboard Devices Inc.
GraphiteDrive Ultra Max,"Vega Engine, Violet Module, Sol Stack, Coda Dock, Sol Dock, Coda Hub, Teal Sync, Mira Spark, Quartz Flow, Lyra Vault, Citrine Module Signal, Saffron Fabric Flow, Teal Bridge Fabric, Topaz Node Shield, Frost Signal Shield, Delta Signal Dock, Sable Signal Signal",Springboard Devices Inc.
CobaltCase Pro,Vega Engine & Violet Module & Helio Grid & Sol Dock & Coda Hub & Teal Sync & Mira Spark & Opal Flow & Lyra Vault & Citrine Module Signal & Saffron Fabric Flow & Teal Bridge Fabric & Topaz Node Shield & Frost Signal Shield & Delta Signal Dock & Sable Signal Signal,Springboard Devices Inc.
PulseKey Air Plus Pro,Vega Engine & Violet Module & Sol Dock & Coda Hub & Teal Sync & Mira Spark & Citrine Flow & Lyra Vault & Citrine Module Signal & Saffron Fabric Flow & Teal Bridge Fabric & Topaz Node Shield & Frost Signal Shield & Delta Signal Dock & Sable Signal Signal,Springboard Devices Inc.
Crimson Fabric SpringboarPF,Crimson Fabric,Springboard Devices Inc.
Maple Matrix SpringboarPF,Maple Matrix,Springboard Devices Inc.
AzureCase Mini Mini and RubyBook Ultra,Umber Kernel and Opal Stack Link and Auric Link Wave and Ivory Link Hub,Northwind Networks Inc.
OnyxHub Ultra Ultra and RubyBook Ultra,Umber Kernel; Luna Grid; Opal Stack Link; Auric Link Wave; Ivory Link Hub,Mountain Components Inc.
OrionKey Plus,Umber Kernel & Magenta Flow & Opal Stack Link & Auric Link Wave,Evergreen Systems Inc.
GoldenLink Edge Edge,Umber Kernel + Opal Stack Link + Auric Link Wave,Northwind Networks Inc.
AzureCase Mini Mini,Umber Kernel and Opal Stack Link and Auric Link Wave and Ivory Link Hub,Northwind Networks Inc.
CatalystNode Plus,Coral Bridge,Aurora Group Inc.
Sol Wave SpringboarPF,Sol Wave,Springboard Devices Inc.
Delta Wave SpringboarPF,Delta Wave,Springboard Devices Inc.
EchoLink Lite Plus,Maple Node,Springboard Devices Inc.
RubyBook Ultra,Luna Grid,Northwind Networks Inc.
CobaltHub Ultra Max,"Luna Grid, Opal Stack Link, Auric Link Wave",Northwind Networks Inc.
CobaltHub Ultra Max and UmberStand Gen Mini,Luna Grid & Opal Stack Link & Auric Link Wave,Northwind Networks Inc.
Cobalt Grid SpringboarPF,Cobalt Grid,Springboard Devices Inc.
Helio Signal and RubyBook Ultra,Helio Signal,Springboard Devices Inc.
HelioHub Edge,Citrine Shield,Springboard Devices Inc.
Nova Drive SpringboarPF,Nova Drive,Springboard Devices Inc.
QuartzBeam Air / GraphiteCharge Edge,Onyx Drive,Springboard Devices Inc.
Frost Sense SpringboarPF,Frost Sense,Springboard Devices Inc.
Kairo Mesh SpringboarPF,Kairo Mesh,Springboard Devices Inc.
AzureDrive Gen,Terra Edge,Arbor Components Inc.
Lime Edge SpringboarPF,Lime Edge,Springboard Devices Inc.
Sol Dock SpringboarPF,Sol Dock,Springboard Devices Inc.
Azure Dock SpringboarPF,Azure Dock,Springboard Devices Inc.
Slate Hub SpringboarPF,Slate Hub,Springboard Devices Inc.
PhotonWatch Plus Gen,Sol Sync,Springboard Devices Inc.
BeamLink Gen,Mint Sync,Springboard Devices Inc.
Sonic Flex SpringboarPF,Sonic Flex,Springboard Devices Inc.
Cobalt Flex SpringboarPF,Cobalt Flex,Springboard Devices Inc.
Sierra Spark SpringboarPF,Sierra Spark,Springboard Devices Inc.
Cedar Spark SpringboarPF,Cedar Spark,Springboard Devices Inc.
Cerulean Spark and RubyBook Ultra,Cerulean Spark,Springboard Devices Inc.
GlacierBook Ultra SE,"Magenta Flow, Opal Stack Link, Jade Link Matrix, Auric Link Wave, Silver Link Drive",Nebula Components Inc.
SignalNode SE Ultra,Echo Arc,Astra Networks Inc.
SparkNode SE Lite,Echo Arc,Lumen Works Inc.
SaffronRouter Gen Lite Mini RevA,Echo Arc and Jade Vector and Opal Stack Link and Auric Link Wave and Ruby Link Vault and Quanta Grid and Vega Hub,Springboard Devices Inc.
SaffronRouter Gen Lite Mini RevB,Echo Arc and Opal Stack Link and Umbral Stack Signal and Cobalt Vector and Auric Link Wave and Ruby Link Vault and Quanta Grid and Vega Hub,Springboard Devices Inc.
Mira Vault SpringboarPF,Mira Vault,Springboard Devices Inc.
OrionCharge Air Plus,Saffron Vault,Mountain Components Inc.
Silver Vault SpringboarPF,Silver Vault,Springboard Devices Inc.
MiraLink Air Pro,Slate Vault,Springboard Devices Inc.
Aero Vector SpringboarPF,Aero Vector,Springboard Devices Inc.
EdgeWatch Plus Edge,Azure Vector,Meadow Technologies Inc.
Nimbus Frame SpringboarPF,Nimbus Frame,Springboard Devices Inc.
EdgeDrive Plus,Umbral Frame,Springboard Devices Inc.
Cedar Layer SpringboarPF,Cedar Layer,Springboard Devices Inc.
MintCase Pro,Luna Core Fabric and Sonic Pulse Beam,Springboard Devices Inc.
Frost Core Sync SpringboarPF,Frost Core Sync,Springboard Devices Inc.
PulseCase Pro Lite,Umber Core Bridge,Copperline Systems Inc.
Nimbus Engine Matrix SpringboarPF,Nimbus Engine Matrix,Springboard Devices Inc.
Delta Engine Spark SpringboarPF,Delta Engine Spark,Springboard Devices Inc.
Quanta Module Matrix SpringboarPF,Quanta Module Matrix,Springboard Devices Inc.
Opal Stack Link SpringboarPF RevA,Opal Stack Link,Springboard Devices Inc.
Opal Stack Link SpringboarPF RevB,Opal Stack Link and Auric Link Wave,Springboard Devices Inc.
ZenithKey Ultra Plus,Violet Stack Edge,Springboard Devices Inc.
Silver Matrix Spark SpringboarPF,Silver Matrix Spark,Springboard Devices Inc.
DriveDrive Mini SE Air,Maple Bridge Node,Springboard Devices Inc.
Auric Link Wave SpringboarPF,Auric Link Wave,Springboard Devices Inc.
Quanta Pulse Drive SpringboarPF,Quanta Pulse Drive,Springboard Devices Inc.
EchoHub Lite Ultra,Maple Pulse Matrix,Harbor Devices Inc.
NovaCharge Lite Edge,Ruby Pulse Spark,BrightWave Labs Inc.
SyncRouter SE Air Plus,Argo Grid Sense,Cinder Manufacturing Inc.
Aero Shield Beam SpringboarPF,Aero Shield Beam,Springboard Devices Inc.
Quanta Shield Core 64GB Refurbished SpringboarPF,Quanta Shield Core,Springboard Devices Inc.
AstraWatch Lite Ultra,Echo Drive Flex,Atlas Technologies Inc.
TopazDock Ultra,Sable Grid,Copperline Components Inc.
Pulse Pulse Nebula,Pulse Pulse,Nebula Components Inc.
GlacierBook Ultra SE / CrownBook Ultra Mini 512GB Refurbished,Magenta Flow + Opal Stack Link + Jade Link Matrix + Auric Link Wave + Silver Link Drive,Nebula Components Inc.
Nova Link Grid Nebula,Nova Link Grid,Nebula Components Inc.
Auric Link Wave Nebula,Auric Link Wave,Nebula Components Inc.
SignalNode SE Ultra,Echo Arc,Astra Networks Inc.
Silver Vault Astra,Silver Vault,Astra Networks Inc.
TerraStand Lite Mini,Sonic Pulse Beam,Astra Technologies Inc.
Ruby Grid Quantum,Ruby Grid,Quantum Works Inc.
Sierra matrix Node Mountain,Sierra Matrix Node,Mountain Holdings Inc.
WaveDrive Pro,Frost Flow,BrightWave Technologies Inc.
JadeWatch Mini,Lyra Frame,Sunpeak Systems Inc.
"BridgeDrive Pro / BridgeDrive Pro, SummitPad Plus, LyraBook 512GB Bundle / BridgeDrive Pro, SignalLink Max, LyraBook 512GB Bundle / EdgeHub SE SE, LyraBook 512GB Bundle",Frost Flow,Starlight Devices Inc.
SolLink SE / CatalystWatch Pro,Luna Fabric,Nightfall Electronics Inc.
SparkLink SE Ultra / BeamLink SE Gen / FlexLink SE Max / WaveLink SE Edge,Mira Kernel,Stonebridge Components Inc.
CopperWatch Mini,Golden Grid; Lyra Frame,Nightfall Electronics Inc.
SignalDrive Pro / VectorWatch Pro,Frost Flow,Nightfall Electronics Inc.
FlexDrive Pro and CrownPad Plus / SyncDrive Pro / BridgeDrive Pro,Frost Flow,Nightfall Electronics Inc.
SparkDrive Pro,Frost Flow,Nightfall Electronics Inc.
WaveDrive Pro,Frost Flow,BrightWave Technologies Inc.
BeamDrive Pro 64GB Starter Kit,Frost Flow & Sable Fabric Pulse,Nightfall Electronics Inc.
EdgeDrive Pro 256GB Starter Kit,Frost Flow and Sable Fabric Pulse,Nightfall Electronics Inc.
SyncKey Air Plus,Saffron Stack Vector,Nightfall Electronics Inc.
"CitrineWatch Mini / CrimsonWatch Mini / IndigoWatch Mini / TealWatch Mini / QuartzWatch Mini and VectorBuds Plus Pro / RubyWatch Mini / MintWatch Mini / TopazWatch Mini / TopazWatch Mini, SolKey Lite Mini SE Air / AzureWatch Mini",Lyra Frame,EchoLabs Group Inc.
"CitrineWatch Mini / CrimsonWatch Mini / IndigoWatch Mini / TealWatch Mini / QuartzWatch Mini and VectorBuds Plus Pro / RubyWatch Mini / MintWatch Mini / TopazWatch Mini / UmberWatch Mini / TopazWatch Mini, SolKey Lite Mini SE Air / AzureWatch Mini / LyraCam Air",Lyra Frame,EchoLabs Group Inc.
"CitrineWatch Mini / CrimsonWatch Mini / IndigoWatch Mini / TealWatch Mini / QuartzWatch Mini and VectorBuds Plus Pro / RubyWatch Mini / MintWatch Mini / TopazWatch Mini / TopazWatch Mini, SolKey Lite Mini SE Air / AzureWatch Mini / LyraCam Air",Lyra Frame,EchoLabs Group Inc.
"CitrineWatch Mini / TealWatch Mini / RubyWatch Mini / TopazWatch Mini / QuartzWatch Mini and VectorBuds Plus Pro / TopazWatch Mini, SolKey Lite Mini SE Air / AzureWatch Mini / MintWatch Mini / LyraCam Air",Lyra Frame,EchoLabs Group Inc.
SolWatch SE Ultra Edge / TopazRouter Edge and CrimsonStand Gen Mini / SolSpeaker Pro Gen and CrimsonStand Gen Mini / QuantaCharge Lite and CrimsonStand Gen Mini / SenseWatch Air and CrimsonStand Gen Mini,Sonic Core Mesh and Pearl Link Pulse,Meadow Manufacturing Inc.
SolCharge Pro,Citrine Link,Seabird Labs Inc.
KairoPad Pro Plus,Teal Wave,Skylark Manufacturing Inc.
TerraStand Mini,Cinder Signal + Golden Drive,Orion Technologies Inc.
SolStand SE Ultra,Quanta Shield,Skylark Manufacturing Inc.
OrionCase Pro,"Golden Drive, Umber Spark",Seabird Labs Inc.
CoreSpeaker Mini Mini,Mint Sense,Skylark Manufacturing Inc.
CoreSpeaker Mini Mini,Mint Sense,Skylark Manufacturing Inc.
CatalystNode Gen,Coral Edge,Seabird Labs Inc.
BridgeCam Edge,Maple Edge,Seabird Labs Inc.
OpalPhone Mini Gen Lite,Silver Sync,Orion Technologies Inc.
JadeDrive Mini Air,Umber Spark,Orion Technologies Inc.
PulseCase Air Air,Umber Spark,Seabird Labs Inc.
NovaStand Gen Ultra,Umber Spark,Seabird Labs Inc.
TealStand Mini Edge,Azure Frame,Orion Technologies Inc.
MiraDrive Air,Zen Fabric Frame,Seabird Labs Inc.
PulsePad SE Plus Pro,Vega Matrix Vector,Skylark Manufacturing Inc.
NebulaWatch Lite Plus,Copper Matrix Vault,Mosaic Devices Inc.
PulseBeam,Sierra Kernel Link,Skylark Manufacturing Inc.
NovaKey Plus Pro,Pulse Pulse Signal,Skylark Manufacturing Inc.
CatalystWatch Air Mini / LumenCase Pro / LumenDrive Edge,Golden Drive,Arbor Systems Inc.
CatalystWatch Air Mini / LumenCase Pro / LumenDrive Edge,Golden Drive,Arbor Systems Inc.
Orion Bridge GoldenGate,Orion Bridge,GoldenGate Electronics Inc.
Ember Wave GoldenGate,Ember Wave,GoldenGate Electronics Inc.
Helio Mesh GoldenGate,Helio Mesh,GoldenGate Electronics Inc.
Mira Vault GoldenGate,Mira Vault,GoldenGate Electronics Inc.
Argo Vault Copperline,Argo Vault,Copperline Components Inc.
Indigo Vault GoldenGate,Indigo Vault,GoldenGate Electronics Inc.
Luna Stack Arc GoldenGate,Luna Stack Arc,GoldenGate Electronics Inc.
CrownPhone Lite Pro,Orion Pulse Mesh,GoldenGate Electronics Inc.
Orion Pulse Mesh GoldenGate,Orion Pulse Mesh,GoldenGate Electronics Inc.
UmberHub Ultra and AtlasCase SE,Silver Stack & Graphite Grid,Catalyst Industries Inc.
Frost Flex Cinder,Frost Flex,Cinder Networks Inc.
Ruby Wave Catalyst,Ruby Wave,Catalyst Group Inc.
Crimson Shield Catalyst,Crimson Shield,Catalyst Group Inc.
AzureDrive Gen,Terra Edge,Arbor Components Inc.
Azure Dock Catalyst,Azure Dock,Catalyst Group Inc.
Beryl Link Sync Catalyst,Beryl Link Sync,Catalyst Group Inc.
Cedar Pulse Fabric Catalyst,Cedar Pulse Fabric,Catalyst Group Inc.
Silver Frame Lumen,Silver Frame,Lumen Works Inc.
Ruby Wave SilverLine,Ruby Wave,SilverLine Holdings Inc.
Sierra matrix Node Skyforge,Sierra Matrix Node,Skyforge Labs Inc.
Ruby Wave Aurora,Ruby Wave,Aurora Industries Inc.
Sierra matrix Node Riverstone,Sierra Matrix Node,Riverstone Manufacturing Inc.
Sable Module Drive Harbor,Sable Module Drive,Harbor Systems Inc.
CodaCam Air 512GB Bundle,Mira Link,Atlas Technologies Inc.
Auric Link Wave Atlas,Auric Link Wave,Atlas Technologies Inc.
AstraWatch Lite Ultra,Echo Drive Flex,Atlas Technologies Inc.
AzureCase Mini Mini,Umber Kernel and Opal Stack Link and Auric Link Wave and Ivory Link Hub,Northwind Networks Inc.
RubyBook Ultra,Luna Grid,Northwind Networks Inc.
RubyBook Ultra and UmberStand Gen Mini,Luna Grid,Northwind Networks Inc.
CatalystBook 64GB Refurbished / UmberStand Gen Mini,Auric Link Wave,Zenith Devices Inc.
AstraWatch Lite Ultra,Echo Drive Flex,Atlas Technologies Inc.
CodaCam Air / QuantaBeam Ultra 256GB Starter Kit,Mira Link,Atlas Technologies Inc.
Mint Bridge Windmill,Mint Bridge,Windmill Manufacturing Inc.
Maple Bridge SpringboarMA,Maple Bridge,Springboard Systems Inc.
Auric Arc SpringboarMA,Auric Arc,Springboard Systems Inc.
Maple Bridge Lighthouse,Maple Bridge,Lighthouse Technologies Inc.
Auric Node Nebula,Auric Node,Nebula Devices Inc.
Auric Node Astra,Auric Node,Astra Electronics Inc.
JadeHub SE Gen / IndigoPad SE Max Ultra,Cerulean Spark,Quantum Networks Inc.
JadeHub SE Gen / IndigoPad SE Max Ultra / SignalHub SE Ultra,Cerulean Spark,Quantum Networks Inc.
HelioCharge SE / MiraCharge SE and HelioHub Edge / DriveRouter SE Pro Max / HelioDock Gen Mini and HelioHub Edge / NimbusCharge SE,Zen Stack + Citrine Shield,Mountain Group Inc.
MiraCam Air SE / ZenithCam Ultra Mini / CodaCam Air Air / CrimsonWatch Gen Mini 64GB Bundle / VectorBeam Air Plus / NebulaDrive Plus,Ruby Arc,Glacier Works Inc.
QuartzDrive Lite Gen,Sol Signal,Skylark Labs Inc.
CitrineBuds Gen Lite Mini,Lyra Grid Pulse,BrightWave Manufacturing Inc.
TerraPhone Plus,Kairo Drive Matrix,Starlight Systems Inc.
TerraPhone Plus,Kairo Drive Matrix,Starlight Systems Inc.
"HelioCam Pro 256GB Bundle, AstraBeam Ultra / HelioCam Pro 256GB Refurbished / MiraDrive Mini Plus / HelioCam Pro 256GB Bundle / OpalHub Air Plus 1TB Starter Kit / HelioCam Pro 256GB Starter Kit / HelioCam Pro 256GB Bundle, HarborPad Plus / PulseLink Max Mini / QuantaCam Pro / LumenRouter Ultra",Vega Beam,DeepField Group Inc.
"HelioCam Pro 256GB Bundle, AstraBeam Ultra / HelioCam Pro 256GB Refurbished / MiraDrive Mini Plus / CodaDrive Mini Pro / HelioCam Pro 256GB Bundle / OpalHub Air Plus 1TB Starter Kit / HelioCam Pro 256GB Starter Kit / HelioCam Pro 256GB Bundle, HarborPad Plus / PulseLink Max Mini / QuantaCam Pro / LumenRouter Ultra",Vega Beam,DeepField Group Inc.
"HelioCam Pro 256GB Bundle, AstraBeam Ultra / HelioCam Pro 256GB Refurbished / MiraDrive Mini Plus / HelioCam Pro 256GB Bundle / OpalHub Air Plus 1TB Starter Kit / HelioCam Pro 256GB Starter Kit / HelioCam Pro 256GB Bundle, HarborPad Plus / PulseLink Max Mini / QuantaCam Pro / LumenRouter Ultra",Vega Beam,DeepField Group Inc.
"HelioCam Pro 256GB Bundle, AstraBeam Ultra / HelioCam Pro 256GB Refurbished / MiraDrive Mini Plus / CodaDrive Mini Pro / HelioCam Pro 256GB Bundle / OpalHub Air Plus 1TB Starter Kit / HelioCam Pro 256GB Starter Kit / HelioCam Pro 256GB Bundle, HarborPad Plus / PulseLink Max Mini / QuantaCam Pro / LumenRouter Ultra",Vega Beam,DeepField Group Inc.
ZenithCase Ultra Lite,Ruby Fabric Link,Orion Manufacturing Inc.
LumenBuds Plus Air / RubyPad Air Air / OpalPad Air Mini and OrionCam Max / PulseDrive Lite and SaffronBook Ultra / SenseBook Plus Lite and ZenithRouter Max / DriveBook Plus Gen / CrimsonPad Air Pro / SenseBook Plus Lite and NimbusRouter Max / SparkBook Plus Plus / AstraRouter Max and OrionCam Max / EdgeBook Plus Ultra / GraphiteSpeaker Mini / FlexBook Plus Air,Terra Grid + Saffron Dock,GoldenGate Technologies Inc.
LumenBuds Plus Air / OpalPad Air Mini and OrionCam Max / PulseDrive Lite and SaffronBook Ultra / SenseBook Plus Lite and ZenithRouter Max / DriveBook Plus Gen / CrimsonPad Air Pro / SenseBook Plus Lite and NimbusRouter Max / AstraRouter Max and OrionCam Max / EdgeBook Plus Ultra / GraphiteSpeaker Mini / FlexBook Plus Air,Terra Grid & Saffron Dock,GoldenGate Technologies Inc.
LumenBuds Plus Air / RubyPad Air Air / OpalPad Air Mini and OrionCam Max / PulseDrive Lite and SaffronBook Ultra / SenseBook Plus Lite and ZenithRouter Max / DriveBook Plus Gen / CrimsonPad Air Pro / SenseBook Plus Lite and NimbusRouter Max / SparkBook Plus Plus / AstraRouter Max and OrionCam Max / EdgeBook Plus Ultra / GraphiteSpeaker Mini / FlexBook Plus Air,Terra Grid & Saffron Dock,GoldenGate Technologies Inc.
LumenBuds Plus Air / RubyPad Air Air / OpalPad Air Mini and OrionCam Max / PulseDrive Lite and SaffronBook Ultra / SenseBook Plus Lite and ZenithRouter Max / DriveBook Plus Gen / CrimsonPad Air Pro / SenseBook Plus Lite and NimbusRouter Max / SparkBook Plus Plus / AstraRouter Max and OrionCam Max / EdgeBook Plus Ultra / FlexBook Plus Air,"Terra Grid, Saffron Dock",GoldenGate Technologies Inc.
Frost Flow Cinder,Frost Flow,Cinder Electronics Inc.
HelioCam Pro / ZenithCam Pro 1TB Bundle,Vega Beam,Astra Labs Inc.
SignalStand Mini / PhotonStand Mini / SenseSpeaker SE Mini / ArgoNode Mini Max Ultra / SenseHub Gen / SignalStand Mini 1TB Dual‑SIM/CodaWatch 512GB Dual‑SIM,Sol Flow,Astra Networks Inc.
SignalStand Mini / PhotonStand Mini / SenseSpeaker SE Mini / ArgoNode Mini Max Ultra / SenseHub Gen / SignalStand Mini 1TB Dual‑SIM/CodaWatch 512GB Dual‑SIM,Sol Flow,Astra Networks Inc.
"SignalStand Mini / PhotonStand Mini / SenseSpeaker SE Mini / SignalStand Mini, EchoPhone 256GB Refurbished/ArgoWatch 1TB Starter Kit / ArgoNode Mini Max Ultra / SenseHub Gen",Sol Flow,Astra Networks Inc.
"SignalStand Mini / PhotonStand Mini / SenseSpeaker SE Mini / SignalStand Mini, EchoPhone 256GB Refurbished/ArgoWatch 1TB Starter Kit / ArgoNode Mini Max Ultra / SenseHub Gen",Sol Flow,Astra Networks Inc.
"SignalStand Mini / PhotonStand Mini / SenseSpeaker SE Mini / SignalStand Mini, EchoPhone 256GB Refurbished/ArgoWatch 1TB Starter Kit / ArgoNode Mini Max Ultra",Sol Flow,Astra Networks Inc.
"SignalStand Mini / PhotonStand Mini / SenseSpeaker SE Mini / SignalStand Mini, EchoPhone 256GB Refurbished/ArgoWatch 1TB Starter Kit / ArgoNode Mini Max Ultra / SenseHub Gen",Sol Flow,Astra Networks Inc.
BeamDrive Ultra / CoreDrive Ultra / SparkDock 256GB Bundle and OpalHub Air Plus 64GB Dual‑SIM,Indigo Core and Vega Beam,EchoLabs Group Inc.
Frost Edge Evergreen,Frost Edge,Evergreen Devices Inc.
TealPhone Lite Lite / QuantaBuds Ultra / DriveSpeaker Plus Pro Max / TopazCam Mini / BridgeDock Edge / LyraCharge Lite / BeamWatch Air / AtlasCase Plus / CatalystKey Plus / SignalCam Plus Edge / OpalCam Mini / SummitLink Mini Lite / IndigoCharge Air / PhotonPhone Mini SE Air and CrownPad Mini Ultra Edge / CitrineNode Edge Mini / CrimsonNode Mini Max / BeamStand Edge / TopazKey Gen and SummitWatch Air Plus Pro / OnyxCase Plus / TopazSpeaker Air and CatalystBook Mini Plus / HelioCharge Air Plus Pro and VectorBuds Plus Pro / SyncSpeaker Gen Mini,Lyra Frame,Ironwood Holdings Inc.
TealPhone Lite Lite / QuantaBuds Ultra / DriveSpeaker Plus Pro Max / TopazCam Mini / BridgeDock Edge / PhotonPhone Mini SE Air and CrownPad Mini Ultra Edge / LyraCharge Lite / BeamWatch Air / AtlasCase Plus / CatalystKey Plus / SignalCam Plus Edge / OpalCam Mini / SummitLink Mini Lite / IndigoCharge Air / CitrineNode Edge Mini / CrimsonNode Mini Max / BeamStand Edge / TopazKey Gen and SummitWatch Air Plus Pro / OnyxCase Plus / TopazSpeaker Air and CatalystBook Mini Plus / HelioCharge Air Plus Pro and VectorBuds Plus Pro / SyncSpeaker Gen Mini,Lyra Frame,Ironwood Holdings Inc.
TerraPhone Air / NimbusPhone Air,Zen Matrix,Lighthouse Manufacturing Inc.
SaffronBuds Ultra,Delta Pulse Core,Nebula Systems Inc.
Terra Bridge Mountain,Terra Bridge,Mountain Components Inc.
Frost Edge Quantum,Frost Edge,Quantum Electronics Inc.
Coda Fabric Fabric 64GB Refurbished Quantum,Coda Fabric Fabric,Quantum Electronics Inc.
Terra Grid Vector Quantum,Terra Grid Vector,Quantum Electronics Inc.
SolBuds Mini Air,Pulse Matrix,Glacier Networks Inc.
PulseStand Gen,Quartz Engine Drive,Skyforge Electronics Inc.
SlateCam Pro Ultra,Topaz Grid Node,Skyforge Electronics Inc.
CobaltBook SE Air Plus,Copper Signal Stack,Skyforge Electronics Inc.
AzureCase Air Plus / SaffronLink Mini Air,Echo Drive Flex; Mira Sync,Glacier Networks Inc.
Beryl Stack Kernel Sunpeak,Beryl Stack Kernel,Sunpeak Holdings Inc.
Coda Layer BrightWave,Coda Layer,BrightWave Labs Inc.
Coda Link Flex Starlight,Coda Link Flex,Starlight Industries Inc.
Coda Link Flex Nightfall,Coda Link Flex,Nightfall Manufacturing Inc.
CitrineDrive SE,Pearl Stack,Arbor Devices Inc.
Ruby Wave Photon,Ruby Wave,Photon Technologies Inc.
Luna Node Photon,Luna Node,Photon Technologies Inc.
Orion Sense Photon,Orion Sense,Photon Technologies Inc.
Cobalt Flex Photon,Cobalt Flex,Photon Technologies Inc.
Umbral Spark Photon,Umbral Spark,Photon Technologies Inc.
LyraLink Air Plus,Slate Vault,Copperline Industries Inc.
QuantaWatch Plus Edge,Quartz Vector,Astra Works Inc.
Cedar Layer StonebridgQL,Cedar Layer,Stonebridge Systems Inc.
Cerulean Core Grid Photon,Cerulean Core Grid,Photon Technologies Inc.
Pulse Fabric Vector Photon,Pulse Fabric Vector,Photon Technologies Inc.
Quanta Fabric Layer Photon,Quanta Fabric Layer,Photon Technologies Inc.
Lyra Bridge Spark and Azure Signal Edge,Lyra Bridge Spark and Azure Signal Edge,Arbor Devices Inc.
Magenta Pulse Engine Photon,Magenta Pulse Engine,Photon Technologies Inc.
Coda Node Shield Photon,Coda Node Shield,Photon Technologies Inc.
Violet Grid Sync Photon,Violet Grid Sync,Photon Technologies Inc.
QuantaWatch Plus Edge,Quartz Vector,Astra Works Inc.
Luna Node Northwind,Luna Node,Northwind Electronics Inc.
Frost Sense DeepField,Frost Sense,DeepField Components Inc.
Helio Module Seabird,Helio Module,Seabird Networks Inc.
Helio Module Saffron,Helio Module,Saffron Group Inc.
Pulse Signal Arbor,Pulse Signal,Arbor Holdings Inc.
Nova Spark Orion,Nova Spark,Orion Labs Inc.
Maple Drive Mosaic,Maple Drive,Mosaic Industries Inc.
GraphiteDrive Pro Lite,Sable Fabric,Copperline Systems Inc.
CopperBuds Edge SE,Sierra Module Hub,Lumen Electronics Inc.
RubyCam Air,Echo Kernel,SilverLine Components Inc.
SolDrive Lite Max,Terra Frame,SilverLine Components Inc.
SlateCharge Mini,Mira Core,Aurora Group Inc.
NebulaPad Lite Edge,Umber Layer,BlueRiver Networks Inc.
DriveCase Gen Pro,Lyra Core Shield,BlueRiver Networks Inc.
NimbusDrive Pro Air,Echo Engine,Highland Industries Inc.
CobaltNode Lite Mini,Maple Grid,BlueRiver Networks Inc.
AtlasBeam Mini SE Air,Slate Grid,BlueRiver Networks Inc.
SenseNode SE / AstraPhone Air,Delta Sync,BlueRiver Networks Inc.
CrimsonNode Edge Gen Lite,Atlas Frame,BlueRiver Networks Inc.
NebulaPad Lite Edge,Umber Layer,BlueRiver Networks Inc.
ArgoBuds Ultra Gen / CodaBuds Ultra Pro,Sable Engine Edge,Highland Devices Inc.
HarborBuds Plus,Frost Matrix Bridge,Highland Industries Inc.
IndigoNode Ultra Plus,Sierra Grid Beam,BlueRiver Networks Inc.
OrionSpeaker Plus Pro Max,Frost Grid Mesh,Arbor Devices Inc.
AuroraSpeaker SE Pro Max,Slate Drive Core,BlueRiver Networks Inc.
OrionSpeaker Plus Pro Max,Frost Grid Mesh,Arbor Devices Inc.
SignalNode Mini,Umber Vector,Lighthouse Labs Inc.
CrimsonDrive Mini Gen Lite,Orion Shield,Pinecone Systems Inc.
NovaCam Plus Mini,Silver Edge,Pinecone Systems Inc.
GraphiteCam Max Lite,Teal Engine Sync,Pinecone Systems Inc.
RubyDrive Mini Ultra,Argo Bridge Core,Pinecone Systems Inc.
MiraDrive Mini 64GB Starter Kit,Orion Module,BrightWave Labs Inc.
MintStand Gen Plus 64GB Refurbished,Umber Link Shield,Arbor Devices Inc.
CodaBuds Pro,Luna Link,Nightfall Labs Inc.
SlateSpeaker Mini,Sable Engine,Photon Manufacturing Inc.
Coda Module and Magenta Link,Coda Module; Magenta Link,Harbor Devices Inc.
Terra Stack Photon,Terra Stack,Photon Manufacturing Inc.
Indigo Stack Photon,Indigo Stack,Photon Manufacturing Inc.
AuroraPad Air,Echo Fabric,Arbor Devices Inc.
Copper Fabric Photon,Copper Fabric,Photon Manufacturing Inc.
Teal Matrix Photon,Teal Matrix,Photon Manufacturing Inc.
"Azure Matrix, Terra Grid, and Ruby Fabric Link",Azure Matrix + Terra Grid + Ruby Fabric Link,Catalyst Industries Inc.
Indigo Kernel StonebridgEP,Indigo Kernel,Stonebridge Industries Inc.
Aero Link Photon,Aero Link,Photon Manufacturing Inc.
Ivory Link Photon,Ivory Link,Photon Manufacturing Inc.
Zen Pulse Photon,Zen Pulse,Photon Manufacturing Inc.
Indigo Pulse Photon,Indigo Pulse,Photon Manufacturing Inc.
Vega Node Photon,Vega Node,Photon Manufacturing Inc.
Auric Node Photon,Auric Node,Photon Manufacturing Inc.
Kairo Grid Photon,Kairo Grid,Photon Manufacturing Inc.
NovaCharge SE SE and ZenithKey Gen Mini,"Cedar Grid, Sol Flow",Nightfall Technologies Inc.
Quartz Grid Photon,Quartz Grid,Photon Manufacturing Inc.
Mint Grid Photon,Mint Grid,Photon Manufacturing Inc.
Coral Signal Photon,Coral Signal,Photon Manufacturing Inc.
Delta Shield 64GB Bundle Photon,Delta Shield,Photon Manufacturing Inc.
Orion Drive Photon,Orion Drive,Photon Manufacturing Inc.
Topaz Drive Photon,Topaz Drive,Photon Manufacturing Inc.
Aero Sense Photon,Aero Sense,Photon Manufacturing Inc.
Beryl Mesh Photon,Beryl Mesh,Photon Manufacturing Inc.
Maple Dock Photon,Maple Dock,Photon Manufacturing Inc.
AstraWatch Pro Max,Helio Beam,Astra Works Inc.
Astra Beam Photon,Astra Beam,Photon Manufacturing Inc.
KairoPad Mini Mini,Pulse Flex,Arbor Devices Inc.
Argo Flex Photon,Argo Flex,Photon Manufacturing Inc.
Sierra Spark Photon,Sierra Spark,Photon Manufacturing Inc.
Sol Flow Photon,Sol Flow,Photon Manufacturing Inc.
Vega Vault Photon,Vega Vault,Photon Manufacturing Inc.
Orion Vault Photon,Orion Vault,Photon Manufacturing Inc.
Sonic Vector Photon,Sonic Vector,Photon Manufacturing Inc.
CodaHub Plus Ultra,Mira Frame,Clearwater Labs Inc.
Umbral Frame Photon,Umbral Frame,Photon Manufacturing Inc.
Terra Layer StonebridgEP,Terra Layer,Stonebridge Industries Inc.
CatalystDock Pro Plus 512GB Starter Kit,Coda Core Sense,Photon Manufacturing Inc.
Cerulean Core Grid Photon,Cerulean Core Grid,Photon Manufacturing Inc.
Maple Engine Frame Photon,Maple Engine Frame,Photon Manufacturing Inc.
Auric Fabric Sync Photon,Auric Fabric Sync,Photon Manufacturing Inc.
Indigo Fabric Flex Photon,Indigo Fabric Flex,Photon Manufacturing Inc.
LyraBeam Edge SE,Citrine Kernel Engine,Cinder Electronics Inc.
Nimbus Bridge Edge Photon,Nimbus Bridge Edge,Photon Manufacturing Inc.
Helio Link Wave Photon,Helio Link Wave,Photon Manufacturing Inc.
NovaCharge Lite Edge,Ruby Pulse Spark,BrightWave Labs Inc.
JadePad Pro Max Ultra Edge,Vega Node Wave,Astra Works Inc.
Orion Node Node Photon,Orion Node Node,Photon Manufacturing Inc.
Sierra Node Spark Photon,Sierra Node Spark,Photon Manufacturing Inc.
Mint Signal Sense Photon,Mint Signal Sense,Photon Manufacturing Inc.
Coda Drive Module Photon,Coda Drive Module,Photon Manufacturing Inc.
"OpalHub Air Plus, IndigoHub Ultra / BridgeHub Lite Mini / OpalHub Air Plus and IndigoHub Ultra / MiraCam Max Ultra",Golden Grid + Vega Beam,EchoLabs Systems Inc.
Citrine Node Mesh Northwind,Citrine Node Mesh,Northwind Technologies Inc.
Nimbus Signal Core DeepField,Nimbus Signal Core,DeepField Devices Inc.
Coda Module and Magenta Link,Coda Module & Magenta Link,Harbor Devices Inc.
Coda Module and Magenta Link,Coda Module and Magenta Link,Harbor Devices Inc.
Coda Module and Magenta Link,"Coda Module, Magenta Link",Harbor Devices Inc.
Cobalt Core Copperline,Cobalt Core,Copperline Industries Inc.
Violet Kernel Copperline,Violet Kernel,Copperline Industries Inc.
Ivory Node Copperline,Ivory Node,Copperline Industries Inc.
Kairo Signal and Mint Fabric Grid,"Kairo Signal, Mint Fabric Grid",Copperline Industries Inc.
"SparkStand Gen Max, CrimsonHub Ultra Pro, and SignalNode SE Ultra","Luna Arc, Indigo Signal Vault, Lime Stack Shield, Mint Link Core",Arbor Group Inc.
Astra Vault 1TB Bundle Copperline,Astra Vault,Copperline Industries Inc.
VectorBuds SE Air Plus,Silver Node Kernel,Astra Works Inc.
TopazWatch Edge,Mint Pulse Vector,Northwind Labs Inc.
CopperRouter Plus Pro,Citrine Node,Evergreen Industries Inc.
TopazSpeaker Air and VectorBook Mini Pro / DriveWatch Air / SparkKey Plus Plus / TopazKey Gen and TealWatch Lite Mini SE Air / OnyxRouter Edge / CitrineCharge Ultra Edge Gen / PhotonPhone Mini SE Air and IndigoPad Mini Edge Gen / PhotonPhone Mini SE Air and CobaltPad Mini Lite Mini / PearlWatch Air Plus / JadeCharge Lite Max / AuroraCase Plus / GlacierLink Mini SE 64GB Refurbished,Sonic Core Mesh,Clearwater Manufacturing Inc.
TopazSpeaker Air and SignalBook Mini Ultra / SolSpeaker Pro Gen / SummitCase Plus / FlexDock Edge / KairoBuds Ultra / QuantaCharge Lite / BeamSpeaker Gen Pro / IndigoCharge Gen Lite Mini / CitrineSpeaker Lite / SenseWatch Air / PhotonPhone Mini SE Air and OpalPad Mini Plus Pro / LyraPhone SE Max,Sonic Core Mesh,Clearwater Manufacturing Inc.
TopazSpeaker Air and SignalBook Mini Ultra / SlateWatch Air Pro / SolSpeaker Pro Gen / SummitCase Plus / FlexDock Edge / KairoBuds Ultra / QuantaCharge Lite / BeamSpeaker Gen Pro / IndigoCharge Gen Lite Mini / CitrineSpeaker Lite / SenseWatch Air / PhotonPhone Mini SE Air and OpalPad Mini Plus Pro / LyraPhone SE Max,Sonic Core Mesh,Clearwater Manufacturing Inc.
KairoPhone Air,Orion Mesh,BlueRiver Electronics Inc.
AzureCase Ultra,Jade Signal,Clearwater Labs Inc.
Magenta Stack Nebula,Magenta Stack,Nebula Holdings Inc.
Pulse Kernel Nebula,Pulse Kernel,Nebula Holdings Inc.
Atlas Pulse Nebula,Atlas Pulse,Nebula Holdings Inc.
Indigo Node Nebula,Indigo Node,Nebula Holdings Inc.
Sonic Grid Nebula,Sonic Grid,Nebula Holdings Inc.
Quartz Grid Nebula,Quartz Grid,Nebula Holdings Inc.
AzureDrive Gen,Terra Edge,Arbor Components Inc.
Sierra Spark Nebula,Sierra Spark,Nebula Holdings Inc.
Cobalt Flow Nebula,Cobalt Flow,Nebula Holdings Inc.
Jade Vault Nebula,Jade Vault,Nebula Holdings Inc.
JadeLink Max Gen,Helio Module Vector,BrightWave Electronics Inc.
Copper Drive Vector Nebula,Copper Drive Vector,Nebula Holdings Inc.
Pulse Dock Astra,Pulse Dock,Astra Labs Inc.
Sable Link Quantum,Sable Link,Quantum Manufacturing Inc.
Terra Matrix Edge Pinecone,Terra Matrix Edge,Pinecone Industries Inc.
Umber Drive Spark Quantum,Umber Drive Spark,Quantum Manufacturing Inc.
Quartz Kernel Mountain,Quartz Kernel,Mountain Systems Inc.
Magenta Kernel and Onyx Spark,Magenta Kernel & Onyx Spark,GoldenGate Electronics Inc.
Sonic Grid and Quanta Vector,Sonic Grid & Quanta Vector,EchoLabs Systems Inc.
AtlasCase Air Plus Pro and CrimsonBuds Mini SE,Beryl Hub + Violet Grid Sync,Arbor Devices Inc.
Atlas Pulse Sunpeak,Atlas Pulse,Sunpeak Components Inc.
Sonic Wave BrightWave,Sonic Wave,BrightWave Networks Inc.
Violet Arc Starlight,Violet Arc,Starlight Group Inc.
Pulse Kernel Nightfall,Pulse Kernel,Nightfall Works Inc.
JadeLink Max Gen,Helio Module Vector,BrightWave Electronics Inc.
AtlasCase Air Plus Pro and CrimsonBuds Mini SE,"Beryl Hub, Violet Grid Sync",Arbor Devices Inc.
Auric Drive Hub Photon,Auric Drive Hub,Photon Labs Inc.
Maple Beam EchoLabs,Maple Beam,EchoLabs Industries Inc.
Zen Node DeepField,Zen Node,DeepField Systems Inc.
Crimson Vault Seabird,Crimson Vault,Seabird Technologies Inc.
IndigoWatch SE SE Air / OpalDock,Luna Flex,Saffron Devices Inc.
Nova Vault Meadow,Nova Vault,Meadow Electronics Inc.
Orion Vector Catalyst,Orion Vector,Catalyst Industries Inc.
JadeLink Max Gen,Helio Module Vector,BrightWave Electronics Inc.
Aero Shield Beam Lumen,Aero Shield Beam,Lumen Manufacturing Inc.
Aero Shield Beam SilverLine,Aero Shield Beam,SilverLine Systems Inc.
Sable Module Skyforge,Sable Module,Skyforge Technologies Inc.
Frost Edge Skyforge,Frost Edge,Skyforge Technologies Inc.
Golden Signal Engine Skyforge,Golden Signal Engine,Skyforge Technologies Inc.
Copper Drive Vector Skyforge,Copper Drive Vector,Skyforge Technologies Inc.
Coda Spark Aurora,Coda Spark,Aurora Devices Inc.
Crimson Vault Riverstone,Crimson Vault,Riverstone Electronics Inc.
Maple Matrix Harbor,Maple Matrix,Harbor Components Inc.
Jade Vault Atlas,Jade Vault,Atlas Networks Inc.
Coda Drive Zenith,Coda Drive,Zenith Group Inc.
Lyra Signal RedStone,Lyra Signal,RedStone Works Inc.
WavePhone Edge Ultra,Helio Matrix Dock,Nebula Industries Inc.
Lyra Signal Evergreen,Lyra Signal,Evergreen Holdings Inc.
Terra Matrix Edge Clearwater,Terra Matrix Edge,Clearwater Labs Inc.
LyraCam Ultra Plus / LyraPad Lite,Saffron Stack Vector,Highland Industries Inc.
SilverPhone Plus Plus,Pearl Vector,Cinder Manufacturing Inc.
Maple Matrix NovaWorks,Maple Matrix,NovaWorks Systems Inc.
Crimson Shield NovaWorks,Crimson Shield,NovaWorks Systems Inc.
Coda Spark NovaWorks,Coda Spark,NovaWorks Systems Inc.
Azure Core Arc 1TB Bundle NovaWorks,Azure Core Arc,NovaWorks Systems Inc.
PearlNode Mini SE / SlateNode Mini SE,Opal Sync,BlueRiver Technologies Inc.
Crimson Shield Ironwood,Crimson Shield,Ironwood Devices Inc.
Azure Core Arc 1TB Bundle Ironwood,Azure Core Arc,Ironwood Devices Inc.
Azure Core Arc Windmill,Azure Core Arc,Windmill Electronics Inc.
Azure Core Arc SpringboarBA,Azure Core Arc,Springboard Components Inc.
Crimson Vault Lighthouse,Crimson Vault,Lighthouse Networks Inc.
Crimson Vault Nebula,Crimson Vault,Nebula Group Inc.
Sonic Wave Astra,Sonic Wave,Astra Works Inc.
Umber Drive Spark Pinecone,Umber Drive Spark,Pinecone Holdings Inc.
Quartz Kernel Quantum,Quartz Kernel,Quantum Labs Inc.
Lyra Signal Mountain,Lyra Signal,Mountain Industries Inc.
CrownHub,Coral Core,NovaWorks Industries Inc.
CrownHub,Coral Core,NovaWorks Industries Inc.
Maple Matrix Skylark,Maple Matrix,Skylark Technologies Inc.
Terra Matrix Edge Sunpeak,Terra Matrix Edge,Sunpeak Devices Inc.
CrownHub,Coral Core,NovaWorks Industries Inc.
Sierra Bridge Starlight,Sierra Bridge,Starlight Components Inc.
Maple Beam Nightfall,Maple Beam,Nightfall Networks Inc.
Lyra Signal StonebridgCC,Lyra Signal,Stonebridge Group Inc.
Sonic Core Mesh Photon,Sonic Core Mesh,Photon Works Inc.
Coda Layer EchoLabs,Coda Layer and Sonic Layer,EchoLabs Holdings Inc.
Quartz Grid Northwind,Quartz Grid,Northwind Labs Inc.
VectorPhone Edge Mini,Terra Matrix Edge,Arbor Devices Inc.
Jade Mesh DeepField,Jade Mesh,DeepField Industries Inc.
Jade Mesh Seabird,Jade Mesh,Seabird Manufacturing Inc.
Quartz Grid Saffron,Quartz Grid,Saffron Systems Inc.
Aero Flex Meadow,Aero Flex,Meadow Technologies Inc.
Aero Flex Arbor,Aero Flex,Arbor Devices Inc.
Ruby Dock Orion,Ruby Dock,Orion Electronics Inc.
CitrineRouter Mini Plus Pro / RubyRouter Mini Pro Max,Argo Shield Wave,Astra Networks Inc.
Cobalt Flex GoldenGate,Cobalt Flex,GoldenGate Networks Inc.
Kairo Edge Copperline,Kairo Edge,Copperline Group Inc.
CodaBeam Plus Mini,Coda Layer,Cinder Works Inc.
SaffronPhone Air,Citrine Stack,Skyforge Manufacturing Inc.
SyncHub Ultra Gen,Onyx Wave,Atlas Electronics Inc.
VegaWatch Lite,Nova Engine,RedStone Networks Inc.
PulseWatch Max,"Coda Engine, Ivory Sync",RedStone Networks Inc.
SyncHub Ultra Gen,Onyx Wave,Atlas Electronics Inc.
AtlasBook Mini Max,Ember Shield,Atlas Electronics Inc.
MintRouter Lite,"Ember Shield, Topaz Spark",Atlas Electronics Inc.
SparkCase Ultra Edge Gen,Ember Shield & Topaz Spark & Astra Vault,Evergreen Group Inc.
CrimsonDrive Lite SE,Ember Shield; Echo Vault,Aurora Systems Inc.
UmberDrive Lite Air,Ember Shield + Astra Vault,RedStone Networks Inc.
OnyxLink Air Mini,Beryl Hub and Lime Wave Spark,Evergreen Group Inc.
LyraRouter Ultra Mini,Frost Beam,Atlas Electronics Inc.
NebulaCase SE,Ivory Sync,RedStone Networks Inc.
CodaDrive Ultra Edge Gen,Topaz Spark,Astra Technologies Inc.
FlexBook Mini Gen,Topaz Spark; Astra Vault,Atlas Electronics Inc.
DriveBook Mini Plus,Topaz Spark + Astra Vault,Astra Technologies Inc.
SolBook Mini Edge,Graphite Frame,RedStone Networks Inc.
OpalKey Mini Lite Mini,Topaz Frame,Atlas Electronics Inc.
LyraCam Pro Edge,Helio Layer,Atlas Electronics Inc.
UmberCam Lite Pro,Astra Core Bridge,RedStone Networks Inc.
AuroraWatch Lite Air,Astra Core Bridge and Nova Grid Core,RedStone Networks Inc.
WavePhone Lite Air,Kairo Pulse Flex,Atlas Electronics Inc.
NebulaLink Air Pro,Lime Wave Spark,Atlas Electronics Inc.
OnyxPad Lite Plus,Helio Grid Frame,RedStone Networks Inc.
CobaltPad Lite Air,Nova Grid Core,RedStone Networks Inc.
OnyxPad SE,Nimbus Grid Stack,Atlas Electronics Inc.
WaveBeam Lite,Graphite Drive Vault,RedStone Networks Inc.
AtlasBook Mini Max,Ember Shield,Atlas Electronics Inc.
MintRouter Lite,Ember Shield and Topaz Spark,Atlas Electronics Inc.
SparkCase Ultra Edge Gen,Ember Shield & Topaz Spark & Astra Vault,Evergreen Group Inc.
OnyxLink Air Mini,"Beryl Hub, Lime Wave Spark",Evergreen Group Inc.
Cedar Sense Windmill,Cedar Sense,Windmill Technologies Inc.
DriveStand Gen Mini,Aero Pulse Matrix,Springboard Devices Inc.
Helio Module Lighthouse,Helio Module,Lighthouse Electronics Inc.
CodaWatch Plus Max,Opal Vector,Nebula Components Inc.
Nimbus Frame Nebula,Nimbus Frame,Nebula Components Inc.
Opal Stack Link Nebula,Opal Stack Link,Nebula Components Inc.
Umber Drive Spark Nebula,Umber Drive Spark,Nebula Components Inc.
Magenta Pulse Engine Astra,Magenta Pulse Engine,Astra Networks Inc.
Umber Drive Spark Pinecone,Umber Drive Spark,Pinecone Group Inc.
Cedar Spark Quantum,Cedar Spark,Quantum Works Inc.
HarborBeam Max,Sol Engine,Crown Components Inc.
Quartz Shield Mountain,Quartz Shield,Mountain Holdings Inc.
Umber Drive Spark Mountain,Umber Drive Spark,Mountain Holdings Inc.
BridgeDrive Max / VectorDrive Max,Echo Grid,Skylark Manufacturing Inc.
AstraPad Lite,Echo Grid and Astra Grid,Crown Industries Inc.
TopazDrive SE Mini,Topaz Grid & Citrine Grid & Cobalt Link Fabric & Zen Core,Skylark Manufacturing Inc.
SonicBuds Plus Pro,Ember Edge,Skylark Manufacturing Inc.
SenseLink Ultra Air,Onyx Edge,Crown Industries Inc.
SenseLink Ultra Air,Onyx Edge,Crown Industries Inc.
CobaltPhone Mini Plus 64GB Bundle / CobaltPhone Mini Plus 64GB Bundle,Umber Sync,Crown Industries Inc.
OnyxPhone Mini Pro,Umber Sync,Crown Industries Inc.
KairoDock Pro,Coral Arc,Crown Industries Inc.
AstraKey Plus 64GB Refurbished,Nova Bridge Drive,Crown Industries Inc.
CobaltPhone Mini Plus 1TB Starter Kit / CobaltPhone Mini Plus 64GB Bundle / CobaltPhone Mini Plus 64GB Bundle / CobaltPhone Mini Plus 1TB Refurbished / OnyxPhone Mini Pro,Umber Sync,Crown Industries Inc.
ArgoBeam Mini Mini SE / CopperBook Edge,Cobalt Edge,Nightfall Electronics Inc.
WaveCharge Mini Plus / BridgeKey Gen Mini,Sonic Link Spark,Starlight Devices Inc.
PulseNode Air,Nova Kernel,Photon Networks Inc.
ArgoLink Lite Ultra,Nova Arc and Opal Stack Link,EchoLabs Group Inc.
"TerraLink Lite Lite / SparkStand Gen Max, CrimsonHub Ultra Pro and SignalNode SE Ultra",Luna Arc; Indigo Signal Vault; Lime Stack Shield,Northwind Works Inc.
VectorRouter Lite / AtlasLink Max Max 128GB Bundle and PearlPad Edge,"Saffron Stack Vector, Opal Stack Link, Pearl Link Pulse, Auric Link Wave, Mint Link Core",Northwind Works Inc.
HarborBeam Max,Sol Engine,Crown Components Inc.
Pulse Vault DeepField,Pulse Vault,DeepField Holdings Inc.
Topaz Engine Seabird,Topaz Engine,Seabird Labs Inc.
Zen Pulse Seabird,Zen Pulse,Seabird Labs Inc.
Sable Shield Seabird,Sable Shield,Seabird Labs Inc.
TerraSpeaker Edge,Atlas Drive,GoldenGate Technologies Inc.
Atlas Sense Seabird,Atlas Sense,Seabird Labs Inc.
Argo Vault Seabird,Argo Vault,Seabird Labs Inc.
Graphite Vector Seabird,Graphite Vector,Seabird Labs Inc.
Cedar Layer Seabird,Cedar Layer,Seabird Labs Inc.
Cerulean Core Grid Seabird,Cerulean Core Grid,Seabird Labs Inc.
Pulse Module Stack Seabird,Pulse Module Stack,Seabird Labs Inc.
Ivory Fabric Engine Seabird,Ivory Fabric Engine,Seabird Labs Inc.
Silver Kernel Beam Seabird,Silver Kernel Beam,Seabird Labs Inc.
Graphite Kernel Flex Seabird,Graphite Kernel Flex,Seabird Labs Inc.
Orion Node Node Seabird,Orion Node Node,Seabird Labs Inc.
Cobalt Node Arc Seabird,Cobalt Node Arc,Seabird Labs Inc.
Orion Signal Matrix Seabird,Orion Signal Matrix,Seabird Labs Inc.
Golden Drive Arc Seabird,Golden Drive Arc,Seabird Labs Inc.
MintCase Ultra / AzureCase Ultra,Jade Signal,Saffron Industries Inc.
SyncCharge SE,Coda Stack,Meadow Manufacturing Inc.
OrionBeam Ultra / OpalHub Air Plus / CrimsonHub Edge Gen / LyraCam Max Max / UmberHub Gen Lite / OpalHub Air Plus 1TB Starter Kit,Vega Beam,Arbor Systems Inc.
OrionBeam Ultra / OpalHub Air Plus / CrimsonHub Edge Gen / LyraCam Max Max / UmberHub Gen Lite / OpalHub Air Plus 1TB Starter Kit,Vega Beam,Arbor Systems Inc.
OrionBeam Ultra / OpalHub Air Plus / CrimsonHub Edge Gen / LyraCam Max Max / UmberHub Gen Lite / OpalHub Air Plus 1TB Starter Kit,Vega Beam,Arbor Systems Inc.
OrionBeam Ultra / OpalHub Air Plus / CrimsonHub Edge Gen / LyraCam Max Max / UmberHub Gen Lite / OpalHub Air Plus 1TB Starter Kit,Vega Beam,Arbor Systems Inc.
OnyxCase SE,Citrine Core,Cinder Networks Inc.
Orion Module 256GB Refurbished Catalyst,Orion Module,Catalyst Group Inc.
CobaltDock Air Gen,Magenta Arc,Highland Group Inc.
Violet Arc RedStone,Violet Arc,RedStone Electronics Inc.
Violet Arc Evergreen,Violet Arc,Evergreen Components Inc.
Violet Arc Clearwater,Violet Arc,Clearwater Networks Inc.
CobaltDock Air Gen,Magenta Arc,Highland Group Inc.
BridgeDrive Lite,Mira Drive,BrightWave Works Inc.
AstraStand SE,Onyx Beam,BlueRiver Labs Inc.
KairoCase Mini SE Air,Umber Signal Layer,BlueRiver Labs Inc.
CitrinePad SE Plus Pro,Umber Signal Layer,BlueRiver Labs Inc.
PhotonStand Mini Plus Pro,Lyra Dock,Glacier Networks Inc.
AstraDrive Max,Mint Hub,Mountain Components Inc.
PearlHub Mini SE Air,Ruby Stack Node,Ironwood Industries Inc.
Mira Vault SpringboarNQ,Mira Vault,Springboard Systems Inc.
SenseBook Plus and SparkDock,Indigo Core; Lyra Kernel,Cinder Technologies Inc.
AstraKey Air Gen,Lyra Pulse,Lighthouse Technologies Inc.
Atlas Flex Lighthouse,Atlas Flex,Lighthouse Technologies Inc.
Aero Spark Lighthouse,Aero Spark,Lighthouse Technologies Inc.
Umbral Frame Lighthouse,Umbral Frame,Lighthouse Technologies Inc.
Atlas Flex Nebula,Atlas Flex,Nebula Devices Inc.
Terra Wave Stack Astra,Terra Wave Stack,Astra Electronics Inc.
UmberDrive Mini SE 512GB Refurbished,Azure Beam,Mosaic Industries Inc.
EdgeWatch Pro / NovaCam Pro / SenseWatch Pro,Aero Link,Ironwood Group Inc.
CitrineDrive SE,Pearl Stack,Arbor Devices Inc.
Magenta Grid Mountain,Magenta Grid,Mountain Group Inc.
Cobalt Flex Mountain,Cobalt Flex,Mountain Group Inc.
Silver Vault Mountain,Silver Vault,Mountain Group Inc.
Nova Core Matrix Mountain,Nova Core Matrix,Mountain Group Inc.
Atlas Fabric Kernel Mountain,Atlas Fabric Kernel,Mountain Group Inc.
Mint Kernel Kernel Mountain,Mint Kernel Kernel,Mountain Group Inc.
CitrineRouter Mini Plus Pro,Argo Shield Wave,Astra Networks Inc.
Pulse Kernel Glacier,Pulse Kernel,Glacier Works Inc.
MiraCharge Gen,Cedar Mesh,BlueRiver Technologies Inc.
Topaz Mesh Glacier,Topaz Mesh,Glacier Works Inc.
Ember Drive Crown,Ember Drive,Crown Holdings Inc.
Sable Edge Crown,Sable Edge,Crown Holdings Inc.
Lime Core Skylark,Lime Core,Skylark Labs Inc.
PearlBeam Lite Ultra,Violet Matrix,Sunpeak Industries Inc.
Umber Spark BrightWave,Umber Spark,BrightWave Manufacturing Inc.
Frost Flow BrightWave,Frost Flow,BrightWave Manufacturing Inc.
Lyra Frame BrightWave,Lyra Frame,BrightWave Manufacturing Inc.
NovaCharge SE SE and ZenithKey Gen Mini,Cedar Grid and Sol Flow,Nightfall Technologies Inc.
NovaCharge SE SE and ZenithKey Gen Mini,Cedar Grid and Sol Flow,Nightfall Technologies Inc.
Cobalt Vault EchoLabs,Cobalt Vault,EchoLabs Components Inc.
Sol Signal Northwind,Sol Signal,Northwind Networks Inc.
Citrine Core Dock DeepField,Citrine Core Dock,DeepField Group Inc.
Cobalt Vault Seabird,Cobalt Vault,Seabird Works Inc.
Luna Engine Engine Saffron,Luna Engine Engine,Saffron Holdings Inc.
Luna Engine Engine Meadow,Luna Engine Engine,Meadow Labs Inc.
Pulse Vault Arbor,Pulse Vault,Arbor Industries Inc.
Quartz Stack Pulse Orion,Quartz Stack Pulse,Orion Manufacturing Inc.
Quartz Stack Pulse Mosaic,Quartz Stack Pulse,Mosaic Systems Inc.
ZenithCam,Kairo Core + Maple Flex,GoldenGate Technologies Inc.
ZenithCam and CrownStand Mini Air,Kairo Core + Maple Flex,GoldenGate Technologies Inc.
Indigo Core GoldenGate,Indigo Core,GoldenGate Technologies Inc.
Crimson Engine GoldenGate,Crimson Engine,GoldenGate Technologies Inc.
Helio Module GoldenGate,Helio Module,GoldenGate Technologies Inc.
CobaltLink Mini and LumenDock Pro Air,Nova Core Matrix,Arbor Devices Inc.
"AuroraBook Ultra, NovaKey Mini, CrownBook Ultra and AstraKey Mini",Sol Module; Frost Module; Azure Node; Violet Node,Copperline Holdings Inc.
"AuroraBook Ultra, SenseDrive Mini, CrownBook Ultra, and AstraKey Mini",Sol Module & Frost Module & Azure Node & Violet Node,Arbor Industries Inc.
UmberLink SE,Ember Stack,GoldenGate Technologies Inc.
SaffronDrive SE,Onyx Stack,Catalyst Group Inc.
Quartz Stack GoldenGate,Quartz Stack,GoldenGate Technologies Inc.
Magenta Stack GoldenGate,Magenta Stack,GoldenGate Technologies Inc.
Vega Matrix GoldenGate,Vega Matrix,GoldenGate Technologies Inc.
Maple Matrix GoldenGate,Maple Matrix,GoldenGate Technologies Inc.
Aero Kernel GoldenGate,Aero Kernel,GoldenGate Technologies Inc.
Pulse Kernel GoldenGate,Pulse Kernel,GoldenGate Technologies Inc.
Mint Kernel GoldenGate,Mint Kernel,GoldenGate Technologies Inc.
Magenta Kernel and Onyx Spark,Magenta Kernel and Onyx Spark,GoldenGate Electronics Inc.
Frost Link GoldenGate,Frost Link,GoldenGate Technologies Inc.
Umbral Link GoldenGate,Umbral Link,GoldenGate Technologies Inc.
Kairo Pulse GoldenGate,Kairo Pulse,GoldenGate Technologies Inc.
Maple Pulse GoldenGate,Maple Pulse,GoldenGate Technologies Inc.
Azure Wave GoldenGate,Azure Wave,GoldenGate Technologies Inc.
Zen Node GoldenGate,Zen Node,GoldenGate Technologies Inc.
Vega Node GoldenGate,Vega Node,GoldenGate Technologies Inc.
Sable Node GoldenGate,Sable Node,GoldenGate Technologies Inc.
Terra Grid and Nova Matrix Beam,Terra Grid & Nova Matrix Beam,GoldenGate Technologies Inc.
Echo Grid and Astra Grid,"Echo Grid, Astra Grid",GoldenGate Technologies Inc.
Coda Grid GoldenGate,Coda Grid,GoldenGate Technologies Inc.
Kairo Grid GoldenGate,Kairo Grid,GoldenGate Technologies Inc.
Quartz Grid GoldenGate,Quartz Grid,GoldenGate Technologies Inc.
BeamRouter Ultra,Magenta Grid,GoldenGate Technologies Inc.
NebulaLink Ultra,Sonic Signal,Arbor Industries Inc.
Coral Signal GoldenGate,Coral Signal,GoldenGate Technologies Inc.
AzureCase Ultra,Jade Signal,Clearwater Labs Inc.
"Citrine Signal, Coral Shield and Echo Node Fabric",Citrine Signal; Coral Shield; Echo Node Fabric,Arbor Devices Inc.
Nimbus Shield GoldenGate,Nimbus Shield,GoldenGate Technologies Inc.
OnyxBook Edge,Atlas Shield,GoldenGate Technologies Inc.
Coral Shield and Echo Node Fabric,"Coral Shield, Echo Node Fabric",Arbor Devices Inc.
ZenithCam Edge,Copper Shield,GoldenGate Technologies Inc.
Sable Shield GoldenGate,Sable Shield,GoldenGate Technologies Inc.
TerraSpeaker Edge,Atlas Drive,GoldenGate Technologies Inc.
Sierra Drive GoldenGate,Sierra Drive,GoldenGate Technologies Inc.
Jade Drive GoldenGate,Jade Drive,GoldenGate Technologies Inc.
Maple Drive GoldenGate,Maple Drive,GoldenGate Technologies Inc.
Topaz Drive GoldenGate,Topaz Drive,GoldenGate Technologies Inc.
Sol Sense GoldenGate,Sol Sense,GoldenGate Technologies Inc.
Argo Sense GoldenGate,Argo Sense,GoldenGate Technologies Inc.
Frost Sense GoldenGate,Frost Sense,GoldenGate Technologies Inc.
Cedar Sense GoldenGate,Cedar Sense,GoldenGate Technologies Inc.
Pearl Mesh GoldenGate,Pearl Mesh,GoldenGate Technologies Inc.
Beryl Mesh GoldenGate,Beryl Mesh,GoldenGate Technologies Inc.
Sol Edge GoldenGate,Sol Edge,GoldenGate Technologies Inc.
Frost Edge GoldenGate,Frost Edge,GoldenGate Technologies Inc.
Slate Hub GoldenGate,Slate Hub,GoldenGate Technologies Inc.
LumenDock Pro Air and CrimsonBuds Mini SE,Beryl Hub and Nova Core Matrix,Catalyst Systems Inc.
AstraWatch Pro Max,Helio Beam,Astra Works Inc.
Maple Beam GoldenGate,Maple Beam,GoldenGate Technologies Inc.
Magenta Beam GoldenGate,Magenta Beam,GoldenGate Technologies Inc.
Topaz Sync GoldenGate,Topaz Sync,GoldenGate Technologies Inc.
KairoPad Mini Mini,Pulse Flex,Arbor Devices Inc.
Argo Flex GoldenGate,Argo Flex,GoldenGate Technologies Inc.
Jade Flex GoldenGate,Jade Flex,GoldenGate Technologies Inc.
Maple Flex GoldenGate,Maple Flex,GoldenGate Technologies Inc.
Maple Flex and Coral Drive Node,Maple Flex & Coral Drive Node,Arbor Devices Inc.
Nova Spark GoldenGate,Nova Spark,GoldenGate Technologies Inc.
Jade Spark GoldenGate,Jade Spark,GoldenGate Technologies Inc.
Cedar Spark GoldenGate,Cedar Spark,GoldenGate Technologies Inc.
GoldenHub SE Mini,Ivory Spark,Lighthouse Works Inc.
Citrine Spark GoldenGate,Citrine Spark,GoldenGate Technologies Inc.
Violet Spark GoldenGate,Violet Spark,GoldenGate Technologies Inc.
Terra Flow GoldenGate,Terra Flow,GoldenGate Technologies Inc.
Argo Flow and Crimson Kernel Edge,Argo Flow and Crimson Kernel Edge,Arbor Devices Inc.
Silver Flow GoldenGate,Silver Flow,GoldenGate Technologies Inc.
SignalNode SE Ultra,Echo Arc,Astra Networks Inc.
Umber Arc GoldenGate,Umber Arc,GoldenGate Technologies Inc.
Cerulean Arc GoldenGate,Cerulean Arc,GoldenGate Technologies Inc.
Aero Vault GoldenGate,Aero Vault,GoldenGate Technologies Inc.
Astra Vault GoldenGate,Astra Vault,GoldenGate Technologies Inc.
Crimson Vault GoldenGate,Crimson Vault,GoldenGate Technologies Inc.
Cerulean Vault GoldenGate,Cerulean Vault,GoldenGate Technologies Inc.
Maple Vector GoldenGate,Maple Vector,GoldenGate Technologies Inc.
AstraBook Plus Ultra,Graphite Vector,BrightWave Electronics Inc.
Topaz Vector GoldenGate,Topaz Vector,GoldenGate Technologies Inc.
Orion Frame GoldenGate,Orion Frame,GoldenGate Technologies Inc.
JadeCharge Plus Ultra,Cinder Frame,Zenith Holdings Inc.
Topaz Frame GoldenGate,Topaz Frame,GoldenGate Technologies Inc.
Violet Frame GoldenGate,Violet Frame,GoldenGate Technologies Inc.
Terra Layer GoldenGate,Terra Layer,GoldenGate Technologies Inc.
Coda Layer GoldenGate,Coda Layer,GoldenGate Technologies Inc.
Cedar Layer GoldenGate,Cedar Layer,GoldenGate Technologies Inc.
Nova Core Matrix GoldenGate,Nova Core Matrix,GoldenGate Technologies Inc.
Sonic Core Mesh GoldenGate,Sonic Core Mesh,GoldenGate Technologies Inc.
Cedar Core Core GoldenGate,Cedar Core Core,GoldenGate Technologies Inc.
Silver Core Link GoldenGate,Silver Core Link,GoldenGate Technologies Inc.
Delta Engine Spark GoldenGate,Delta Engine Spark,GoldenGate Technologies Inc.
JadeLink Max Gen,Helio Module Vector,BrightWave Electronics Inc.
Sable Module Drive GoldenGate,Sable Module Drive,GoldenGate Technologies Inc.
Pulse Stack Core GoldenGate,Pulse Stack Core,GoldenGate Technologies Inc.
Sol Stack Node GoldenGate,Sol Stack Node,GoldenGate Technologies Inc.
Beryl Stack Kernel GoldenGate,Beryl Stack Kernel,GoldenGate Technologies Inc.
Opal Stack Link GoldenGate,Opal Stack Link,GoldenGate Technologies Inc.
Atlas Fabric Kernel GoldenGate,Atlas Fabric Kernel,GoldenGate Technologies Inc.
Umber Fabric Arc GoldenGate,Umber Fabric Arc,GoldenGate Technologies Inc.
SparkKey Ultra Gen,Quartz Fabric Kernel,BrightWave Electronics Inc.
Coral Matrix Wave GoldenGate,Coral Matrix Wave,GoldenGate Technologies Inc.
Crimson Kernel Edge GoldenGate,Crimson Kernel Edge,GoldenGate Technologies Inc.
Umber Kernel Hub GoldenGate,Umber Kernel Hub,GoldenGate Technologies Inc.
Copper Kernel Spark GoldenGate,Copper Kernel Spark,GoldenGate Technologies Inc.
SolBeam Edge Mini,Mint Kernel Kernel,Arbor Devices Inc.
Nimbus Bridge Edge GoldenGate,Nimbus Bridge Edge,GoldenGate Technologies Inc.
Lyra Bridge Spark and Azure Signal Edge,Lyra Bridge Spark and Azure Signal Edge,Arbor Devices Inc.
GraphiteCam Gen Plus,Slate Bridge Spark,Cinder Electronics Inc.
LumenCharge Gen SE,Pulse Link Sense,Arbor Devices Inc.
Zen Link Mesh GoldenGate,Zen Link Mesh,GoldenGate Technologies Inc.
Argo Link Vector GoldenGate,Argo Link Vector,GoldenGate Technologies Inc.
Terra Pulse Kernel GoldenGate,Terra Pulse Kernel,GoldenGate Technologies Inc.
Frost Pulse Arc GoldenGate,Frost Pulse Arc,GoldenGate Technologies Inc.
Cedar Pulse Fabric GoldenGate,Cedar Pulse Fabric,GoldenGate Technologies Inc.
Terra Wave Stack GoldenGate,Terra Wave Stack,GoldenGate Technologies Inc.
Violet Wave Vector GoldenGate,Violet Wave Vector,GoldenGate Technologies Inc.
Coda Node Shield GoldenGate,Coda Node Shield,GoldenGate Technologies Inc.
Sierra Node Spark GoldenGate,Sierra Node Spark,GoldenGate Technologies Inc.
VectorBuds SE Air Plus,Silver Node Kernel,Astra Works Inc.
Golden Node Bridge GoldenGate,Golden Node Bridge,GoldenGate Technologies Inc.
Jade Grid Spark GoldenGate,Jade Grid Spark,GoldenGate Technologies Inc.
Onyx Grid Flow GoldenGate,Onyx Grid Flow,GoldenGate Technologies Inc.
GoldenBuds Mini Ultra Edge,Beryl Signal Bridge,BrightWave Manufacturing Inc.
HelioWatch Mini Gen Lite,Ruby Signal Grid,Catalyst Components Inc.
Azure Signal Edge GoldenGate,Azure Signal Edge,GoldenGate Technologies Inc.
Aero Shield Beam GoldenGate,Aero Shield Beam,GoldenGate Technologies Inc.
Jade Shield Edge 512GB Dual‑SIM GoldenGate,Jade Shield Edge,GoldenGate Technologies Inc.
Ruby Shield Pulse GoldenGate,Ruby Shield Pulse,GoldenGate Technologies Inc.
Mira Drive Engine GoldenGate,Mira Drive Engine,GoldenGate Technologies Inc.
Coral Drive Node GoldenGate,Coral Drive Node,GoldenGate Technologies Inc.
Maple Drive Edge GoldenGate,Maple Drive Edge,GoldenGate Technologies Inc.
Citrine Spark Cinder,Citrine Spark,Cinder Electronics Inc.
HelioWatch Mini Gen Lite,Ruby Signal Grid,Catalyst Components Inc.
Argo Shield Wave Lumen,Argo Shield Wave,Lumen Networks Inc.
Vega Matrix SilverLine,Vega Matrix,SilverLine Group Inc.
Umber Arc Skyforge,Umber Arc,Skyforge Works Inc.
Frost Edge Aurora,Frost Edge,Aurora Holdings Inc.
Sable Node Riverstone,Sable Node,Riverstone Labs Inc.
Violet Spark Riverstone,Violet Spark,Riverstone Labs Inc.
Opal Stack Link Riverstone,Opal Stack Link,Riverstone Labs Inc.
Cedar Grid Arc Riverstone,Cedar Grid Arc,Riverstone Labs Inc.
"AuroraBook Ultra, SenseDrive Mini, CrownBook Ultra, and AstraKey Mini",Sol Module; Frost Module; Azure Node; Violet Node,Arbor Industries Inc.
Umbral Hub Atlas,Umbral Hub,Atlas Manufacturing Inc.
Lime Sense Zenith,Lime Sense,Zenith Systems Inc.
Sierra Spark RedStone,Sierra Spark,RedStone Technologies Inc.
Cedar Flow Evergreen,Cedar Flow,Evergreen Devices Inc.
Opal Stack Link Clearwater,Opal Stack Link,Clearwater Electronics Inc.
Opal Stack Link Highland,Opal Stack Link,Highland Components Inc.
Terra Stack Summit,Terra Stack,Summit Networks Inc.
Helio Kernel Summit,Helio Kernel,Summit Networks Inc.
Zen Pulse Summit,Zen Pulse,Summit Networks Inc.
Slate Sense Summit,Slate Sense,Summit Networks Inc.
GoldenHub SE Mini,Ivory Spark,Lighthouse Works Inc.
"SparkStand Gen Max, CrimsonHub Ultra Pro and SignalNode SE Ultra",Luna Arc & Indigo Signal Vault & Lime Stack Shield,Catalyst Group Inc.
Teal Layer Summit,Teal Layer,Summit Networks Inc.
Nimbus Bridge Edge Summit,Nimbus Bridge Edge,Summit Networks Inc.
Frost Bridge Engine Summit,Frost Bridge Engine,Summit Networks Inc.
Echo Node Fabric Summit,Echo Node Fabric,Summit Networks Inc.
TerraHub Mini Gen Lite,Nimbus Shield Vector,Arbor Devices Inc.
Indigo Stack NovaWorks,Indigo Stack,NovaWorks Group Inc.
Cerulean Core Grid BlueRiver,Cerulean Core Grid,BlueRiver Works Inc.
Coral Flow Ironwood,Coral Flow,Ironwood Holdings Inc.
Maple Grid Windmill,Maple Grid,Windmill Labs Inc.
Umber Flex Windmill,Umber Flex,Windmill Labs Inc.
Topaz Sync SpringboarTR,Topaz Sync,Springboard Industries Inc.
ZenithCam,Kairo Core & Maple Flex,GoldenGate Technologies Inc.
AtlasSpeaker Pro,Topaz Link,Catalyst Group Inc.
Citrine Signal Lighthouse,Citrine Signal,Lighthouse Manufacturing Inc.
Magenta Spark Lighthouse,Magenta Spark,Lighthouse Manufacturing Inc.
Terra Matrix Edge Lighthouse,Terra Matrix Edge,Lighthouse Manufacturing Inc.
Terra Wave Stack Lighthouse,Terra Wave Stack,Lighthouse Manufacturing Inc.
Saffron Grid Engine Lighthouse,Saffron Grid Engine,Lighthouse Manufacturing Inc.
Lyra Arc Nebula,Lyra Arc,Nebula Systems Inc.
AzureBuds Air Plus and SparkDock,Indigo Core & Topaz Hub,NovaWorks Holdings Inc.
EchoWatch Max Air and SparkDock,"Indigo Core, Citrine Core Dock",Aurora Industries Inc.
Copper Fabric Astra,Copper Fabric,Astra Technologies Inc.
Frost Edge Astra,Frost Edge,Astra Technologies Inc.
Umbral Hub Astra,Umbral Hub,Astra Technologies Inc.
Coral Flow Astra,Coral Flow,Astra Technologies Inc.
Cedar Grid Arc Astra,Cedar Grid Arc,Astra Technologies Inc.
Cedar Grid Arc Pinecone,Cedar Grid Arc,Pinecone Devices Inc.
Graphite Core Quantum,Graphite Core,Quantum Electronics Inc.
ZenithCam Edge,Copper Shield,GoldenGate Technologies Inc.
Aero Shield Beam Quantum,Aero Shield Beam,Quantum Electronics Inc.
GoldenCam Plus SE,Orion Frame,BrightWave Works Inc.
SummitCase Mini,Lyra Frame,Sunpeak Holdings Inc.
Topaz Shield Starlight,Topaz Shield,Starlight Industries Inc.
TerraPad Lite 128GB Refurbished,Topaz Edge,Starlight Industries Inc.
Ruby Dock Starlight,Ruby Dock,Starlight Industries Inc.
Sierra Spark Starlight,Sierra Spark,Starlight Industries Inc.
Aero Vector 256GB Bundle Starlight,Aero Vector,Starlight Industries Inc.
Umbral Frame Starlight,Umbral Frame,Starlight Industries Inc.
Onyx Fabric Edge Starlight,Onyx Fabric Edge,Starlight Industries Inc.
Slate Grid Pulse StonebridgRU,Slate Grid Pulse,Stonebridge Systems Inc.
NovaWatch Air Plus Pro,Golden Node Bridge,Meadow Works Inc.
Pearl Fabric Beam EchoLabs,Pearl Fabric Beam,EchoLabs Devices Inc.
Frost Shield Node EchoLabs,Frost Shield Node,EchoLabs Devices Inc.
Nova Bridge Northwind,Nova Bridge,Northwind Electronics Inc.
Teal Module Dock DeepField,Teal Module Dock,DeepField Components Inc.
Nova Sense Seabird,Nova Sense,Seabird Networks Inc.
Sierra Grid Saffron,Sierra Grid,Saffron Group Inc.
Azure Node Spark Saffron,Azure Node Spark,Saffron Group Inc.
NovaWatch Air Plus Pro / EchoWatch Plus Pro Max,Golden Node Bridge,Meadow Works Inc.
Ruby Kernel Module Arbor,Ruby Kernel Module,Arbor Holdings Inc.
Ruby Kernel Module Orion,Ruby Kernel Module,Orion Labs Inc.
Argo Flex Mosaic,Argo Flex,Mosaic Industries Inc.
Cobalt Flex GoldenGate,Cobalt Flex,GoldenGate Manufacturing Inc.
Sable Module Drive Copperline,Sable Module Drive,Copperline Systems Inc.
Ruby Dock Cinder,Ruby Dock,Cinder Technologies Inc.
Aero Vector Catalyst,Aero Vector,Catalyst Devices Inc.
Frost Pulse Lumen,Frost Pulse,Lumen Electronics Inc.
DriveBook Plus Gen / EchoBuds Plus Mini / NovaBuds Plus Mini / PulseDrive Lite and SaffronBook Ultra / LumenBuds Plus Air / QuartzPad Air Mini / SparkBook Plus Plus,"Terra Grid, Saffron Dock",Aurora Systems Inc.
VectorNode Mini Ultra / GoldenKey Plus / SonicRouter Edge / HelioCam Pro / TealSpeaker Gen Mini / QuantaCharge Edge Gen Lite / PearlRouter Edge Ultra / IndigoHub Ultra Edge / ZenithBuds Ultra / AtlasRouter Edge / CodaSpeaker Lite / OpalHub Air Plus / NebulaCharge Pro Max Ultra Edge / RubyPhone Lite Pro / CrownLink Ultra Mini / CopperDock Edge / CrimsonWatch Air / SenseSpeaker Lite / QuartzCase Plus / PhotonPhone Mini SE Air and QuantaPad Mini Ultra Edge / SilverKey Plus / BeamNode Mini Air / JadeDock Edge / DriveSpeaker Lite / AuroraSpeaker Lite / LyraCam Pro 64GB Refurbished / HarborLink Ultra Lite / SolSpeaker Lite / TerraPad Gen Ultra / PhotonPhone Mini SE Air and SensePhone Mini Plus Pro / CoreBook Ultra / SummitCharge Max Ultra Edge,Vega Beam,Aurora Group Inc.
VectorNode Mini Ultra / GoldenKey Plus / SonicRouter Edge / HelioCam Pro / TealSpeaker Gen Mini / QuantaCharge Edge Gen Lite / PearlRouter Edge Ultra / IndigoHub Ultra Edge / ZenithBuds Ultra / AtlasRouter Edge / CodaSpeaker Lite / OpalHub Air Plus / NebulaCharge Pro Max Ultra Edge / RubyPhone Lite Pro / CrownLink Ultra Mini / CopperDock Edge / CrimsonWatch Air / SenseSpeaker Lite / QuartzCase Plus / PhotonPhone Mini SE Air and QuantaPad Mini Ultra Edge / SilverKey Plus / BeamNode Mini Air / JadeDock Edge / DriveSpeaker Lite / AuroraSpeaker Lite / LyraCam Pro 64GB Refurbished / HarborLink Ultra Lite / SolSpeaker Lite / PhotonPhone Mini SE Air and SensePhone Mini Plus Pro / CoreBook Ultra / SummitCharge Max Ultra Edge,Vega Beam,Aurora Group Inc.
VectorNode Mini Ultra / GoldenKey Plus / SonicRouter Edge / HelioCam Pro / TealSpeaker Gen Mini / QuantaCharge Edge Gen Lite / PearlRouter Edge Ultra / IndigoHub Ultra Edge / ZenithBuds Ultra / AtlasRouter Edge / CodaSpeaker Lite / OpalHub Air Plus / NebulaCharge Pro Max Ultra Edge / RubyPhone Lite Pro / CrownLink Ultra Mini / CopperDock Edge / CrimsonWatch Air / SenseSpeaker Lite / QuartzCase Plus / PhotonPhone Mini SE Air and QuantaPad Mini Ultra Edge / SilverKey Plus / BeamNode Mini Air / JadeDock Edge / DriveSpeaker Lite / AuroraSpeaker Lite / LyraCam Pro 64GB Refurbished / HarborLink Ultra Lite / SolSpeaker Lite / PhotonPhone Mini SE Air and SensePhone Mini Plus Pro / CoreBook Ultra / SummitCharge Max Ultra Edge,Vega Beam,Aurora Group Inc.
DriveNode Mini Max / HarborSpeaker Lite / OrionCharge Lite / CobaltHub SE Pro / SaffronCharge Lite Mini SE Air,Maple Module Arc,Harbor Holdings Inc.
FlexBeam Edge / CitrineCharge Mini Pro 1TB Bundle,Frost Flex,Atlas Labs Inc.
GraphiteNode Mini Plus / GraphiteCam Mini / ZenithSpeaker Lite / EdgeWatch Pro / LumenBuds Pro,Aero Link,Zenith Industries Inc.
LumenPhone SE Mini / SyncBook Plus SE / AzureNode Edge Pro / CoreBook Plus Edge / SlateCharge Air Plus Pro / TopazKey Gen and AzureWatch Gen Lite Mini / HarborRouter Edge,Saffron Dock + Ruby Fabric Link,Clearwater Technologies Inc.
LumenPhone SE Mini / SyncBook Plus SE / AzureNode Edge Pro / CoreBook Plus Edge / SlateCharge Air Plus Pro / TopazKey Gen and AzureWatch Gen Lite Mini / HarborRouter Edge,Saffron Dock & Ruby Fabric Link,Clearwater Technologies Inc.
LumenPhone SE Mini / SyncBook Plus SE / AzureNode Edge Pro / CoreBook Plus Edge / SlateCharge Air Plus Pro / TopazKey Gen and AzureWatch Gen Lite Mini / HarborRouter Edge,Saffron Dock & Ruby Fabric Link,Clearwater Technologies Inc.
LumenPhone SE Mini / SyncBook Plus SE / AzureNode Edge Pro / CoreBook Plus Edge / SlateCharge Air Plus Pro / TopazKey Gen and AzureWatch Gen Lite Mini / HarborRouter Edge,"Saffron Dock, Ruby Fabric Link",Clearwater Technologies Inc.
PearlNode Mini Gen 256GB Refurbished / SummitHub Plus Ultra / KairoCharge Lite 1TB Starter Kit / NimbusHub Lite Mini SE 512GB Starter Kit / TerraCase Ultra Mini / FlexSpeaker Gen Lite Mini 1TB Starter Kit / AstraPad 256GB Refurbished / OnyxNode Mini Edge 512GB Bundle / SaffronDock Edge 128GB Starter Kit / HelioHub Lite Air 64GB Dual‑SIM / SolCase Plus and CodaCase Gen Mini / QuantaCase Gen Air and TerraCam Max / TopazSpeaker Lite / CitrineRouter Edge 128GB Starter Kit / HarborHub Plus Edge,Ruby Fabric Link,Summit Electronics Inc.
PearlNode Mini Gen 256GB Refurbished / SummitHub Plus Ultra / KairoCharge Lite 1TB Starter Kit / NimbusHub Lite Mini SE 512GB Starter Kit / TerraCase Ultra Mini / FlexSpeaker Gen Lite Mini 1TB Starter Kit / AstraPad 256GB Refurbished / OnyxNode Mini Edge 512GB Bundle / LyraCase Gen Lite 1TB Dual‑SIM / SaffronDock Edge 128GB Starter Kit / HelioHub Lite Air 64GB Dual‑SIM / SolCase Plus and CodaCase Gen Mini / QuantaCase Gen Air and TerraCam Max / TopazSpeaker Lite / CitrineRouter Edge 128GB Starter Kit / HarborHub Plus Edge,Ruby Fabric Link,Summit Electronics Inc.
MintNode Mini Lite / RubyNode Edge Mini and TerraCase Ultra Mini / CitrineSpeaker Gen Pro / NimbusLink Mini Pro / SyncCam Mini / OrionSpeaker Lite / NovaRouter Edge / TealSpeaker Lite / PhotonCam Mini / UmberCam Mini and NimbusCam Max / CoreSpeaker Air Plus Pro / CatalystCam Mini / NovaPad 64GB Refurbished / LumenBuds Pro and TerraCase Ultra Mini / CobaltCam Mini,Aero Link; Ruby Fabric Link,Ironwood Group Inc.
MintNode Mini Lite / RubyNode Edge Mini and TerraCase Ultra Mini / CitrineSpeaker Gen Pro / NimbusLink Mini Pro / SyncCam Mini / OrionSpeaker Lite / NovaRouter Edge / TealSpeaker Lite / PhotonCam Mini / UmberCam Mini and NimbusCam Max / CoreSpeaker Air Plus Pro / CatalystCam Mini / LumenBuds Pro and TerraCase Ultra Mini / CobaltCam Mini,"Aero Link, Ruby Fabric Link",Ironwood Group Inc.
MintNode Mini Lite / RubyNode Edge Mini and TerraCase Ultra Mini / CitrineSpeaker Gen Pro / NimbusLink Mini Pro / SyncCam Mini / CobaltCam Mini / OrionSpeaker Lite / NovaRouter Edge / TealSpeaker Lite / PhotonCam Mini / UmberCam Mini and NimbusCam Max / CoreSpeaker Air Plus Pro / CatalystCam Mini / NovaPad 64GB Refurbished / LumenBuds Pro and TerraCase Ultra Mini,Aero Link; Ruby Fabric Link,Ironwood Group Inc.
MintNode Mini Lite / RubyNode Edge Mini and TerraCase Ultra Mini / CitrineSpeaker Gen Pro / NimbusLink Mini Pro / SyncCam Mini / CobaltCam Mini / OrionSpeaker Lite / NovaRouter Edge / TealSpeaker Lite / PhotonCam Mini / CoreSpeaker Air Plus Pro / CatalystCam Mini / NovaPad 64GB Refurbished / LumenBuds Pro and TerraCase Ultra Mini,Aero Link & Ruby Fabric Link,Ironwood Group Inc.
FlexNode Mini Mini / EchoWatch Plus Ultra / EdgeCharge Pro Gen / ArgoCam SE Gen / JadePhone Mini,Umber Spark,Windmill Works Inc.
Orion Module 256GB Refurbished SpringboarIL,Orion Module,Springboard Holdings Inc.
JadeStand Gen Pro,Umber Link Shield,Springboard Holdings Inc.
OpalLink Mini Gen,Auric Wave Fabric,Springboard Holdings Inc.
IndigoLink Mini SE,Crimson Wave Kernel,Springboard Holdings Inc.
CopperStand Gen Max 64GB Dual‑SIM,Copper Link Edge,Lighthouse Labs Inc.
ZenithBuds Plus Pro / NimbusBuds Plus Max / MiraBuds Plus Lite / OrionBuds Plus Plus / BeamBook Plus Max / TerraBuds Plus Ultra / PulseDrive Lite,Saffron Dock,Astra Manufacturing Inc.
ZenithBuds Plus Pro / NimbusBuds Plus Max / MiraBuds Plus Lite / OrionBuds Plus Plus / BeamBook Plus Max / TerraBuds Plus Ultra / PulseDrive Lite,Saffron Dock,Astra Manufacturing Inc.
ZenithBuds Plus Pro / NimbusBuds Plus Max / MiraBuds Plus Lite / OrionBuds Plus Plus / BeamBook Plus Max / TerraBuds Plus Ultra / PulseDrive Lite,Saffron Dock,Astra Manufacturing Inc.
ZenithBuds Plus Pro / NimbusBuds Plus Max / MiraBuds Plus Lite / OrionBuds Plus Plus / BeamBook Plus Max / TerraBuds Plus Ultra / PulseDrive Lite,Saffron Dock,Astra Manufacturing Inc.
UmberHub Pro,Mira Link; Violet Sync,EchoLabs Systems Inc.
UmberHub Pro / AzureHub Pro,Mira Link + Violet Sync,EchoLabs Systems Inc.
UmberHub Pro,"Mira Link, Violet Sync",EchoLabs Systems Inc.
UmberHub Pro,Mira Link and Violet Sync,EchoLabs Systems Inc.
Cinder Bridge Saffron,Cinder Bridge,Saffron Components Inc.
SummitCharge Pro,Citrine Link,Arbor Components Inc.
Sonic Grid Saffron,Sonic Grid,Saffron Components Inc.
Graphite Shield Saffron,Graphite Shield,Saffron Components Inc.
Jade Sense Saffron,Jade Sense,Saffron Components Inc.
Pulse Dock Saffron,Pulse Dock,Saffron Components Inc.
Cobalt Flow Saffron,Cobalt Flow,Saffron Components Inc.
Umber Arc Saffron,Umber Arc,Saffron Components Inc.
Cerulean Arc Saffron,Cerulean Arc,Saffron Components Inc.
Cobalt Fabric Sense Arbor,Cobalt Fabric Sense,Arbor Group Inc.
Vega Sense Orion,Vega Sense,Orion Works Inc.
Coda Fabric Mosaic,Coda Fabric,Mosaic Holdings Inc.
Pulse Pulse Mosaic,Pulse Pulse,Mosaic Holdings Inc.
AtlasLink Pro Edge,Terra Stack,GoldenGate Labs Inc.
TopazBeam Mini Pro Max,Quartz Bridge,GoldenGate Labs Inc.
QuantaPad Gen SE,Topaz Node,Copperline Industries Inc.
SummitPad Gen Mini / CodaLink Plus,Terra Bridge,Catalyst Systems Inc.
SummitPad Gen Mini / CodaLink Plus,Terra Bridge,Catalyst Systems Inc.
PulseHub Edge Mini / SignalWatch Plus SE 512GB Dual‑SIM / SignalWatch Plus SE 1TB Dual‑SIM / SignalWatch Plus SE 1TB Starter Kit,Umbral Vector,Lumen Technologies Inc.
MintBuds Pro Max Ultra Edge,Cinder Link,Skyforge Electronics Inc.
TopazPad SE,Cerulean Shield Engine,Skyforge Electronics Inc.
CatalystStand Gen / PulseBeam Plus SE,Coda Layer,Aurora Components Inc.
BeamHub Gen,Mint Engine,Mountain Components Inc.
Quanta Engine Atlas,Quanta Engine,Atlas Works Inc.
GraphiteCharge Pro Gen,Magenta Stack,Harbor Systems Inc.
PhotonLink Mini SE Air,Magenta Stack,Harbor Systems Inc.
OpalRouter Plus Pro,Onyx Shield,RedStone Labs Inc.
SummitCase Edge Gen,Sierra Sense,Aurora Industries Inc.
CrownRouter Edge SE,Nova Spark,Harbor Systems Inc.
KairoCam Edge Mini,Graphite Flow,Aurora Industries Inc.
SignalWatch SE Max Ultra 64GB Bundle / BridgeWatch SE Pro Max / SyncWatch SE Ultra Edge,Teal Core Flow,RedStone Labs Inc.
SilverCam Ultra Max,Golden Stack Core,RedStone Labs Inc.
CopperBuds Ultra Edge Gen,Indigo Node Module,RedStone Labs Inc.
IndigoSpeaker SE Lite Mini,Helio Sync,BlueRiver Electronics Inc.
DriveBuds Lite Air,Copper Signal Stack,NovaWorks Devices Inc.
PhotonBeam Edge,Echo Engine,Ironwood Components Inc.
KairoDock Mini Plus Pro,Pulse Matrix,NovaWorks Devices Inc.
SummitWatch Lite Pro / CoreBeam Max / KairoKey Pro Lite,Cobalt Node,NovaWorks Devices Inc.
SummitWatch Lite Pro / KairoKey Pro Lite,Cobalt Node,NovaWorks Devices Inc.
OrionPhone Air / EdgeRouter Ultra Edge Gen,Frost Grid Mesh,NovaWorks Devices Inc.
Nimbus Module Windmill,Nimbus Module,Windmill Networks Inc.
Atlas Layer Lighthouse,Atlas Layer,Lighthouse Works Inc.
CoreStand Max Ultra Edge,Saffron Kernel Dock,NovaWorks Devices Inc.
EchoNode Lite,Topaz Grid Node,NovaWorks Devices Inc.
ArgoStand Ultra Edge Gen,Echo Stack,EchoLabs Industries Inc.
RubyKey Plus Pro Max,Crimson Fabric,Quantum Manufacturing Inc.
CopperCharge Lite,Umbral Sense,Quantum Manufacturing Inc.
SummitBuds Gen / HelioBuds Gen,Indigo Sense,Mountain Systems Inc.
NovaBook Pro Air / CrimsonCam SE,Luna Stack,Crown Devices Inc.
NovaBook Pro Air / CrimsonCam SE,Luna Stack,Crown Devices Inc.
Frost Sense Starlight,Frost Sense,Starlight Group Inc.
Frost Sense Nightfall,Frost Sense,Nightfall Works Inc.
HelioCam Pro / LumenBeam Ultra / CodaCam Pro / PulseCam Pro / MiraCam Pro / QuantaCam Pro / HelioCam Pro 512GB Starter Kit,Vega Beam,Astra Labs Inc.
SignalStand Mini / SonicNode Mini Ultra Edge / PearlLink Edge Gen,Sol Flow,Astra Networks Inc.
SignalStand Mini / SonicNode Mini Ultra Edge / PearlLink Edge Gen,Sol Flow,Astra Networks Inc.
Sonic Core Mesh DeepField,Sonic Core Mesh,DeepField Systems Inc.
"WaveDrive Air Mini / SparkDock, OrionLink SE and OrionWatch Plus / CoreDock / OpalCase Ultra Plus",Indigo Core & Argo Stack & Sierra Kernel,Orion Networks Inc.
"BeamBook Plus Max / PulseDrive Lite / MiraBuds Plus Lite / TealLink Max / EchoPad 512GB Bundle / TopazSpeaker Air and GraphiteBook Mini SE / HelioCharge Lite / HelioBuds Plus Edge 1TB Starter Kit / WaveWatch Air / BridgeRouter Max 1TB Refurbished, EchoPhone 1TB Starter Kit / SignalRouter Max 128GB Refurbished, EchoPhone 512GB Dual‑SIM / SlateBeam Edge / AzureCharge Air / RubyCharge Air / QuantaDrive Lite 128GB Starter Kit / SlateSpeaker Lite / PulseBuds Ultra / HelioBuds Plus Edge 64GB Refurbished / IndigoPad Air Plus",Saffron Dock,Meadow Electronics Inc.
"BeamBook Plus Max / PulseDrive Lite / MiraBuds Plus Lite / TealLink Max / EchoPad 512GB Bundle / TopazSpeaker Air and GraphiteBook Mini SE / HelioCharge Lite / HelioBuds Plus Edge 1TB Starter Kit / WaveWatch Air / BridgeRouter Max 1TB Refurbished, EchoPhone 1TB Starter Kit / SignalRouter Max 128GB Refurbished, EchoPhone 512GB Dual‑SIM / SlateBeam Edge / AzureCharge Air / RubyCharge Air / QuantaDrive Lite 128GB Starter Kit / SlateSpeaker Lite / PulseBuds Ultra / MintLink Max / HelioBuds Plus Edge 64GB Refurbished / IndigoPad Air Plus",Saffron Dock,Meadow Electronics Inc.
"BeamBook Plus Max / PulseDrive Lite / MiraBuds Plus Lite / TealLink Max / EchoPad 512GB Bundle / TopazSpeaker Air and GraphiteBook Mini SE / HelioCharge Lite / HelioBuds Plus Edge 1TB Starter Kit / WaveWatch Air / BridgeRouter Max 1TB Refurbished, EchoPhone 1TB Starter Kit / SignalRouter Max 128GB Refurbished, EchoPhone 512GB Dual‑SIM / SlateBeam Edge / AzureCharge Air / RubyCharge Air / QuantaDrive Lite 128GB Starter Kit / SlateSpeaker Lite / PulseBuds Ultra / HelioBuds Plus Edge 64GB Refurbished / IndigoPad Air Plus",Saffron Dock,Meadow Electronics Inc.
"BeamBook Plus Max / PulseDrive Lite / MiraBuds Plus Lite / TealLink Max / EchoPad 512GB Bundle / TopazSpeaker Air and GraphiteBook Mini SE / HelioCharge Lite / HelioBuds Plus Edge 1TB Starter Kit / WaveWatch Air / BridgeRouter Max 1TB Refurbished, EchoPhone 1TB Starter Kit / SignalRouter Max 128GB Refurbished, EchoPhone 512GB Dual‑SIM / SlateBeam Edge / AzureCharge Air / RubyCharge Air / QuantaDrive Lite 128GB Starter Kit / SlateSpeaker Lite / PulseBuds Ultra / MintLink Max / HelioBuds Plus Edge 64GB Refurbished / IndigoPad Air Plus",Saffron Dock,Meadow Electronics Inc.
"WaveDrive Air Mini / SparkDock, OrionLink SE and OrionWatch Plus / CoreDock / OpalCase Ultra Plus",Indigo Core and Argo Stack and Sierra Kernel,Orion Networks Inc.
Mira Signal Mosaic,Mira Signal,Mosaic Group Inc.
Sonic Signal Mosaic,Sonic Signal,Mosaic Group Inc.
"Azure Matrix, Terra Grid, and Ruby Fabric Link",Azure Matrix and Terra Grid and Ruby Fabric Link,Catalyst Industries Inc.
MiraCharge Gen,Cedar Mesh,BlueRiver Technologies Inc.
Silver Layer GoldenGate,Silver Layer,GoldenGate Works Inc.
Indigo Stack Copperline,Indigo Stack,Copperline Holdings Inc.
Nimbus Grid Copperline,Nimbus Grid,Copperline Holdings Inc.
Auric Vault Copperline,Auric Vault,Copperline Holdings Inc.
Umber Fabric Arc Copperline,Umber Fabric Arc,Copperline Holdings Inc.
Mint Signal Sense Copperline,Mint Signal Sense,Copperline Holdings Inc.
Crimson Kernel Cinder,Crimson Kernel,Cinder Labs Inc.
Umber Core Catalyst,Umber Core,Catalyst Industries Inc.
Coda Engine Catalyst,Coda Engine,Catalyst Industries Inc.
Crimson Engine Catalyst,Crimson Engine,Catalyst Industries Inc.
Sable Engine Catalyst,Sable Engine,Catalyst Industries Inc.
Astra Module Catalyst,Astra Module,Catalyst Industries Inc.
Mira Module Catalyst,Mira Module,Catalyst Industries Inc.
Coda Module Catalyst,Coda Module,Catalyst Industries Inc.
PulseCase Mini,Onyx Module,Catalyst Industries Inc.
Terra Stack Catalyst,Terra Stack,Catalyst Industries Inc.
Indigo Stack Catalyst,Indigo Stack,Catalyst Industries Inc.
UmberHub Ultra and AtlasCase SE,Silver Stack & Graphite Grid,Catalyst Industries Inc.
AuroraPad Air,Echo Fabric,Arbor Devices Inc.
Nova Matrix Catalyst,Nova Matrix,Catalyst Industries Inc.
"Azure Matrix, Terra Grid, and Ruby Fabric Link",Azure Matrix + Terra Grid + Ruby Fabric Link,Catalyst Industries Inc.
Violet Kernel Catalyst,Violet Kernel,Catalyst Industries Inc.
Zen Bridge Catalyst,Zen Bridge,Catalyst Industries Inc.
Mint Bridge Catalyst,Mint Bridge,Catalyst Industries Inc.
Lyra Link Catalyst,Lyra Link,Catalyst Industries Inc.
Lyra Link and Nova Pulse,Lyra Link & Nova Pulse,Catalyst Industries Inc.
Mira Link 512GB Dual‑SIM Catalyst,Mira Link,Catalyst Industries Inc.
Cinder Link Catalyst,Cinder Link,Catalyst Industries Inc.
Jade Link 256GB Bundle Catalyst,Jade Link,Catalyst Industries Inc.
Crimson Link Catalyst,Crimson Link,Catalyst Industries Inc.
Copper Link Catalyst,Copper Link,Catalyst Industries Inc.
Ivory Link Catalyst,Ivory Link,Catalyst Industries Inc.
Slate Link Catalyst,Slate Link,Catalyst Industries Inc.
QuantaLink Pro,Umbral Link,Astra Networks Inc.
Terra Pulse Catalyst,Terra Pulse,Catalyst Industries Inc.
Astra Pulse Catalyst,Astra Pulse,Catalyst Industries Inc.
Nimbus Pulse Catalyst,Nimbus Pulse,Catalyst Industries Inc.
Zen Pulse Catalyst,Zen Pulse,Catalyst Industries Inc.
Coda Pulse Catalyst,Coda Pulse,Catalyst Industries Inc.
Mint Pulse Catalyst,Mint Pulse,Catalyst Industries Inc.
UmberDrive Max,Ember Wave,Catalyst Industries Inc.
Ember Wave Catalyst,Ember Wave,Catalyst Industries Inc.
Citrine Wave Catalyst,Citrine Wave,Catalyst Industries Inc.
Ivory Node Catalyst,Ivory Node,Catalyst Industries Inc.
Nimbus Grid Catalyst,Nimbus Grid,Catalyst Industries Inc.
Jade Grid Catalyst,Jade Grid,Catalyst Industries Inc.
Opal Grid Catalyst,Opal Grid,Catalyst Industries Inc.
Quanta Signal Catalyst,Quanta Signal,Catalyst Industries Inc.
Sonic Signal Catalyst,Sonic Signal,Catalyst Industries Inc.
Delta Shield Catalyst,Delta Shield,Catalyst Industries Inc.
PhotonSpeaker Edge 128GB Bundle,Sierra Drive,Arbor Devices Inc.
Frost Sense Catalyst,Frost Sense,Catalyst Industries Inc.
Helio Mesh Catalyst,Helio Mesh,Catalyst Industries Inc.
MiraCharge Gen,Cedar Mesh,BlueRiver Technologies Inc.
Indigo Mesh Catalyst,Indigo Mesh,Catalyst Industries Inc.
Ivory Mesh 256GB Bundle Catalyst,Ivory Mesh,Catalyst Industries Inc.
Beryl Mesh Catalyst,Beryl Mesh,Catalyst Industries Inc.
Zen Edge Catalyst,Zen Edge,Catalyst Industries Inc.
Sol Edge Catalyst,Sol Edge,Catalyst Industries Inc.
Sable Edge Catalyst,Sable Edge,Catalyst Industries Inc.
Argo Dock Catalyst,Argo Dock,Catalyst Industries Inc.
Beryl Hub Catalyst,Beryl Hub,Catalyst Industries Inc.
AtlasCase Air Plus Pro and CrimsonBuds Mini SE,Beryl Hub & Violet Grid Sync,Arbor Devices Inc.
Opal Hub Catalyst,Opal Hub,Catalyst Industries Inc.
DriveBuds Mini SE,Violet Hub,Catalyst Industries Inc.
AstraWatch Pro Max,Helio Beam,Astra Works Inc.
Maple Beam Catalyst,Maple Beam,Catalyst Industries Inc.
Magenta Beam Catalyst,Magenta Beam,Catalyst Industries Inc.
Topaz Sync Catalyst,Topaz Sync,Catalyst Industries Inc.
Azure Sync Catalyst,Azure Sync,Catalyst Industries Inc.
Argo Flex Catalyst,Argo Flex,Catalyst Industries Inc.
Cobalt Flex Catalyst,Cobalt Flex,Catalyst Industries Inc.
Jade Flex 1TB Starter Kit Catalyst,Jade Flex,Catalyst Industries Inc.
SlateBuds Lite,Cedar Flex,Catalyst Industries Inc.
Maple Flex Catalyst,Maple Flex,Catalyst Industries Inc.
Aero Spark Catalyst,Aero Spark,Catalyst Industries Inc.
Sierra Spark 256GB Dual‑SIM Catalyst,Sierra Spark,Catalyst Industries Inc.
Jade Spark Catalyst,Jade Spark,Catalyst Industries Inc.
Cedar Spark Catalyst,Cedar Spark,Catalyst Industries Inc.
GoldenHub SE Mini,Ivory Spark,Lighthouse Works Inc.
Citrine Spark Catalyst,Citrine Spark,Catalyst Industries Inc.
Magenta Spark Catalyst,Magenta Spark,Catalyst Industries Inc.
Cinder Flow Catalyst,Cinder Flow,Catalyst Industries Inc.
Jade Arc Catalyst,Jade Arc,Catalyst Industries Inc.
Indigo Arc Catalyst,Indigo Arc,Catalyst Industries Inc.
HelioWatch Air Pro,Cerulean Arc,Copperline Holdings Inc.
Cerulean Arc Catalyst,Cerulean Arc,Catalyst Industries Inc.
Orion Vault Catalyst,Orion Vault,Catalyst Industries Inc.
Cinder Vault Catalyst,Cinder Vault,Catalyst Industries Inc.
Jade Vault Catalyst,Jade Vault,Catalyst Industries Inc.
Auric Vault Catalyst,Auric Vault,Catalyst Industries Inc.
Silver Vault Catalyst,Silver Vault,Catalyst Industries Inc.
Cerulean Vault Catalyst,Cerulean Vault,Catalyst Industries Inc.
Helio Vector Catalyst,Helio Vector,Catalyst Industries Inc.
Atlas Vector Catalyst,Atlas Vector,Catalyst Industries Inc.
Umbral Vector Catalyst,Umbral Vector,Catalyst Industries Inc.
Umber Frame Catalyst,Umber Frame,Catalyst Industries Inc.
Citrine Frame Catalyst,Citrine Frame,Catalyst Industries Inc.
Silver Layer Catalyst,Silver Layer,Catalyst Industries Inc.
Coda Core Sense 64GB Refurbished Catalyst,Coda Core Sense,Catalyst Industries Inc.
Argo Core Beam Catalyst,Argo Core Beam,Catalyst Industries Inc.
SenseSpeaker Pro Max Ultra,Frost Core Sync,Catalyst Industries Inc.
Cerulean Core Grid Catalyst,Cerulean Core Grid,Catalyst Industries Inc.
Topaz Core Sense Catalyst,Topaz Core Sense,Catalyst Industries Inc.
Opal Module Node Catalyst,Opal Module Node,Catalyst Industries Inc.
Echo Stack Vector Catalyst,Echo Stack Vector,Catalyst Industries Inc.
Sonic Fabric Matrix Catalyst,Sonic Fabric Matrix,Catalyst Industries Inc.
Atlas Fabric Kernel Catalyst,Atlas Fabric Kernel,Catalyst Industries Inc.
Auric Fabric Sync Catalyst,Auric Fabric Sync,Catalyst Industries Inc.
Umber Fabric Arc Catalyst,Umber Fabric Arc,Catalyst Industries Inc.
Slate Fabric Module Catalyst,Slate Fabric Module,Catalyst Industries Inc.
WavePhone Edge Ultra,Helio Matrix Dock,Nebula Industries Inc.
SonicWatch Edge Air,Cobalt Matrix Signal,Arbor Devices Inc.
Sable Matrix Kernel Catalyst,Sable Matrix Kernel,Catalyst Industries Inc.
Orion Kernel Arc Catalyst,Orion Kernel Arc,Catalyst Industries Inc.
Pearl Kernel Drive Catalyst,Pearl Kernel Drive,Catalyst Industries Inc.
Golden Kernel Sync Catalyst,Golden Kernel Sync,Catalyst Industries Inc.
KairoBeam Edge Mini,Mint Kernel Kernel,Catalyst Industries Inc.
Cerulean Bridge Sync Catalyst,Cerulean Bridge Sync,Catalyst Industries Inc.
LumenCharge Gen SE,Pulse Link Sense,Arbor Devices Inc.
Umbral Link Frame Catalyst,Umbral Link Frame,Catalyst Industries Inc.
Ivory Pulse Mesh Catalyst,Ivory Pulse Mesh,Catalyst Industries Inc.
Slate Pulse Edge and Quanta Signal Stack,Slate Pulse Edge; Quanta Signal Stack,Catalyst Industries Inc.
Delta Wave Vector Catalyst,Delta Wave Vector,Catalyst Industries Inc.
SensePad Mini SE Air,Orion Node Node,Catalyst Industries Inc.
VectorBuds SE Air Plus,Silver Node Kernel,Astra Works Inc.
Cerulean Node Wave Catalyst,Cerulean Node Wave,Catalyst Industries Inc.
Golden Signal Engine Catalyst,Golden Signal Engine,Catalyst Industries Inc.
Mint Signal Sense Catalyst,Mint Signal Sense,Catalyst Industries Inc.
Nova Shield Flow Catalyst,Nova Shield Flow,Catalyst Industries Inc.
BridgeHub SE Max Ultra,Auric Drive Hub,Catalyst Industries Inc.
Golden Drive Arc Catalyst,Golden Drive Arc,Catalyst Industries Inc.
Orion Drive Lumen,Orion Drive,Lumen Manufacturing Inc.
Cedar Sense SilverLine,Cedar Sense,SilverLine Systems Inc.
Coda Module and Magenta Link,Coda Module and Magenta Link,Harbor Devices Inc.
SaffronSpeaker Air Gen,Atlas Vault,Copperline Components Inc.
Coda Module and Magenta Link,Coda Module + Magenta Link,Harbor Devices Inc.
Orion Spark Atlas,Orion Spark,Atlas Networks Inc.
Coda Module and Magenta Link,Coda Module & Magenta Link,Harbor Devices Inc.
Coda Module and Magenta Link,Coda Module and Magenta Link,Harbor Devices Inc.
Coda Module Evergreen,Coda Module,Evergreen Holdings Inc.
Violet Kernel Clearwater,Violet Kernel,Clearwater Labs Inc.
Slate Link Clearwater,Slate Link,Clearwater Labs Inc.
AstraWatch Pro Max,Helio Beam,Astra Works Inc.
Sierra Spark 256GB Dual‑SIM Clearwater,Sierra Spark,Clearwater Labs Inc.
VectorBuds SE Air Plus,Silver Node Kernel,Astra Works Inc.
Cedar Flex Highland,Cedar Flex,Highland Industries Inc.
Cedar Flex Summit,Cedar Flex,Summit Manufacturing Inc.
Helio Sense NovaWorks,Helio Sense,NovaWorks Systems Inc.
Terra Flex BlueRiver,Terra Flex,BlueRiver Technologies Inc.
Pulse Pulse Windmill,"Pulse Pulse, Echo Pulse",Windmill Electronics Inc.
Quanta Frame Nebula,Quanta Frame,Nebula Group Inc.
Jade Core Astra,Jade Core,Astra Works Inc.
Crimson Core Astra,Crimson Core,Astra Works Inc.
Sable Engine Astra,Sable Engine,Astra Works Inc.
Aero Sense Astra,Aero Sense,Astra Works Inc.
AstraWatch Pro Max,Helio Beam,Astra Works Inc.
Cobalt Flex Astra,Cobalt Flex,Astra Works Inc.
Aero Spark Astra,Aero Spark,Astra Works Inc.
JadePad Pro Max Ultra Edge,Vega Node Wave,Astra Works Inc.
VectorBuds SE Air Plus,Silver Node Kernel,Astra Works Inc.
Saffron Grid Engine Astra,Saffron Grid Engine,Astra Works Inc.
Frost Shield Node Astra,Frost Shield Node,Astra Works Inc.
Indigo Kernel Pinecone,Indigo Kernel,Pinecone Holdings Inc.
Beryl Stack Kernel Quantum,Beryl Stack Kernel,Quantum Labs Inc.
Beryl Stack Kernel Mountain,Beryl Stack Kernel,Mountain Industries Inc.
AstraWatch Pro Max,Helio Beam,Astra Works Inc.
Cerulean Vault Glacier,Cerulean Vault,Glacier Manufacturing Inc.
Citrine Frame Glacier,Citrine Frame,Glacier Manufacturing Inc.
Teal Frame Glacier,Teal Frame,Glacier Manufacturing Inc.
Nova Core Matrix Glacier,Nova Core Matrix,Glacier Manufacturing Inc.
HelioCharge Max SE / LyraCharge Max Air,Saffron Engine Stack,Aurora Components Inc.
Nova Shield Flow Glacier,Nova Shield Flow,Glacier Manufacturing Inc.
Orion Fabric Crown,Orion Fabric,Crown Systems Inc.
Argo Core Beam Skylark,Argo Core Beam,Skylark Technologies Inc.
"SenseBook Plus, SparkDock and OrionWatch Plus","Indigo Core, Lyra Kernel, Sierra Kernel",BlueRiver Technologies Inc.
AstraWatch Lite Ultra,Echo Drive Flex,Atlas Technologies Inc.
Pearl Pulse Kernel Starlight,Pearl Pulse Kernel,Starlight Components Inc.
Coda Core Sense 64GB Refurbished Nightfall,Coda Core Sense,Nightfall Networks Inc.
Violet Matrix StonebridgFF,Violet Matrix,Stonebridge Group Inc.
Vega Beam Photon,Vega Beam,Photon Works Inc.
PearlPhone Mini Max Ultra / CrownStand Gen/QuartzBeam Gen 512GB Refurbished,Indigo Dock,Astra Manufacturing Inc.
PearlPhone Mini Max Ultra / CrownStand Gen/QuartzBeam Gen 512GB Refurbished,Indigo Dock,Astra Manufacturing Inc.
Quartz Bridge DeepField,Quartz Bridge,DeepField Industries Inc.
Pearl Module Seabird,Pearl Module,Seabird Manufacturing Inc.
Vega Beam Saffron,Vega Beam,Saffron Systems Inc.
Quartz Bridge Meadow,Quartz Bridge,Meadow Technologies Inc.
Frost Link Arbor,Frost Link,Arbor Devices Inc.
Slate Fabric Orion,Slate Fabric,Orion Electronics Inc.
Crimson Kernel Orion,Crimson Kernel,Orion Electronics Inc.
SummitCharge Pro,Citrine Link,Arbor Components Inc.
Azure Link Orion,Azure Link,Orion Electronics Inc.
Mira Signal Orion,Mira Signal,Orion Electronics Inc.
Cedar Sense Orion,Cedar Sense,Orion Electronics Inc.
Topaz Mesh Orion,Topaz Mesh,Orion Electronics Inc.
Indigo Dock Orion,Indigo Dock,Orion Electronics Inc.
Frost Core Sync Orion,Frost Core Sync,Orion Electronics Inc.
Graphite Core Wave Orion,Graphite Core Wave,Orion Electronics Inc.
Coda Fabric Fabric Orion,Coda Fabric Fabric,Orion Electronics Inc.
Sol Matrix Matrix Orion,Sol Matrix Matrix,Orion Electronics Inc.
Beryl Pulse Dock Orion,Beryl Pulse Dock,Orion Electronics Inc.
Lime Wave Spark Orion,Lime Wave Spark,Orion Electronics Inc.
Echo Node Fabric Orion,Echo Node Fabric,Orion Electronics Inc.
Cobalt Node Arc Orion,Cobalt Node Arc,Orion Electronics Inc.
Ivory Wave Mosaic,Ivory Wave,Mosaic Components Inc.
Sol Grid Mosaic,Sol Grid,Mosaic Components Inc.
Lyra Node Grid Mosaic,Lyra Node Grid,Mosaic Components Inc.
Coda Engine GoldenGate,Coda Engine,GoldenGate Networks Inc.
HelioCharge Max SE,Saffron Engine Stack,Aurora Components Inc.
SparkWatch Pro,Topaz Sense,Cinder Works Inc.
CrimsonCam Mini and AstraCam Max,Topaz Sense and Ruby Fabric Link,Cinder Works Inc.
HarborCam Pro,Jade Spark,Cinder Works Inc.
CopperPad SE SE Air,Jade Spark,Cinder Works Inc.
SilverPad SE Air Plus,Jade Spark,Cinder Works Inc.
KairoHub Plus Air,Azure Grid Beam,Cinder Works Inc.
"IndigoCam Mini / RubyCam Mini / RubyCam Mini, SolKey Lite Mini SE Air",Topaz Sense,Catalyst Holdings Inc.
"IndigoBuds SE Ultra Edge 64GB Dual‑SIM / AuroraPhone Gen / CrimsonBuds SE Edge Gen 256GB Refurbished / IndigoBuds SE Ultra Edge 64GB Dual‑SIM, SolKey Lite Mini SE Air / IndigoSpeaker Mini",Frost Sense,Lumen Labs Inc.
GraphitePhone Mini Mini SE,Teal Pulse,SilverLine Industries Inc.
SyncBeam Lite Edge,Topaz Stack,BlueRiver Technologies Inc.
Luna Frame Zenith,Luna Frame,Zenith Components Inc.
Umbral Frame RedStone,Umbral Frame,RedStone Networks Inc.
Magenta Pulse Engine Evergreen,Magenta Pulse Engine,Evergreen Group Inc.
CopperSpeaker Mini Edge,Beryl Kernel,Lighthouse Electronics Inc.
CrimsonBuds Gen,Orion Node,Ironwood Systems Inc.
AtlasRouter Edge Max,Echo Shield,Lighthouse Electronics Inc.
CopperPad Edge,Mint Engine Beam,BlueRiver Manufacturing Inc.
JadeLink Max,Ivory Stack Fabric,Lighthouse Electronics Inc.
JadeStand Mini Lite,Mira Shield Fabric,Ironwood Systems Inc.
SaffronSpeaker SE Mini SE,Sierra Drive Grid,Lighthouse Electronics Inc.
LumenWatch Plus Gen,Umber Vault,Nebula Components Inc.
TerraWatch Plus SE,Opal Layer,Stonebridge Holdings Inc.
JadePhone Lite Mini SE Air,Quartz Matrix,Astra Networks Inc.
OnyxHub Pro / OnyxHub Pro 128GB Dual‑SIM,Crimson Bridge Drive,Pinecone Group Inc.
SyncRouter Edge and OrionWatch Plus,Sierra Kernel; Lyra Drive,Skylark Manufacturing Inc.
Ember Link Skylark,Ember Link,Skylark Manufacturing Inc.
Crimson Node Skylark,Crimson Node,Skylark Manufacturing Inc.
Azure Grid Beam Skylark,Azure Grid Beam,Skylark Manufacturing Inc.
SyncHub Plus Plus / AuroraPad Lite Ultra,Argo Pulse Flow,Sunpeak Systems Inc.
SlateWatch SE Ultra Edge,Atlas Stack Pulse,Nightfall Electronics Inc.
ZenithCam,Kairo Core; Maple Flex,GoldenGate Technologies Inc.
ZenithCam and CrownStand Mini Air,Kairo Core and Maple Flex,GoldenGate Technologies Inc.
Orion Engine Photon,Orion Engine,Photon Networks Inc.
GoldenBeam Lite Mini and GoldenBuds Mini,Coda Engine & Ivory Sync,Photon Networks Inc.
Umbral Engine Photon,Umbral Engine,Photon Networks Inc.
Coda Module and Magenta Link,Coda Module; Magenta Link,Harbor Devices Inc.
Teal Module Photon,Teal Module,Photon Networks Inc.
Magenta Stack Photon,Magenta Stack,Photon Networks Inc.
Slate Fabric Photon,Slate Fabric,Photon Networks Inc.
LumenCase Air,Jade Matrix,Aurora Components Inc.
Auric Kernel Photon,Auric Kernel,Photon Networks Inc.
Sol Wave Photon,Sol Wave,Photon Networks Inc.
Ruby Wave Photon,Ruby Wave,Photon Networks Inc.
CitrineCase Max,Mint Wave,Arbor Devices Inc.
Vega Node Photon,Vega Node,Photon Networks Inc.
IndigoHub Ultra Plus,Vega Grid + Jade Vector,Lumen Works Inc.
Sierra Grid Photon,Sierra Grid,Photon Networks Inc.
Cobalt Grid Photon,Cobalt Grid,Photon Networks Inc.
Maple Grid Photon,Maple Grid,Photon Networks Inc.
Citrine Signal Photon,Citrine Signal,Photon Networks Inc.
"Citrine Signal, Coral Shield and Echo Node Fabric",Citrine Signal; Coral Shield; Echo Node Fabric,Arbor Devices Inc.
Coral Shield Photon,Coral Shield,Photon Networks Inc.
Maple Drive Photon,Maple Drive,Photon Networks Inc.
SummitLink Edge,Pearl Drive,Arbor Devices Inc.
Atlas Sense Photon,Atlas Sense,Photon Networks Inc.
Cedar Sense Photon,Cedar Sense,Photon Networks Inc.
Lime Sense Photon,Lime Sense,Photon Networks Inc.
Silver Mesh Photon,Silver Mesh,Photon Networks Inc.
Pulse Edge Photon,Pulse Edge,Photon Networks Inc.
Zen Edge and Beryl Hub,Zen Edge and Beryl Hub,Pinecone Devices Inc.
NimbusDrive Lite,Indigo Dock,Photon Networks Inc.
WavePhone Edge Ultra and CrimsonBuds Mini SE 512GB Starter Kit/NimbusPad 64GB Dual‑SIM / WavePhone Edge Ultra and CrimsonBuds Mini SE 512GB Dual‑SIM/NimbusPad 64GB Dual‑SIM / WavePhone Edge Ultra and CrimsonBuds Mini SE 512GB Dual‑SIM/EchoPhone 256GB Dual‑SIM,Helio Matrix Dock,Nebula Industries Inc.
Ruby Hub Photon,Ruby Hub,Photon Networks Inc.
PulsePhone Mini Mini,Magenta Sync,Photon Networks Inc.
Maple Flex Photon,Maple Flex,Photon Networks Inc.
Pearl Flex Photon,Pearl Flex,Photon Networks Inc.
Saffron Flex Photon,Saffron Flex,Photon Networks Inc.
Pearl Arc Photon,Pearl Arc,Photon Networks Inc.
Umber Arc Photon,Umber Arc,Photon Networks Inc.
Umbral Arc Photon,Umbral Arc,Photon Networks Inc.
Umbral Frame Photon,Umbral Frame + Sable Frame,Photon Networks Inc.
Violet Frame Photon,Violet Frame,Photon Networks Inc.
Azure Core Arc Photon,Azure Core Arc,Photon Networks Inc.
Nimbus Engine Matrix Photon,Nimbus Engine Matrix,Photon Networks Inc.
Delta Engine Spark Photon,Delta Engine Spark,Photon Networks Inc.
Teal Module Dock Photon,Teal Module Dock,Photon Networks Inc.
Atlas Fabric Kernel 512GB Bundle Photon,Atlas Fabric Kernel,Photon Networks Inc.
SparkKey Ultra Gen,Quartz Fabric Kernel,BrightWave Electronics Inc.
WavePhone Edge Ultra,Helio Matrix Dock,Nebula Industries Inc.
Crimson Kernel Edge Photon,Crimson Kernel Edge,Photon Networks Inc.
Graphite Kernel Flex Photon,Graphite Kernel Flex,Photon Networks Inc.
Magenta Bridge Bridge Photon,Magenta Bridge Bridge,Photon Networks Inc.
Beryl Link Sync Photon,Beryl Link Sync,Photon Networks Inc.
LyraNode Gen Max,Terra Pulse Kernel,Photon Networks Inc.
Citrine Pulse Flex Photon,Citrine Pulse Flex,Photon Networks Inc.
Terra Wave Stack Photon,Terra Wave Stack,Photon Networks Inc.
Delta Wave Vector Photon,Delta Wave Vector,Photon Networks Inc.
Echo Node Fabric Photon,Echo Node Fabric,Photon Networks Inc.
Orion Node Node Photon,Orion Node Node,Photon Networks Inc.
Sol Node Edge Photon,Sol Node Edge,Photon Networks Inc.
Argo Node Dock Photon,Argo Node Dock,Photon Networks Inc.
Cedar Grid Arc Photon,Cedar Grid Arc,Photon Networks Inc.
Beryl Signal Bridge Photon,Beryl Signal Bridge,Photon Networks Inc.
Silver Drive Flow Photon,Silver Drive Flow,Photon Networks Inc.
AzureDrive Gen,Terra Edge,Arbor Components Inc.
Orion Frame Northwind,Orion Frame,Northwind Works Inc.
AtlasSpeaker Pro,Topaz Link,Catalyst Group Inc.
QuantaLink Pro / SlateLink Pro,Umbral Link,Astra Networks Inc.
UmberCase Max 128GB Refurbished and EchoPhone 256GB Dual‑SIM / UmberCase Max,Magenta Wave,DeepField Holdings Inc.
Frost Edge Seabird,Frost Edge,Seabird Labs Inc.
Violet Frame DeepField,Violet Frame,DeepField Holdings Inc.
SensePad Mini SE Air,Orion Node Node,Catalyst Industries Inc.
Cedar Grid Arc DeepField,Cedar Grid Arc,DeepField Holdings Inc.
Mint Vector Saffron,Mint Vector,Saffron Industries Inc.
Violet Matrix 512GB Refurbished Arbor,Violet Matrix,Arbor Systems Inc.
Coral Shield and Echo Node Fabric,Coral Shield; Echo Node Fabric,Arbor Devices Inc.
Zen Edge Arbor,Zen Edge,Arbor Systems Inc.
Saffron Flex Meadow,Saffron Flex,Meadow Manufacturing Inc.
Silver Flex Arbor,Silver Flex,Arbor Systems Inc.
Coda Matrix Engine Arbor,Coda Matrix Engine,Arbor Systems Inc.
Violet Matrix 512GB Refurbished Orion,Violet Matrix,Orion Technologies Inc.
Pulse Fabric Vector Mosaic,Pulse Fabric Vector,Mosaic Devices Inc.
Quartz Bridge GoldenGate,Quartz Bridge,GoldenGate Electronics Inc.
Quartz Kernel Copperline,Quartz Kernel,Copperline Components Inc.
Quartz Kernel Cinder,Quartz Kernel,Cinder Networks Inc.
Pulse Stack Core Lumen,Pulse Stack Core,Lumen Works Inc.
Pulse Kernel Aurora,Pulse Kernel,Aurora Industries Inc.
Pulse Kernel Skyforge,Pulse Kernel,Skyforge Labs Inc.
Cedar Sense Skyforge,Cedar Sense,Skyforge Labs Inc.
Kairo Signal Node Riverstone,Kairo Signal Node,Riverstone Manufacturing Inc.
Crimson Kernel Harbor,Crimson Kernel,Harbor Systems Inc.
CitrineDrive SE,Pearl Stack,Arbor Devices Inc.
CitrineDrive SE,Pearl Stack,Arbor Devices Inc.
Jade Shield Edge RedStone,Jade Shield Edge,RedStone Electronics Inc.
Atlas Fabric Kernel Evergreen,Atlas Fabric Kernel,Evergreen Components Inc.
Teal Module Dock Highland,Teal Module Dock,Highland Group Inc.
Pearl Link Pulse BlueRiver,Pearl Link Pulse,BlueRiver Labs Inc.
Violet Arc Ironwood,Violet Arc,Ironwood Industries Inc.
Aero Shield Beam Windmill,Aero Shield Beam,Windmill Manufacturing Inc.
Sol Edge SpringboarYJ,Sol Edge,Springboard Systems Inc.
Argo Dock Lighthouse,Argo Dock,Lighthouse Technologies Inc.
Umbral Frame Lighthouse,Umbral Frame,Lighthouse Technologies Inc.
Ruby Link Vault Lighthouse,Ruby Link Vault & Quanta Grid & Crimson Module & Cobalt Vector & Onyx Vector,Lighthouse Technologies Inc.
Quanta Shield Core Lighthouse,Quanta Shield Core,Lighthouse Technologies Inc.
QuantaPad Ultra Max and SenseBeam Lite Pro,"Astra Stack Frame, Cedar Wave Engine",Astra Electronics Inc.
QuantaPad Ultra Max and SenseBeam Lite Pro,Astra Stack Frame + Cedar Wave Engine,Astra Electronics Inc.
Sol Edge Pinecone,Sol Edge,Pinecone Components Inc.
Argo Flex Pinecone,Argo Flex,Pinecone Components Inc.
Sol Wave Quantum,Sol Wave,Quantum Networks Inc.
NimbusKey Mini,Coral Module,Meadow Technologies Inc.
Aero Kernel Glacier,Aero Kernel,Glacier Works Inc.
CopperPhone Pro,Beryl Bridge,Glacier Works Inc.
Argo Dock Glacier,Argo Dock,Glacier Works Inc.
Azure Dock Glacier,Azure Dock,Glacier Works Inc.
Cobalt Flex Glacier,Cobalt Flex,Glacier Works Inc.
Sierra Spark Glacier,Sierra Spark,Glacier Works Inc.
Indigo Vector Glacier,Indigo Vector,Glacier Works Inc.
Silver Frame Glacier,Silver Frame,Glacier Works Inc.
Delta Engine Spark Glacier,Delta Engine Spark,Glacier Works Inc.
Pearl Fabric Beam Glacier,Pearl Fabric Beam,Glacier Works Inc.
Coral Module and Golden Pulse Signal,Coral Module + Golden Pulse Signal,Crown Holdings Inc.
Cobalt Matrix Skylark,Cobalt Matrix,Skylark Labs Inc.
Indigo Core Sunpeak,Indigo Core,Sunpeak Industries Inc.
Cedar Layer Sunpeak,Cedar Layer,Sunpeak Industries Inc.
Ruby Wave Starlight,Ruby Wave,Starlight Systems Inc.
Coral Signal Nightfall,Coral Signal,Nightfall Technologies Inc.
Coral Signal StonebridgHL,Coral Signal,Stonebridge Devices Inc.
BeamDrive Gen,Luna Edge,DeepField Group Inc.
MintWatch Gen Plus,Luna Engine,Seabird Works Inc.
SlateNode Edge Ultra,Echo Bridge Sense,Catalyst Holdings Inc.
GraphiteNode Plus Gen,Zen Module,Orion Manufacturing Inc.
OpalDrive SE,Pearl Stack,Orion Manufacturing Inc.
Azure Sync Orion,Azure Sync,Orion Manufacturing Inc.
Umbral Stack Signal Mosaic,Umbral Stack Signal; Quanta Grid; Cobalt Vector,Mosaic Systems Inc.
Umbral Link Frame Orion,Umbral Link Frame,Orion Manufacturing Inc.
HarborCase Lite Mini,Terra Wave Stack,Orion Manufacturing Inc.
Azure Grid Beam Orion,Azure Grid Beam,Orion Manufacturing Inc.
CatalystNode Edge Gen Lite,Quartz Engine Drive,Windmill Electronics Inc.
CitrineRouter Pro,Frost Matrix Bridge,Cinder Electronics Inc.
EdgeBook SE Mini SE,Umbral Core,Catalyst Components Inc.
CitrineRouter Pro,Frost Matrix Bridge,Cinder Electronics Inc.
MiraCharge SE Mini,Crimson Grid Core,DeepField Holdings Inc.
CatalystNode Edge Gen Lite,Quartz Engine Drive,Windmill Electronics Inc.
TopazKey Max Lite,Mira Link,Aurora Holdings Inc.
PearlPad SE Lite Mini,Quartz Core Edge,Riverstone Labs Inc.
CobaltPad Pro SE,Argo Wave Sync,Riverstone Labs Inc.
OnyxPad Pro Air,Argo Wave Sync,Riverstone Labs Inc.
Magenta Pulse Engine RedStone,Magenta Pulse Engine,RedStone Technologies Inc.
Coda Node Shield RedStone,Coda Node Shield,RedStone Technologies Inc.
Topaz Vector Evergreen,Topaz Vector,Evergreen Devices Inc.
QuantaWatch Plus Edge,Quartz Vector,Astra Works Inc.
Topaz Vector Clearwater,Topaz Vector,Clearwater Electronics Inc.
Vega Beam Highland,Vega Beam,Highland Components Inc.
CatalystRouter Max Edge,Citrine Pulse,BlueRiver Works Inc.
SignalCam Pro Max,Umbral Core,BlueRiver Technologies Inc.
TopazKey Pro Mini,Cobalt Node,Clearwater Labs Inc.
LumenBook Air,Sable Node; Lime Bridge Module,Lighthouse Manufacturing Inc.
TopazBeam,Magenta Grid,Lighthouse Manufacturing Inc.
PhotonStand Max,"Teal Dock, Sierra Wave Vault",Nebula Systems Inc.
LyraWatch Edge,Aero Kernel,Astra Technologies Inc.
LyraWatch Edge,Aero Kernel,Astra Technologies Inc.
JadeBuds Max Ultra and QuantaRouter,Umber Core & Opal Hub,BrightWave Technologies Inc.
SummitCase Edge Gen Lite,Beryl Hub and Nova Core Matrix,Glacier Networks Inc.
AstraBook Air,Nova Core Matrix,Glacier Networks Inc.
Teal Fabric Glacier,Teal Fabric,Glacier Networks Inc.
Aero Matrix Glacier,Aero Matrix,Glacier Networks Inc.
TealDock Plus and SonicCharge Air,Aero Matrix & Onyx Kernel,Sunpeak Group Inc.
Helio Matrix Glacier,Helio Matrix,Glacier Networks Inc.
GraphiteDrive Air Air,Sierra Kernel & Lyra Drive,Glacier Networks Inc.
Onyx Kernel Glacier,Onyx Kernel,Glacier Networks Inc.
Saffron Link Glacier,Saffron Link,Glacier Networks Inc.
Quanta Pulse Glacier,Quanta Pulse,Glacier Networks Inc.
NovaStand Pro,Lyra Pulse,BrightWave Labs Inc.
MiraNode Mini Mini SE / OnyxBook Max,Indigo Pulse,Glacier Networks Inc.
Citrine Wave Glacier,Citrine Wave,Glacier Networks Inc.
Crimson Node Glacier,Crimson Node,Glacier Networks Inc.
Argo Mesh Glacier,Argo Mesh,Glacier Networks Inc.
Frost Mesh Glacier,Frost Mesh,Glacier Networks Inc.
Ivory Mesh Glacier,Ivory Mesh,Glacier Networks Inc.
Lime Edge Glacier,Lime Edge,Glacier Networks Inc.
Indigo Dock Glacier,Indigo Dock,Glacier Networks Inc.
Quartz Dock Glacier,Quartz Dock,Glacier Networks Inc.
WaveDock Air,Beryl Hub; Nova Core Matrix,Glacier Networks Inc.
Sable Hub Glacier,Sable Hub,Glacier Networks Inc.
Silver Vault Glacier,Silver Vault,Glacier Networks Inc.
Coral Vector Glacier,Coral Vector,Glacier Networks Inc.
Kairo Layer Glacier,Kairo Layer,Glacier Networks Inc.
Silver Layer Glacier,Silver Layer,Glacier Networks Inc.
SparkDock Air,Nova Core Matrix,Glacier Networks Inc.
WavePhone Edge,Astra Fabric Arc,Glacier Networks Inc.
Maple Fabric Hub Glacier,Maple Fabric Hub,Glacier Networks Inc.
Pearl Fabric Beam Glacier,Pearl Fabric Beam,Glacier Networks Inc.
ArgoDrive Ultra Edge,Umber Fabric Arc,Glacier Networks Inc.
Pearl Pulse Kernel Glacier,Pearl Pulse Kernel,Glacier Networks Inc.
Cobalt Wave Frame Glacier,Cobalt Wave Frame,Glacier Networks Inc.
Mira Node Signal Glacier,Mira Node Signal,Glacier Networks Inc.
Azure Grid Beam Glacier,Azure Grid Beam,Glacier Networks Inc.
NovaStand Pro / EchoStand Pro,Lyra Pulse,BrightWave Labs Inc.
MiraNode Mini Mini SE / OnyxBook Max,Indigo Pulse,Glacier Networks Inc.
TopazStand Edge / CodaBuds Pro / PulseBuds Pro,Luna Link,Stonebridge Systems Inc.
NovaStand Pro / EchoStand Pro,Lyra Pulse,BrightWave Labs Inc.
GlacierBeam Mini Lite Mini,Golden Matrix,Quantum Manufacturing Inc.
BridgeSpeaker Mini,Golden Drive Arc,Nightfall Manufacturing Inc.
TopazStand Edge / CodaBuds Pro / PulseBuds Pro,Luna Link,Stonebridge Systems Inc.
Mira Node Signal StonebridgAT,Mira Node Signal,Stonebridge Systems Inc.
Mira Node Signal Photon,Mira Node Signal,Photon Technologies Inc.
Vega Beam Northwind,Vega Beam,Northwind Electronics Inc.
QuantaLink Mini Mini / SummitLink Edge / AstraBuds Ultra / SparkNode Mini Mini / AtlasSpeaker Lite / CrimsonPhone Lite Ultra / SolCharge Air Plus Pro / CopperSpeaker Gen Air / JadeWatch Air / BeamSpeaker Lite / HarborWatch Air Gen / FlexStand Edge / AzureDock Edge / PhotonPhone Mini SE Air and HelioPad Mini SE Air / QuantaCase Plus / TopazSpeaker Air and JadeBook Mini Gen / PulseRouter Edge / TopazKey Gen and AuroraWatch Mini SE Air,Cedar Drive; Pearl Drive,Saffron Group Inc.
QuantaLink Mini Mini / SummitLink Edge / AstraBuds Ultra / SparkNode Mini Mini / AtlasSpeaker Lite / CrimsonPhone Lite Ultra / SolCharge Air Plus Pro / CopperSpeaker Gen Air / JadeWatch Air / BeamSpeaker Lite / HarborWatch Air Gen / FlexStand Edge / AzureDock Edge / PhotonPhone Mini SE Air and HelioPad Mini SE Air / QuantaCase Plus / TopazSpeaker Air and JadeBook Mini Gen / PulseRouter Edge / TopazKey Gen and AuroraWatch Mini SE Air,Cedar Drive and Pearl Drive,Saffron Group Inc.
QuantaLink Mini Mini / SummitLink Edge / AstraBuds Ultra / SparkNode Mini Mini / AtlasSpeaker Lite / CrimsonPhone Lite Ultra / SolCharge Air Plus Pro / CopperSpeaker Gen Air / PulseCase Lite / JadeWatch Air / BeamSpeaker Lite / HarborWatch Air Gen / FlexStand Edge / AzureDock Edge / PhotonPhone Mini SE Air and HelioPad Mini SE Air / QuantaCase Plus / TopazSpeaker Air and JadeBook Mini Gen / PulseRouter Edge / TopazKey Gen and AuroraWatch Mini SE Air,Cedar Drive + Pearl Drive,Saffron Group Inc.
QuantaLink Mini Mini / SummitLink Edge / AstraBuds Ultra / SparkNode Mini Mini / AtlasSpeaker Lite / CrimsonPhone Lite Ultra / SolCharge Air Plus Pro / CopperSpeaker Gen Air / PulseCase Lite / JadeWatch Air / BeamSpeaker Lite / HarborWatch Air Gen / FlexStand Edge / AzureDock Edge / PhotonPhone Mini SE Air and HelioPad Mini SE Air / QuantaCase Plus / RubyCharge Lite Lite / TopazSpeaker Air and JadeBook Mini Gen / PulseRouter Edge / TopazKey Gen and AuroraWatch Mini SE Air,Cedar Drive; Pearl Drive,Saffron Group Inc.
HarborLink Mini Mini / SparkKey Plus Plus / OnyxRouter Edge / PhotonPhone Mini SE Air and PearlPad Mini Mini SE / DriveWatch Air / RubyCharge Edge Gen Lite / CodaCharge Lite / CitrineCharge Ultra Edge Gen / PhotonPhone Mini SE Air and EdgePhone Mini Mini SE,Lime Frame,Meadow Works Inc.
OnyxBeam Plus Pro Max,Beryl Core,GoldenGate Manufacturing Inc.
WaveDrive Ultra,Beryl Core & Teal Mesh,GoldenGate Manufacturing Inc.
ArgoSpeaker Mini,Indigo Link,GoldenGate Manufacturing Inc.
OpalSpeaker Pro Mini,Indigo Link,GoldenGate Manufacturing Inc.
GoldenStand Mini SE,Delta Grid,GoldenGate Manufacturing Inc.
HarborRouter Mini,Cobalt Flow,GoldenGate Manufacturing Inc.
OrionCharge Ultra Ultra,Atlas Core Edge,GoldenGate Manufacturing Inc.
OnyxBuds SE Lite Mini,Kairo Grid Shield,Catalyst Devices Inc.
OnyxBuds SE Lite Mini / CrimsonRouter Gen Lite Mini,Kairo Grid Shield,Catalyst Devices Inc.
OnyxBuds SE Lite Mini / CrimsonRouter Gen Lite Mini,Kairo Grid Shield,Catalyst Devices Inc.
AzureBuds Air Plus and SparkDock,"Indigo Core, Topaz Hub",NovaWorks Holdings Inc.
TealBuds Plus Pro and BridgeHub Pro,Argo Link; Topaz Hub,Lumen Electronics Inc.
Indigo Pulse Lumen,Indigo Pulse,Lumen Electronics Inc.
Sonic Node 512GB Dual‑SIM Lumen,Sonic Node,Lumen Electronics Inc.
Sable Node Lumen,Sable Node,Lumen Electronics Inc.
SolBook Ultra,Violet Node,Lumen Electronics Inc.
Violet Node Lumen,Violet Node,Lumen Electronics Inc.
QuantaDrive Ultra Max and CobaltBook Ultra,"Terra Grid, Umber Fabric Arc",EchoLabs Systems Inc.
NebulaLink Ultra,Sonic Signal,Arbor Industries Inc.
Sonic Signal Lumen,Sonic Signal,Lumen Electronics Inc.
Sierra Spark Lumen,Sierra Spark,Lumen Electronics Inc.
Cobalt Vault Lumen,Cobalt Vault,Lumen Electronics Inc.
Indigo Vector Lumen,Indigo Vector,Lumen Electronics Inc.
Umber Fabric Arc Lumen,Umber Fabric Arc,Lumen Electronics Inc.
Pearl Kernel Drive Lumen,Pearl Kernel Drive,Lumen Electronics Inc.
Mint Kernel Kernel Lumen,Mint Kernel Kernel,Lumen Electronics Inc.
VectorBuds SE Air Plus,Silver Node Kernel,Astra Works Inc.
Graphite Grid Matrix Lumen,Graphite Grid Matrix,Lumen Electronics Inc.
QuantaDrive Ultra Max and CobaltBook Ultra,Terra Grid and Umber Fabric Arc,EchoLabs Systems Inc.
Cedar Sense Aurora,Cedar Sense,Aurora Group Inc.
Violet Hub Aurora,Violet Hub,Aurora Group Inc.
Atlas Fabric Kernel Aurora,Atlas Fabric Kernel,Aurora Group Inc.
Graphite Kernel Flex Aurora,Graphite Kernel Flex,Aurora Group Inc.
Zen Link Mesh Aurora,Zen Link Mesh,Aurora Group Inc.
Frost Edge Riverstone,Frost Edge,Riverstone Works Inc.
Frost Edge Harbor,Frost Edge,Harbor Holdings Inc.
Frost Edge Atlas,Frost Edge,Atlas Labs Inc.
Cedar Sense Zenith,Cedar Sense,Zenith Industries Inc.
GoldenCam Max Gen,Quanta Engine Link,RedStone Manufacturing Inc.
Mint Bridge Clearwater,Mint Bridge,Clearwater Technologies Inc.
Silver Layer 64GB Starter Kit Highland,Silver Layer,Highland Devices Inc.
Silver Layer and Azure Grid Beam,Silver Layer + Azure Grid Beam,Arbor Devices Inc.
OnyxCase Air Plus Pro / AzureWatch Gen SE / ArgoCase Mini SE Air,Azure Grid Beam,NovaWorks Components Inc.
WaveCase Mini,Slate Edge,Windmill Works Inc.
Slate Edge BlueRiver,Slate Edge,BlueRiver Networks Inc.
CoreCam Max,Coral Spark,Lighthouse Labs Inc.
CitrineBuds Gen SE,Cedar Dock,Catalyst Devices Inc.
AstraRouter Plus,Vega Beam,Astra Manufacturing Inc.
CrimsonLink Mini Air Plus,Quartz Wave Dock,Harbor Devices Inc.
SlateDrive Mini SE / VectorCase Mini Mini / CatalystCase Mini Lite,Cedar Flex,Pinecone Systems Inc.
SlateDrive Mini SE / CatalystCase Mini Lite,Cedar Flex,Pinecone Systems Inc.
FlexDock / RubyRouter,Graphite Core,Mountain Devices Inc.
TealCase Ultra Mini,Mira Engine,Stonebridge Industries Inc.
SlateNode Lite Air,Echo Matrix,Stonebridge Industries Inc.
PhotonPhone Ultra,Sable Pulse,Nightfall Labs Inc.
AuroraPhone Lite 512GB Starter Kit,Saffron Edge,Stonebridge Industries Inc.
EchoBeam Lite Mini 512GB Bundle,Indigo Sync,Stonebridge Industries Inc.
PearlNode Lite SE,Slate Core Shield,Stonebridge Industries Inc.
QuartzLink Mini Lite,Argo Module Drive,Stonebridge Industries Inc.
CopperStand Gen Max 64GB Dual‑SIM,Copper Link Edge,Lighthouse Labs Inc.
TopazNode Lite Plus,Lime Link Layer + Coral Pulse Frame,Stonebridge Industries Inc.
CobaltPhone Mini Plus Pro,Saffron Wave Bridge,Stonebridge Industries Inc.
CitrineNode Lite Ultra,Cedar Node Frame,Photon Works Inc.
JadeBuds Max Ultra Edge 1TB Refurbished,Crimson Node Stack,Stonebridge Industries Inc.
SlatePhone SE Pro Max 128GB Refurbished,Zen Drive Vault,Stonebridge Industries Inc.
BridgeCharge Pro SE,Ruby Pulse Spark,Photon Manufacturing Inc.
NovaCase Edge Gen Lite / TerraCharge Lite Plus and SignalCam Plus Edge,Lyra Frame; Ruby Pulse Spark,EchoLabs Systems Inc.
Lime Frame Seabird,Lime Frame,Seabird Electronics Inc.
GraphiteCam Mini / ZenithSpeaker Lite / EdgeWatch Pro / LumenBuds Pro,Aero Link,Saffron Components Inc.
SonicCam Pro / PulseSpeaker Lite / VegaCam Pro / CoreWatch Pro / ZenithRouter Edge / WaveWatch Pro / SlateCharge SE Lite / TopazCharge Lite Max / OpalCharge Lite Ultra,Frost Flow,Mosaic Holdings Inc.
SonicCam Pro / PulseSpeaker Lite / VegaCam Pro / CoreWatch Pro / ZenithRouter Edge / WaveWatch Pro / SlateCharge SE Lite / TopazCharge Lite Max / OpalCharge Lite Ultra,Frost Flow,Mosaic Holdings Inc.
SonicCam Pro / PulseSpeaker Lite / VegaCam Pro / CoreWatch Pro / ZenithRouter Edge / SlateCharge SE Lite / TopazCharge Lite Max / OpalCharge Lite Ultra,Frost Flow,Mosaic Holdings Inc.
GraphiteDrive Lite / GoldenNode Ultra SE 256GB Dual‑SIM / SummitKey Air Ultra / HarborPad Gen / NimbusSpeaker Gen 256GB Refurbished / TerraSpeaker Gen / EdgeSpeaker SE / CopperWatch Air / EdgeBeam Lite / EchoBuds SE Pro Max / PhotonPhone Mini SE Air and PulsePad Mini Max Ultra / EdgePad Plus / LyraSpeaker Gen SE / GlacierKey Plus Edge / ArgoRouter Edge / NovaPhone SE Edge / PearlKey Air Air / OpalKey Air Max,"Luna Vector, Argo Matrix, Echo Link Signal, Slate Drive, Orion Stack, Ember Flex",Lumen Technologies Inc.
GraphiteDrive Lite / GoldenNode Ultra SE 256GB Dual‑SIM / SummitKey Air Ultra / CoreSpeaker SE / HarborPad Gen / NimbusSpeaker Gen 256GB Refurbished / TerraSpeaker Gen / EdgeSpeaker SE / CopperWatch Air / EdgeBeam Lite / VectorDrive Lite / AstraWatch Gen Gen 64GB Refurbished / SlateKey Air Plus / EchoBuds SE Pro Max / PhotonPhone Mini SE Air and PulsePad Mini Max Ultra / NebulaKey Air Max 256GB Starter Kit / TealLink Air SE / TopazWatch Lite 512GB Starter Kit / EdgePad Plus / LyraSpeaker Gen SE / GlacierKey Plus Edge / ArgoRouter Edge / OpalWatch Lite / NovaPhone SE Edge / PearlKey Air Air / OpalKey Air Max,Luna Vector & Argo Matrix & Echo Link Signal & Slate Drive & Orion Stack & Ember Flex,Lumen Technologies Inc.
GraphiteDrive Lite / GoldenNode Ultra SE 256GB Dual‑SIM / SummitKey Air Ultra / CoreSpeaker SE / HarborPad Gen / NimbusSpeaker Gen 256GB Refurbished / TerraSpeaker Gen / EdgeSpeaker SE / CopperWatch Air / EdgeBeam Lite / VectorDrive Lite / AstraWatch Gen Gen 64GB Refurbished / SlateKey Air Plus / EchoBuds SE Pro Max / PhotonPhone Mini SE Air and PulsePad Mini Max Ultra / NebulaKey Air Max 256GB Starter Kit / TealLink Air SE / TopazWatch Lite 512GB Starter Kit / EdgePad Plus / LyraSpeaker Gen SE / GlacierKey Plus Edge / ArgoRouter Edge / OpalWatch Lite / NovaPhone SE Edge / PearlKey Air Air / OpalKey Air Max,Luna Vector + Argo Matrix + Echo Link Signal + Slate Drive + Orion Stack + Ember Flex,Lumen Technologies Inc.
GraphiteDrive Lite / GoldenNode Ultra SE 256GB Dual‑SIM / SummitKey Air Ultra / HarborPad Gen / NimbusSpeaker Gen 256GB Refurbished / TerraSpeaker Gen / EdgeSpeaker SE / CopperWatch Air / EdgeBeam Lite / EchoBuds SE Pro Max / PhotonPhone Mini SE Air and PulsePad Mini Max Ultra / EdgePad Plus / LyraSpeaker Gen SE / EdgeSpeaker Lite / ArgoRouter Edge / NovaPhone SE Edge / OpalKey Air Max,Luna Vector and Argo Matrix and Echo Link Signal and Slate Drive and Orion Stack and Ember Flex,Lumen Technologies Inc.
GraphiteDrive Lite / GoldenNode Ultra SE 256GB Dual‑SIM / SummitKey Air Ultra / CoreSpeaker SE / HarborPad Gen / NimbusSpeaker Gen 256GB Refurbished / TerraSpeaker Gen / EdgeSpeaker SE / CopperWatch Air / EdgeBeam Lite / EchoBuds SE Pro Max / PhotonPhone Mini SE Air and PulsePad Mini Max Ultra / EdgePad Plus / LyraSpeaker Gen SE / GlacierKey Plus Edge / ArgoRouter Edge / NovaPhone SE Edge / PearlKey Air Air / OpalKey Air Max,"Luna Vector, Argo Matrix, Echo Link Signal, Slate Drive, Orion Stack, Ember Flex",Lumen Technologies Inc.
GraphiteDrive Lite / GoldenNode Ultra SE 256GB Dual‑SIM / SummitKey Air Ultra / HarborPad Gen / NimbusSpeaker Gen 256GB Refurbished / TerraSpeaker Gen / EdgeSpeaker SE / CopperWatch Air / EdgeBeam Lite / EchoBuds SE Pro Max / PhotonPhone Mini SE Air and PulsePad Mini Max Ultra / EdgePad Plus / LyraSpeaker Gen SE / ArgoRouter Edge / NovaPhone SE Edge / PearlKey Air Air / OpalKey Air Max,Luna Vector and Argo Matrix and Echo Link Signal and Slate Drive and Orion Stack and Ember Flex,Lumen Technologies Inc.
GraphiteDrive Lite / GoldenNode Ultra SE 256GB Dual‑SIM / SummitKey Air Ultra / HarborPad Gen / NimbusSpeaker Gen 256GB Refurbished / TerraSpeaker Gen / EdgeSpeaker SE / CopperWatch Air / EdgeBeam Lite / EchoBuds SE Pro Max / PhotonPhone Mini SE Air and PulsePad Mini Max Ultra / EdgePad Plus / LyraSpeaker Gen SE / ArgoRouter Edge / NovaPhone SE Edge / OpalKey Air Max,"Luna Vector, Argo Matrix, Echo Link Signal, Slate Drive, Orion Stack, Ember Flex",Lumen Technologies Inc.
GraphiteDrive Lite / GoldenNode Ultra SE 256GB Dual‑SIM / SummitKey Air Ultra / HarborPad Gen / NimbusSpeaker Gen 256GB Refurbished / TerraSpeaker Gen / EdgeSpeaker SE / CopperWatch Air / EdgeBeam Lite / EchoBuds SE Pro Max / PhotonPhone Mini SE Air and PulsePad Mini Max Ultra / EdgePad Plus / LyraSpeaker Gen SE / GlacierKey Plus Edge / ArgoRouter Edge / NovaPhone SE Edge / PearlKey Air Air / OpalKey Air Max,Luna Vector and Argo Matrix and Echo Link Signal and Slate Drive and Orion Stack and Ember Flex,Lumen Technologies Inc.
GraphiteDrive Lite / GoldenNode Ultra SE 256GB Dual‑SIM / SummitKey Air Ultra / HarborPad Gen / NimbusSpeaker Gen 256GB Refurbished / TerraSpeaker Gen / EdgeSpeaker SE / CopperWatch Air / EdgeBeam Lite / EchoBuds SE Pro Max / PhotonPhone Mini SE Air and PulsePad Mini Max Ultra / EdgePad Plus / ArgoRouter Edge / NovaPhone SE Edge / PearlKey Air Air / OpalKey Air Max,Luna Vector and Argo Matrix and Echo Link Signal and Slate Drive and Orion Stack and Ember Flex,Lumen Technologies Inc.
GoldenBeam Ultra Ultra / BridgeNode Mini Edge / QuartzKey Pro / MintSpeaker Gen Mini / TopazKey Pro / SummitWatch Air Edge / GoldenNode Edge Mini 128GB Starter Kit / QuantaSpeaker Lite / HarborStand Gen Edge / TerraRouter Edge / VegaCharge Gen Lite Mini / SummitNode Mini SE / TopazSpeaker Air and TealBook Mini Ultra / DriveBook Ultra / CrownStand Gen Gen / WaveKey SE Air / CopperBuds Lite / HelioCase Plus / TopazKey Gen and TopazWatch Mini SE Air / LyraCam Ultra Plus 64GB Dual‑SIM / TerraNode Mini Gen Lite / IndigoPhone Lite Max / CoreCase Gen Plus / CopperKey Plus / KairoLink Mini Max / SignalSpeaker Lite / HelioRouter Edge / JadeBuds Lite / SyncStand Edge / CitrineDock Edge / UmberWatch Air / BridgeSpeaker Lite / FlexKey Air Pro,Saffron Stack Vector,Clearwater Manufacturing Inc.
GoldenBeam Ultra Ultra / BridgeNode Mini Edge / QuartzKey Pro / MintSpeaker Gen Mini / TopazKey Pro / SummitWatch Air Edge / GoldenNode Edge Mini 128GB Starter Kit / QuantaSpeaker Lite / HarborStand Gen Edge / TerraRouter Edge / VegaCharge Gen Lite Mini / SummitNode Mini SE / TopazSpeaker Air and TealBook Mini Ultra / DriveBook Ultra / CrownStand Gen Gen / WaveKey SE Air / CopperBuds Lite / HelioCase Plus / TopazKey Gen and TopazWatch Mini SE Air / LyraCam Ultra Plus 64GB Dual‑SIM / TerraNode Mini Gen Lite / IndigoPhone Lite Max / CoreCase Gen Plus / CopperKey Plus / KairoLink Mini Max / SignalSpeaker Lite / HelioRouter Edge / JadeBuds Lite / SyncStand Edge / QuartzCharge Lite Edge / CitrineDock Edge / UmberWatch Air / BridgeSpeaker Lite / FlexKey Air Pro,Saffron Stack Vector,Clearwater Manufacturing Inc.
PulseDrive Lite and SaffronBook Ultra,Terra Grid & Saffron Dock,Aurora Components Inc.
Umber Flex Riverstone,Umber Flex,Riverstone Networks Inc.
GraphiteDrive Lite / PearlPad Air Plus / CrownWatch Air Lite / HelioCase Lite and ArgoSpeaker Gen Edge / SummitKey Air Ultra / EdgeBeam Lite / CatalystDrive Lite / EdgeSpeaker Lite / CopperWatch Air / PhotonPhone Mini SE Air and PulsePad Mini Max Ultra / TopazSpeaker Air and GoldenBook Mini Mini / ArgoRouter Edge / AuroraLink Mini Edge / SlateStand Max / HelioCase Lite and VegaSpeaker Gen Ultra / CrimsonSpeaker Mini SE / GoldenSpeaker Gen Pro / PhotonPhone Mini SE Air and CodaPad Mini Pro Max,Luna Vector; Argo Matrix; Echo Link Signal; Slate Drive; Orion Stack; Ember Flex,Lumen Technologies Inc.
GraphiteDrive Lite / PearlPad Air Plus / CrownWatch Air Lite / HelioCase Lite and ArgoSpeaker Gen Edge / SummitKey Air Ultra / EdgeBeam Lite / CatalystDrive Lite / EdgeSpeaker Lite / CopperWatch Air / PhotonPhone Mini SE Air and PulsePad Mini Max Ultra / TopazSpeaker Air and GoldenBook Mini Mini / ArgoRouter Edge / AuroraLink Mini Edge / HelioCase Lite and VegaSpeaker Gen Ultra / CrimsonSpeaker Mini SE / GoldenSpeaker Gen Pro / PhotonPhone Mini SE Air and CodaPad Mini Pro Max,Luna Vector; Argo Matrix; Echo Link Signal; Slate Drive; Orion Stack; Ember Flex,Lumen Technologies Inc.
HelioCam Pro / TopazKey Gen and SlateWatch Mini SE Air / QuartzCase Plus / QuartzDock Edge / CrimsonWatch Air / HelioCam Pro 64GB Refurbished / AtlasCam Pro / PearlRouter Edge Ultra / TealSpeaker Gen Mini / QuantaCharge Edge Gen Lite / SonicRouter Edge / BeamNode Mini Air / TerraCase Plus / CodaSpeaker Lite / PhotonPhone Mini SE Air and SensePhone Mini Plus Pro / VectorSpeaker Lite,Vega Beam,Astra Labs Inc.
GoldenBeam Ultra Ultra / PhotonPhone Mini SE Air and QuartzPad Mini Pro Max / BridgeNode Mini Edge / QuartzKey Pro / MintSpeaker Gen Mini / TopazKey Pro / SummitWatch Air Edge / GoldenNode Edge Mini 128GB Starter Kit / QuantaSpeaker Lite / HarborStand Gen Edge / TerraRouter Edge / VegaCharge Gen Lite Mini / SummitNode Mini SE / TopazSpeaker Air and TealBook Mini Ultra / DriveBook Ultra / CrownStand Gen Gen / WaveKey SE Air / CopperBuds Lite / HelioCase Plus / TopazKey Gen and TopazWatch Mini SE Air / LyraCam Ultra Plus 64GB Dual‑SIM / TerraNode Mini Gen Lite / IndigoPhone Lite Max / CoreCase Gen Plus / CopperKey Plus / SyncKey Ultra / KairoLink Mini Max / SignalSpeaker Lite / HelioRouter Edge / JadeBuds Lite / SyncStand Edge / CitrineDock Edge / UmberWatch Air / BridgeSpeaker Lite / FlexKey Air Pro,Saffron Stack Vector,Clearwater Manufacturing Inc.
GoldenBeam Ultra Ultra / PhotonPhone Mini SE Air and QuartzPad Mini Pro Max / BridgeNode Mini Edge / QuartzKey Pro / MintSpeaker Gen Mini / TopazKey Pro / SummitWatch Air Edge / GoldenNode Edge Mini 128GB Starter Kit / QuantaSpeaker Lite / HarborStand Gen Edge / TerraRouter Edge / VegaCharge Gen Lite Mini / SummitNode Mini SE / TopazSpeaker Air and TealBook Mini Ultra / DriveBook Ultra / CrownStand Gen Gen / WaveKey SE Air / CopperBuds Lite / HelioCase Plus / TopazKey Gen and TopazWatch Mini SE Air / LyraCam Ultra Plus 64GB Dual‑SIM / TerraNode Mini Gen Lite / IndigoPhone Lite Max / CoreCase Gen Plus / CopperKey Plus / SyncKey Ultra / SignalSpeaker Lite / HelioRouter Edge / JadeBuds Lite / SyncStand Edge / CitrineDock Edge / UmberWatch Air / BridgeSpeaker Lite / FlexKey Air Pro,Saffron Stack Vector,Clearwater Manufacturing Inc.
GoldenBeam Ultra Ultra / PhotonPhone Mini SE Air and QuartzPad Mini Pro Max / BridgeNode Mini Edge / QuartzKey Pro / MintSpeaker Gen Mini / TopazKey Pro / SummitWatch Air Edge / GoldenNode Edge Mini 128GB Starter Kit / QuantaSpeaker Lite / HarborStand Gen Edge / TerraRouter Edge / VegaCharge Gen Lite Mini / SummitNode Mini SE / TopazSpeaker Air and TealBook Mini Ultra / DriveBook Ultra / CrownStand Gen Gen / WaveKey SE Air / CopperBuds Lite / HelioCase Plus / TopazKey Gen and TopazWatch Mini SE Air / LyraCam Ultra Plus 64GB Dual‑SIM / TerraNode Mini Gen Lite / IndigoPhone Lite Max / CoreCase Gen Plus / CopperKey Plus / KairoLink Mini Max / SignalSpeaker Lite / HelioRouter Edge / JadeBuds Lite / SyncStand Edge / CitrineDock Edge / UmberWatch Air / BridgeSpeaker Lite / FlexKey Air Pro,Saffron Stack Vector,Clearwater Manufacturing Inc.
GoldenBeam Ultra Ultra / PhotonPhone Mini SE Air and QuartzPad Mini Pro Max / BridgeNode Mini Edge / QuartzKey Pro / MintSpeaker Gen Mini / TopazKey Pro / SummitWatch Air Edge / GoldenNode Edge Mini 128GB Starter Kit / QuantaSpeaker Lite / HarborStand Gen Edge / TerraRouter Edge / VegaCharge Gen Lite Mini / SummitNode Mini SE / TopazSpeaker Air and TealBook Mini Ultra / DriveBook Ultra / CrownStand Gen Gen / WaveKey SE Air / CopperBuds Lite / HelioCase Plus / TopazKey Gen and TopazWatch Mini SE Air / LyraCam Ultra Plus 64GB Dual‑SIM / TerraNode Mini Gen Lite / IndigoPhone Lite Max / CoreCase Gen Plus / CopperKey Plus / KairoLink Mini Max / SignalSpeaker Lite / HelioRouter Edge / JadeBuds Lite / SyncStand Edge / QuartzCharge Lite Edge / CitrineDock Edge / UmberWatch Air / BridgeSpeaker Lite / FlexKey Air Pro,Saffron Stack Vector,Clearwater Manufacturing Inc.
MiraSpeaker / PhotonPhone Mini SE Air and MiraPad Mini Plus Pro / EdgeDrive Ultra / PhotonPhone Mini SE Air and NimbusPad Mini Mini SE / RubyNode Mini Plus / TopazSpeaker Gen SE / NovaCase Plus / TopazKey Gen and NebulaWatch SE Air Plus / HelioSpeaker / GraphiteBook Ultra / KairoCharge SE Air Plus / SonicSpeaker Lite / EdgeKey Plus Pro / EdgeDock Edge / MintWatch Air / WaveSpeaker Lite / RubyDock Edge,Saffron Kernel + Frost Sense + Aero Arc,NovaWorks Devices Inc.
MiraSpeaker / PhotonPhone Mini SE Air and MiraPad Mini Plus Pro / EdgeDrive Ultra / PhotonPhone Mini SE Air and NimbusPad Mini Mini SE / RubyNode Mini Plus / TopazSpeaker Gen SE / HelioSpeaker / NovaCase Plus / TopazKey Gen and NebulaWatch SE Air Plus / GraphiteBook Ultra / KairoCharge SE Air Plus / SonicSpeaker Lite / EdgeKey Plus Pro / EdgeDock Edge / MintWatch Air / WaveSpeaker Lite / RubyDock Edge,"Saffron Kernel, Frost Sense, Aero Arc",NovaWorks Devices Inc.
MiraSpeaker / PhotonPhone Mini SE Air and MiraPad Mini Plus Pro / EdgeDrive Ultra / PhotonPhone Mini SE Air and NimbusPad Mini Mini SE / RubyNode Mini Plus / TopazSpeaker Gen SE / HelioSpeaker / NovaCase Plus / TopazKey Gen and NebulaWatch SE Air Plus / GraphiteBook Ultra / KairoCharge SE Air Plus / SonicSpeaker Lite / EdgeKey Plus Pro / EdgeDock Edge / MintWatch Air / WaveSpeaker Lite / RubyDock Edge,"Saffron Kernel, Frost Sense, Aero Arc",NovaWorks Devices Inc.
MiraSpeaker / PhotonPhone Mini SE Air and MiraPad Mini Plus Pro / EdgeDrive Ultra / PhotonPhone Mini SE Air and NimbusPad Mini Mini SE / RubyNode Mini Plus / TopazSpeaker Gen SE / HelioSpeaker / NovaCase Plus / TopazKey Gen and NebulaWatch SE Air Plus / GraphiteBook Ultra / PhotonPhone Mini SE Air and ZenithPad Mini Lite Mini and CopperStand Mini / KairoCharge SE Air Plus / SonicSpeaker Lite / EdgeKey Plus Pro / EdgeDock Edge / MintWatch Air / WaveSpeaker Lite / RubyDock Edge,"Saffron Kernel, Frost Sense, Aero Arc",NovaWorks Devices Inc.
MiraSpeaker / PhotonPhone Mini SE Air and MiraPad Mini Plus Pro / EdgeDrive Ultra / PhotonPhone Mini SE Air and NimbusPad Mini Mini SE / RubyNode Mini Plus / TopazSpeaker Gen SE / HelioSpeaker / NovaCase Plus / TopazKey Gen and NebulaWatch SE Air Plus / GraphiteBook Ultra / PhotonPhone Mini SE Air and ZenithPad Mini Lite Mini and CopperStand Mini / KairoCharge SE Air Plus / SonicSpeaker Lite / EdgeDock Edge / MintWatch Air / WaveSpeaker Lite / EdgeKey Plus Pro / RubyDock Edge,Saffron Kernel + Frost Sense + Aero Arc,NovaWorks Devices Inc.
MiraSpeaker / PhotonPhone Mini SE Air and MiraPad Mini Plus Pro / EdgeDrive Ultra / PhotonPhone Mini SE Air and NimbusPad Mini Mini SE / RubyNode Mini Plus / TopazSpeaker Gen SE / HelioSpeaker / NovaCase Plus / TopazKey Gen and NebulaWatch SE Air Plus / GraphiteBook Ultra / PhotonPhone Mini SE Air and ZenithPad Mini Lite Mini and CopperStand Mini / KairoCharge SE Air Plus / SonicSpeaker Lite / EdgeKey Plus Pro / EdgeDock Edge / MintWatch Air / WaveSpeaker Lite / RubyDock Edge,Saffron Kernel; Frost Sense; Aero Arc,NovaWorks Devices Inc.
MiraSpeaker / PhotonPhone Mini SE Air and MiraPad Mini Plus Pro / EdgeDrive Ultra / PhotonPhone Mini SE Air and NimbusPad Mini Mini SE / RubyNode Mini Plus / TopazSpeaker Gen SE / HelioSpeaker / NovaCase Plus / TopazKey Gen and NebulaWatch SE Air Plus / KairoCharge SE Air Plus / SonicSpeaker Lite / EdgeKey Plus Pro / EdgeDock Edge / MintWatch Air / WaveSpeaker Lite / RubyDock Edge,"Saffron Kernel, Frost Sense, Aero Arc",NovaWorks Devices Inc.
MiraSpeaker / PhotonPhone Mini SE Air and MiraPad Mini Plus Pro / EdgeDrive Ultra / PhotonPhone Mini SE Air and NimbusPad Mini Mini SE / RubyNode Mini Plus / TopazSpeaker Gen SE / HelioSpeaker / SonicSpeaker Lite / NovaCase Plus / TopazKey Gen and NebulaWatch SE Air Plus / KairoCharge SE Air Plus / EdgeKey Plus Pro / EdgeDock Edge / MintWatch Air / WaveSpeaker Lite / RubyDock Edge,Saffron Kernel + Frost Sense + Aero Arc,NovaWorks Devices Inc.
MiraSpeaker / PhotonPhone Mini SE Air and MiraPad Mini Plus Pro / EdgeDrive Ultra / PhotonPhone Mini SE Air and NimbusPad Mini Mini SE / RubyNode Mini Plus / TopazSpeaker Gen SE / HelioSpeaker / TopazKey Gen and NebulaWatch SE Air Plus / GraphiteBook Ultra / KairoCharge SE Air Plus / SonicSpeaker Lite / NovaCase Plus / EdgeKey Plus Pro / EdgeDock Edge / MintWatch Air / WaveSpeaker Lite / RubyDock Edge,Saffron Kernel + Frost Sense + Aero Arc,NovaWorks Devices Inc.
MiraSpeaker / PhotonPhone Mini SE Air and MiraPad Mini Plus Pro / EdgeDrive Ultra / PhotonPhone Mini SE Air and NimbusPad Mini Mini SE / TopazSpeaker Gen SE / HelioSpeaker / NovaCase Plus / TopazKey Gen and NebulaWatch SE Air Plus / GraphiteBook Ultra / KairoCharge SE Air Plus / SonicSpeaker Lite / EdgeKey Plus Pro / EdgeDock Edge / MintWatch Air / RubyNode Mini Plus / WaveSpeaker Lite / RubyDock Edge,Saffron Kernel + Frost Sense + Aero Arc,NovaWorks Devices Inc.
HelioCam Pro / PhotonPhone Mini SE Air and SensePhone Mini Plus Pro / TopazKey Gen and SlateWatch Mini SE Air / QuartzCase Plus / QuartzDock Edge / CrimsonWatch Air / HelioCam Pro 64GB Refurbished / AtlasCam Pro / PearlRouter Edge Ultra / TealSpeaker Gen Mini / QuantaCharge Edge Gen Lite / SonicRouter Edge / BeamNode Mini Air / TerraCase Plus / CodaSpeaker Lite / VectorSpeaker Lite,Vega Beam,Astra Labs Inc.
HelioCam Pro / PhotonPhone Mini SE Air and SensePhone Mini Plus Pro / TopazKey Gen and SlateWatch Mini SE Air / QuartzCase Plus / QuartzDock Edge / CrimsonWatch Air / HelioCam Pro 64GB Refurbished / AtlasCam Pro / PearlRouter Edge Ultra / TealSpeaker Gen Mini / QuantaCharge Edge Gen Lite / SonicRouter Edge / BeamNode Mini Air / TerraCase Plus / CodaSpeaker Lite / VectorSpeaker Lite,Vega Beam,Astra Labs Inc.
Indigo Core Quantum,Indigo Core,Quantum Manufacturing Inc.
TerraSpeaker,Maple Drive,Crown Devices Inc.
TerraSpeaker,Maple Drive,Crown Devices Inc.
TerraSpeaker,Maple Drive,Crown Devices Inc.
JadeCam Mini,Aero Link,Meadow Manufacturing Inc.
EchoCharge SE / HarborWatch Ultra / CodaBuds Gen Mini,Sonic Grid,BrightWave Networks Inc.
EchoCharge SE / HarborWatch Ultra / CodaBuds Gen Mini,Sonic Grid,BrightWave Networks Inc.
EchoCharge SE / HarborWatch Ultra / CodaBuds Gen Mini,Sonic Grid,BrightWave Networks Inc.
EchoCharge SE / HarborWatch Ultra / CodaBuds Gen Mini,Sonic Grid,BrightWave Networks Inc.
JadeCam Mini,Aero Link,Meadow Manufacturing Inc.
JadeCam Mini / SaffronCam Mini,Aero Link,Meadow Manufacturing Inc.
EchoCharge SE / CodaBuds Gen Mini / HarborWatch Ultra,Sonic Grid,BrightWave Networks Inc.
OnyxNode Max Gen,Luna Node,DeepField Systems Inc.
OpalBeam Lite Lite,Violet Sense,DeepField Systems Inc.
OnyxNode Max Gen,Luna Node,DeepField Systems Inc.
IndigoBook Gen Gen / EdgeDock Mini SE,Sonic Beam,Saffron Devices Inc.
TopazBeam Plus Lite,Lyra Layer,Northwind Manufacturing Inc.
TopazBeam Plus Lite / CatalystKey Lite,Lyra Layer,Northwind Manufacturing Inc.
LumenCam,Pulse Module Stack,Meadow Electronics Inc.
FlexRouter Mini Mini SE / LyraRouter Air Plus Pro,Terra Grid Vector,Arbor Components Inc.
OnyxRouter Mini SE Air,Beryl Matrix,Mosaic Group Inc.
NimbusCase Mini Mini SE,Argo Signal Signal,Mosaic Group Inc.
VegaStand Max,Nimbus Node,Cinder Labs Inc.
PearlWatch Gen Air,Topaz Signal,Catalyst Industries Inc.
SlateBeam Max Ultra Edge,Golden Module Stack,Cinder Labs Inc.
AzureCam Mini SE Air,Astra Matrix Flex,Cinder Labs Inc.
GlacierWatch Edge,Opal Grid Grid,Cinder Labs Inc.
CitrineCam Pro Mini,Umber Grid Module,Aurora Devices Inc.
GraphiteNode Ultra Air,Delta Kernel Pulse,Atlas Networks Inc.
CoreStand Edge Mini,Saffron Shield Arc,Atlas Networks Inc.
Nimbus Engine Matrix NovaWorks,Nimbus Engine Matrix,NovaWorks Systems Inc.
DriveCase Mini / CoreCase Mini / SenseCase Mini,Cedar Pulse Fabric,BlueRiver Technologies Inc.
SolDrive Pro Pro,Copper Spark + Coral Fabric Signal,Springboard Components Inc.
BeamLink Pro,"Citrine Shield, Sierra Fabric Shield",Lighthouse Networks Inc.
EdgeLink Pro,Sierra Fabric Shield,Lighthouse Networks Inc.
VegaBeam Mini Lite Mini,Frost Wave Flex,Astra Works Inc.
Coda Module and Magenta Link,Coda Module and Magenta Link,Harbor Devices Inc.
Sol Edge Glacier,Sol Edge,Glacier Manufacturing Inc.
Cobalt Spark Glacier,Cobalt Spark,Glacier Manufacturing Inc.
Delta Engine Spark Glacier,Delta Engine Spark,Glacier Manufacturing Inc.
Coda Module and Magenta Link,Coda Module and Magenta Link,Harbor Devices Inc.
Teal Module Crown,Teal Module,Crown Systems Inc.
Frost Link Crown,Frost Link,Crown Systems Inc.
Teal Mesh Crown,Teal Mesh,Crown Systems Inc.
Cedar Pulse Fabric Crown,Cedar Pulse Fabric,Crown Systems Inc.
Violet Wave Vector Skylark,Violet Wave Vector,Skylark Technologies Inc.
Cedar Drive BrightWave,Cedar Drive,BrightWave Electronics Inc.
VectorKey Max Max,"Lyra Engine Node, Mira Engine Grid, Coda Engine Signal",Stonebridge Group Inc.
FlexKey Ultra Edge,Cedar Mesh,DeepField Industries Inc.
SaffronBook Mini / ZenithWatch Max Ultra,Ruby Core Hub,Mountain Industries Inc.
SaffronBook Mini / ZenithWatch Max Ultra,Ruby Core Hub,Mountain Industries Inc.
SonicBuds Ultra / CodaCharge Lite / DriveWatch Air / OpalSpeaker Lite / SparkKey Plus Plus / LyraPad Edge Mini / SlateRouter Edge Edge / CitrineCharge Ultra Edge Gen / PhotonPhone Mini SE Air and CobaltPad Mini Lite Mini / TopazKey Gen and TealWatch Lite Mini SE Air / OnyxRouter Edge,Lime Frame,Arbor Devices Inc.
SonicBuds Ultra / CodaCharge Lite / DriveWatch Air / OpalSpeaker Lite / SparkKey Plus Plus / LyraPad Edge Mini / SlateRouter Edge Edge / CitrineCharge Ultra Edge Gen / PhotonPhone Mini SE Air and CobaltPad Mini Lite Mini / TopazKey Gen and TealWatch Lite Mini SE Air / OnyxRouter Edge / JadeCharge Lite Max,Lime Frame,Arbor Devices Inc.
DriveBook Plus Gen / NovaBuds Plus Mini / PulseDrive Lite and SaffronBook Ultra / LumenBuds Plus Air / QuartzPad Air Mini / EchoBuds Plus Mini / SparkBook Plus Plus,Terra Grid and Saffron Dock,Aurora Systems Inc.
DriveBook Plus Gen / EchoBuds Plus Mini / NovaBuds Plus Mini / PulseDrive Lite and SaffronBook Ultra / LumenBuds Plus Air / QuartzPad Air Mini / SparkBook Plus Plus,"Terra Grid, Saffron Dock",Aurora Systems Inc.
OnyxCam Mini / LumenBuds Pro / JadeDrive Pro Max,Aero Link,Riverstone Technologies Inc.
LyraBuds Ultra / WaveDrive Air Mini / PearlCharge SE Air Plus / SolLink Mini Ultra / NimbusCharge Lite / OnyxSpeaker Lite / IndigoCase Plus / SparkDrive Air Mini / PhotonKey Plus / SyncWatch Air / SignalSpeaker Gen Mini / AzurePhone Lite Gen / SenseNode Mini Ultra / TopazKey Gen and CrimsonWatch Ultra Edge Gen,"Indigo Core, Argo Stack, Sierra Kernel",BlueRiver Manufacturing Inc.
LyraBuds Ultra / WaveDrive Air Mini / CatalystDock Edge / PearlCharge SE Air Plus / SolLink Mini Ultra / NimbusCharge Lite / OnyxSpeaker Lite / IndigoCase Plus / SparkDrive Air Mini / PhotonKey Plus / SyncWatch Air / SignalSpeaker Gen Mini / AzurePhone Lite Gen / SenseNode Mini Ultra / TopazKey Gen and CrimsonWatch Ultra Edge Gen,Indigo Core; Argo Stack; Sierra Kernel,BlueRiver Manufacturing Inc.
LyraBuds Ultra / WaveDrive Air Mini / CatalystDock Edge / PearlCharge SE Air Plus / SolLink Mini Ultra / NimbusCharge Lite / OnyxSpeaker Lite / IndigoCase Plus / SparkDrive Air Mini / SyncWatch Air / SignalSpeaker Gen Mini / AzurePhone Lite Gen / SenseNode Mini Ultra / TopazKey Gen and CrimsonWatch Ultra Edge Gen,Indigo Core & Argo Stack & Sierra Kernel,BlueRiver Manufacturing Inc.
LyraBuds Ultra / WaveDrive Air Mini / CatalystDock Edge / PearlCharge SE Air Plus / SolLink Mini Ultra / NimbusCharge Lite / OnyxSpeaker Lite / IndigoCase Plus / SparkDrive Air Mini / PhotonKey Plus / SyncWatch Air / SignalSpeaker Gen Mini / AzurePhone Lite Gen / SenseNode Mini Ultra / TopazKey Gen and CrimsonWatch Ultra Edge Gen,Indigo Core and Argo Stack and Sierra Kernel,BlueRiver Manufacturing Inc.
LyraBuds Ultra / WaveDrive Air Mini / CatalystDock Edge / PearlCharge SE Air Plus / SolLink Mini Ultra / NimbusCharge Lite / IndigoCase Plus / SparkDrive Air Mini / PhotonKey Plus / SyncWatch Air / SignalSpeaker Gen Mini / AzurePhone Lite Gen / SenseNode Mini Ultra / TopazKey Gen and CrimsonWatch Ultra Edge Gen,Indigo Core and Argo Stack and Sierra Kernel,BlueRiver Manufacturing Inc.
SignalBeam Edge / CoreCharge Pro Lite,Vega Frame; Ivory Module Bridge,Springboard Devices Inc.
SilverCase Pro Gen,Umbral Bridge,Nebula Components Inc.
Coral Sense Quantum,Coral Sense,Quantum Works Inc.
Frost Layer Mountain,Frost Layer,Mountain Holdings Inc.
CatalystPad Lite SE 64GB Bundle,Vega Link Dock,Glacier Labs Inc.
Lime Sense Crown,Lime Sense,Crown Industries Inc.
Vega Mxdule and Pearl Stack,Indigo Fabric,Clearwater Electronics Inc.
Frost Module Nightfall,Frost Module,Nightfall Electronics Inc.
CitrineDrive SE,Pearl Stack,Arbor Devices Inc.
Magenta Kernel and Onyx Spark,Magenta Kernel & Onyx Spark,GoldenGate Electronics Inc.
Nimbus Grid StonebridgXU,Nimbus Grid,Stonebridge Components Inc.
TealRouter Edge Ultra,Beryl Shield,Stonebridge Components Inc.
Maple Drive StonebridgXU,Maple Drive,Stonebridge Components Inc.
Frost Sense Nightfall,Frost Sense,Nightfall Electronics Inc.
SummitHub Gen,Azure Sense,GoldenGate Electronics Inc.
Cobalt Vault StonebridgXU,Cobalt Vault,Stonebridge Components Inc.
OpalCase Plus Lite,Magenta Frame,Stonebridge Components Inc.
Sol Stack Node StonebridgXU,Sol Stack Node,Stonebridge Components Inc.
Azure Grid Beam StonebridgXU,Azure Grid Beam,Stonebridge Components Inc.
Ruby Signal Grid StonebridgXU,Ruby Signal Grid,Stonebridge Components Inc.
Umber Drive Spark StonebridgXU,Umber Drive Spark,Stonebridge Components Inc.
Lyra Signal Photon,Lyra Signal,Photon Networks Inc.
BeamDrive Ultra / SparkDock 256GB Bundle and OpalHub Air Plus 64GB Dual‑SIM,Indigo Core & Vega Beam,EchoLabs Group Inc.
BeamDrive Ultra / SparkDock 256GB Bundle and OpalHub Air Plus 64GB Dual‑SIM / EchoRouter,Indigo Core and Vega Beam,EchoLabs Group Inc.
BeamDrive Ultra / EchoRouter,Indigo Core and Vega Beam,EchoLabs Group Inc.
Cobalt Vault Northwind,Cobalt Vault,Northwind Works Inc.
Magenta Kernel and Onyx Spark,Magenta Kernel; Onyx Spark,GoldenGate Electronics Inc.
Vega Node Saffron,Vega Node,Saffron Industries Inc.
Argo Stack and Ivory Grid,"Argo Stack, Ivory Grid",Meadow Manufacturing Inc.
Terra Stack Arbor,Terra Stack,Arbor Systems Inc.
Cedar Vault Orion,Cedar Vault,Orion Technologies Inc.
TerraPhone SE Plus Pro,Argo Core,Mosaic Devices Inc.
Umber Kernel Mosaic,Umber Kernel,Mosaic Devices Inc.
Cinder Link Mosaic,Cinder Link,Mosaic Devices Inc.
Indigo Node Mosaic,Indigo Node,Mosaic Devices Inc.
Sierra Grid Mosaic,Sierra Grid,Mosaic Devices Inc.
Ruby Grid Mosaic,Ruby Grid,Mosaic Devices Inc.
Cedar Sense Mosaic,Cedar Sense,Mosaic Devices Inc.
Jade Mesh Mosaic,Jade Mesh,Mosaic Devices Inc.
Teal Mesh Mosaic,Teal Mesh,Mosaic Devices Inc.
Violet Hub Mosaic,Violet Hub,Mosaic Devices Inc.
Jade Flex Mosaic,Jade Flex,Mosaic Devices Inc.
Nova Spark Mosaic,Nova Spark,Mosaic Devices Inc.
Sol Flow Mosaic,Sol Flow,Mosaic Devices Inc.
Graphite Vault Mosaic,Graphite Vault,Mosaic Devices Inc.
Lyra Frame Mosaic,Lyra Frame,Mosaic Devices Inc.
Lime Frame Mosaic,Lime Frame,Mosaic Devices Inc.
Pulse Module Stack Mosaic,Pulse Module Stack,Mosaic Devices Inc.
Ruby Module Shield 1TB Refurbished Mosaic,Ruby Module Shield,Mosaic Devices Inc.
SignalCam Edge Mini,Golden Matrix Flow,EchoLabs Systems Inc.
Lyra Bridge Spark and Azure Signal Edge and OnyxWatch Mini Ultra Edge,Lyra Bridge Spark and Azure Signal Edge,Arbor Devices Inc.
Golden Node Bridge Mosaic,Golden Node Bridge,Mosaic Devices Inc.
Slate Grid Pulse Mosaic,Slate Grid Pulse,Mosaic Devices Inc.
CitrineRouter Mini Plus Pro,Argo Shield Wave,Astra Networks Inc.
Magenta Stack Copperline,Magenta Stack,Copperline Components Inc.
Umber Flex Cinder,Umber Flex,Cinder Networks Inc.
Umber Flex Catalyst,Umber Flex,Catalyst Group Inc.
Teal Layer Lumen,Teal Layer,Lumen Works Inc.
Nova Bridge SilverLine,Nova Bridge,SilverLine Holdings Inc.
Zen Node Skyforge,Zen Node,Skyforge Labs Inc.
Saffron Layer Riverstone,Saffron Layer,Riverstone Manufacturing Inc.
Magenta Stack Harbor,Magenta Stack,Harbor Systems Inc.
OpalCam Gen and OrionCase Ultra Gen / UmberCam Mini and AstraCam Max,Topaz Sense,Astra Networks Inc.
SyncHub Pro,Frost Link,Clearwater Networks Inc.
Ruby Wave Clearwater,Ruby Wave,Clearwater Networks Inc.
AzureDrive Gen,Terra Edge,Arbor Components Inc.
Crimson Engine Highland,Crimson Engine,Highland Group Inc.
SaffronDrive SE,Onyx Stack,Catalyst Group Inc.
CitrineDrive SE,Pearl Stack,Arbor Devices Inc.
Cobalt Matrix Highland,Cobalt Matrix,Highland Group Inc.
Orion Bridge Highland,Orion Bridge,Highland Group Inc.
Auric Node Highland,Auric Node,Highland Group Inc.
OpalHub Air Plus and RubyHub Ultra,Frost Sense; Vega Beam,BrightWave Manufacturing Inc.
Delta Shield and Beryl Hub,"Delta Shield, Beryl Hub",Highland Group Inc.
GraphiteCam Plus Air and SummitLink Edge,Lyra Frame,Arbor Holdings Inc.
Topaz Drive Highland,Topaz Drive,Highland Group Inc.
Cedar Sense Highland,Cedar Sense,Highland Group Inc.
Lime Sense Highland,Lime Sense,Highland Group Inc.
Lime Mesh Highland,Lime Mesh,Highland Group Inc.
Pulse Dock Highland,Pulse Dock,Highland Group Inc.
Argo Dock Highland,Argo Dock,Highland Group Inc.
Astra Beam Highland,Astra Beam,Highland Group Inc.
QuantaHub Max Ultra,Vega Beam,Highland Group Inc.
Orion Spark Highland,Orion Spark,Highland Group Inc.
Sierra Spark Highland,Sierra Spark,Highland Group Inc.
Cedar Spark Highland,Cedar Spark,Highland Group Inc.
AstraBook Plus Ultra,Graphite Vector,BrightWave Electronics Inc.
Sol Frame Highland,Sol Frame,Highland Group Inc.
Atlas Core Edge Highland,Atlas Core Edge,Highland Group Inc.
SenseSpeaker Pro Max Ultra / MiraCharge Pro Max Ultra,Frost Core Sync,Catalyst Industries Inc.
Graphite Core Wave Highland,Graphite Core Wave,Highland Group Inc.
Maple Engine Frame Highland,Maple Engine Frame,Highland Group Inc.
Terra Fabric Beam Highland,Terra Fabric Beam,Highland Group Inc.
Cobalt Fabric Sense Highland,Cobalt Fabric Sense,Highland Group Inc.
ZenithBuds Edge Edge,Ember Matrix Pulse,EchoLabs Systems Inc.
Ember Matrix Pulse Highland,Ember Matrix Pulse,Highland Group Inc.
Golden Kernel Sync Highland,Golden Kernel Sync,Highland Group Inc.
Helio Link Wave Summit,Helio Link Wave,Summit Works Inc.
Coda Link Flex Highland,Coda Link Flex,Highland Group Inc.
Argo Link Vector Highland,Argo Link Vector,Highland Group Inc.
Ruby Pulse Spark Highland,Ruby Pulse Spark,Highland Group Inc.
HelioWatch Mini Gen Lite,Ruby Signal Grid,Catalyst Components Inc.
Azure Signal Edge Highland,Azure Signal Edge,Highland Group Inc.
Argo Shield Wave Highland,Argo Shield Wave,Highland Group Inc.
Lime Mesh Ironwood,Lime Mesh,Ironwood Industries Inc.
Umber Drive Spark Ironwood,Umber Drive Spark,Ironwood Industries Inc.
Ruby Pulse Spark Windmill,Ruby Pulse Spark,Windmill Manufacturing Inc.
IndigoWatch SE SE Air / OpalDock,Luna Flex,Saffron Devices Inc.
IndigoRouter Edge Gen Lite,Kairo Grid Shield,BrightWave Electronics Inc.
BridgeHub SE Max Ultra,Auric Drive Hub,Catalyst Industries Inc.
Quartz Kernel Nebula,Quartz Kernel,Nebula Devices Inc.
Sonic Core Mesh Astra,Sonic Core Mesh,Astra Electronics Inc.
Quartz Grid Pinecone,Quartz Grid,Pinecone Components Inc.
Teal Layer Quantum,Teal Layer,Quantum Networks Inc.
Teal Module Glacier,Teal Module,Glacier Works Inc.
Auric Kernel Glacier,Auric Kernel,Glacier Works Inc.
SummitLink Ultra,Sonic Signal,Glacier Works Inc.
Topaz Shield Glacier,Topaz Shield,Glacier Works Inc.
Quanta Flex Mountain,Quanta Flex,Mountain Group Inc.
Nimbus Frame Glacier,Nimbus Frame,Glacier Works Inc.
Auric Frame Glacier,Auric Frame,Glacier Works Inc.
Silver Layer and Azure Grid Beam,Silver Layer & Azure Grid Beam,Arbor Devices Inc.
Maple Engine Frame Glacier,Maple Engine Frame,Glacier Works Inc.
Copper Fabric Layer Glacier,Copper Fabric Layer,Glacier Works Inc.
Quanta Shield Core Glacier,Quanta Shield Core; Auric Signal Arc,Glacier Works Inc.
Argo Flex Crown,Argo Flex,Crown Holdings Inc.
Sol Node Edge Skylark,Sol Node Edge,Skylark Labs Inc.
Sol Node Edge Sunpeak,Sol Node Edge,Sunpeak Industries Inc.
SummitCharge Pro and CodaPad Ultra,Citrine Link,Arbor Components Inc.
Azure Grid Beam Nightfall,Azure Grid Beam,Nightfall Technologies Inc.
SenseBook Plus and SparkDock,Indigo Core + Lyra Kernel,Cinder Technologies Inc.
Astra Module StonebridgBP,Astra Module,Stonebridge Devices Inc.
"Azure Matrix, Terra Grid, and Ruby Fabric Link",Azure Matrix + Terra Grid + Ruby Fabric Link,Catalyst Industries Inc.
SolDrive Max,Argo Wave,Photon Electronics Inc.
Jade Grid StonebridgBP,Jade Grid,Stonebridge Devices Inc.
Cinder Drive StonebridgBP,Cinder Drive,Stonebridge Devices Inc.
Saffron Drive StonebridgBP,Saffron Drive,Stonebridge Devices Inc.
EdgeDrive Lite,"Azure Drive, Echo Sense",DeepField Group Inc.
Sonic Wave Edge StonebridgBP,Sonic Wave Edge,Stonebridge Devices Inc.
SolDrive Max,Argo Wave,Photon Electronics Inc.
Quanta Signal Stack EchoLabs,Quanta Signal Stack,EchoLabs Components Inc.
Beryl Grid Northwind,Beryl Grid,Northwind Networks Inc.
Sonic Pulse DeepField,Sonic Pulse,DeepField Group Inc.
Cinder Drive DeepField,Cinder Drive,DeepField Group Inc.
EdgeDrive Lite,Azure Drive & Echo Sense,DeepField Group Inc.
Jade Mesh DeepField,Jade Mesh,DeepField Group Inc.
Silver Layer DeepField,Silver Layer,DeepField Group Inc.
AtlasSpeaker Pro,Topaz Link,Catalyst Group Inc.
Cobalt Shield Seabird,Cobalt Shield,Seabird Works Inc.
Maple Drive Seabird,Maple Drive,Seabird Works Inc.
Kairo Layer Seabird,Kairo Layer,Seabird Works Inc.
Terra Module Vault Seabird,Terra Module Vault,Seabird Works Inc.
HarborBook Mini Mini,Frost Bridge Engine,Seabird Works Inc.
Helio Link Wave 256GB Starter Kit Seabird,Helio Link Wave,Seabird Works Inc.
Sierra Node Spark Seabird,Sierra Node Spark,Seabird Works Inc.
Citrine Node Mesh Seabird,Citrine Node Mesh,Seabird Works Inc.
Coral Core Saffron,Coral Core,Saffron Holdings Inc.
Pearl Mesh Meadow,Pearl Mesh,Meadow Labs Inc.
Nimbus Shield Vector Meadow,Nimbus Shield Vector,Meadow Labs Inc.
Pulse Kernel Arbor,Pulse Kernel,Arbor Industries Inc.
Pearl Flex Mosaic,Pearl Flex,Mosaic Systems Inc.
Jade Shield Edge Copperline,Jade Shield Edge,Copperline Devices Inc.
Magenta Grid Cinder,Magenta Grid,Cinder Electronics Inc.
LyraBeam Edge SE,Citrine Kernel Engine,Cinder Electronics Inc.
Mira Drive Engine Cinder,Mira Drive Engine,Cinder Electronics Inc.
Maple Bridge Lumen,Maple Bridge,Lumen Networks Inc.
Frost Wave SilverLine,Frost Wave,SilverLine Group Inc.
Frost Spark SilverLine,Frost Spark,SilverLine Group Inc.
Opal Stack Link SilverLine,Opal Stack Link,SilverLine Group Inc.
Indigo Fabric Flex SilverLine,Indigo Fabric Flex,SilverLine Group Inc.
Orion Pulse Aurora,Orion Pulse,Aurora Holdings Inc.
Kairo Edge Aurora,Kairo Edge,Aurora Holdings Inc.
MintCharge Air Plus,Maple Beam,Aurora Holdings Inc.
BeamLink Plus Pro,Silver Frame,Aurora Holdings Inc.
Teal Module Dock Aurora,Teal Module Dock,Aurora Holdings Inc.
Sol Pulse Riverstone,Sol Pulse,Riverstone Labs Inc.
Sol Pulse Harbor,Sol Pulse,Harbor Industries Inc.
Sierra Spark Atlas,Sierra Spark,Atlas Manufacturing Inc.
Slate Sense Zenith,Slate Sense,Zenith Systems Inc.
Azure Stack Mesh Zenith,Azure Stack Mesh,Zenith Systems Inc.
Beryl Link Sync Zenith,Beryl Link Sync,Zenith Systems Inc.
NovaHub Lite Max,Cedar Pulse Fabric,Zenith Systems Inc.
Ivory Node Node Zenith,Ivory Node Node,Zenith Systems Inc.
EchoWatch Lite Max / GraphiteKey Plus Pro Max,"Echo Drive Flex, Lime Grid Edge",Zenith Systems Inc.
Ruby Wave RedStone,Ruby Wave,RedStone Technologies Inc.
Ivory Node Node Evergreen,Ivory Node Node,Evergreen Devices Inc.
Vega Mxdule and Indigo Fabric,Indigo Fabric,Clearwater Electronics Inc.
Sol Pulse Clearwater,Sol Pulse,Clearwater Electronics Inc.
Quartz Grid Clearwater,Quartz Grid,Clearwater Electronics Inc.
Frost Sense Clearwater,Frost Sense,Clearwater Electronics Inc.
OpalCam Gen and OrionCase Ultra Gen,Topaz Sense,Astra Networks Inc.
Cedar Mesh Clearwater,Cedar Mesh,Clearwater Electronics Inc.
Pearl Flex Clearwater,Pearl Flex,Clearwater Electronics Inc.
Pearl Vector Clearwater,Pearl Vector,Clearwater Electronics Inc.
Teal Layer Clearwater,Teal Layer,Clearwater Electronics Inc.
Pulse Fabric Vector Clearwater,Pulse Fabric Vector,Clearwater Electronics Inc.
Terra Matrix Edge Clearwater,Terra Matrix Edge,Clearwater Electronics Inc.
MiraCharge Gen,Cedar Mesh,BlueRiver Technologies Inc.
Sol Pulse NovaWorks,Sol Pulse,NovaWorks Group Inc.
Aero Link BlueRiver,Aero Link,BlueRiver Works Inc.
OpalCam Gen and OrionCase Ultra Gen / OpalCam Gen and ZenithCase Ultra Lite / OpalCam Gen and NimbusCase Ultra Mini 256GB Refurbished,Topaz Sense,Astra Networks Inc.
OpalCam Gen and OrionCase Ultra Gen / OpalCam Gen and ZenithCase Ultra Lite / OpalCam Gen and NimbusCase Ultra Mini 256GB Refurbished,Topaz Sense,Astra Networks Inc.
OpalCam Gen and OrionCase Ultra Gen / OpalCam Gen and ZenithCase Ultra Lite / OpalCam Gen and NimbusCase Ultra Mini 256GB Refurbished,Topaz Sense,Astra Networks Inc.
OpalCam Gen and OrionCase Ultra Gen / OpalCam Gen and ZenithCase Ultra Lite,Topaz Sense,Astra Networks Inc.
Umber Drive Spark Nebula,Umber Drive Spark,Nebula Systems Inc.
Jade Spark Astra,Jade Spark,Astra Technologies Inc.
Umber Flex Pinecone,Umber Flex,Pinecone Devices Inc.
Umber Kernel Hub Quantum,Umber Kernel Hub,Quantum Electronics Inc.
Maple Matrix Mountain,Maple Matrix,Mountain Components Inc.
Orion Engine Crown,Orion Engine,Crown Group Inc.
OnyxBook Plus and HarborCam Plus SE,Echo Kernel and Pulse Frame,Nightfall Technologies Inc.
Indigo Pulse Crown,Indigo Pulse,Crown Group Inc.
NovaKey Max,Cedar Wave,BrightWave Electronics Inc.
Azure Wave Crown,Azure Wave,Crown Group Inc.
Luna Node Crown,Luna Node,Crown Group Inc.
Mira Signal Crown,Mira Signal,Crown Group Inc.
Jade Drive Crown,Jade Drive,Crown Group Inc.
Sol Sense and Coda Link Flex,Sol Sense & Coda Link Flex,Crown Group Inc.
QuartzWatch Gen Ultra and SummitRouter Air Lite,Jade Bridge Link,GoldenGate Electronics Inc.
Cobalt Vault Crown,Cobalt Vault,Crown Group Inc.
Silver Frame Crown,Silver Frame,Crown Group Inc.
CitrineCase Max Edge and CatalystCharge Lite Mini SE Air,Opal Module Node and Cedar Grid Arc,Crown Group Inc.
Beryl Stack Kernel Crown,Beryl Stack Kernel,Crown Group Inc.
Atlas Fabric Kernel Crown,Atlas Fabric Kernel,Crown Group Inc.
Teal Fabric Signal Glacier,Teal Fabric Signal,Glacier Networks Inc.
Kairo Matrix Fabric Crown,Kairo Matrix Fabric,Crown Group Inc.
HelioPhone Lite Mini,Zen Pulse Shield,Crown Group Inc.
Umbral Pulse Arc Crown,Umbral Pulse Arc,Crown Group Inc.
Terra Wave Stack Crown,Terra Wave Stack,Crown Group Inc.
Argo Shield Wave Skylark,Argo Shield Wave,Skylark Works Inc.
Terra Stack Sunpeak,Terra Stack,Sunpeak Holdings Inc.
Mira Vault Starlight,Mira Vault,Starlight Industries Inc.
Orion Node Node Nightfall,Orion Node Node,Nightfall Manufacturing Inc.
Maple Pulse StonebridgTJ,Maple Pulse,Stonebridge Systems Inc.
Indigo Node Photon,Indigo Node,Photon Technologies Inc.
Jade Grid Spark DeepField,Jade Grid Spark,DeepField Components Inc.
Argo Shield Wave DeepField,Argo Shield Wave,DeepField Components Inc.
Jade Grid Spark Seabird,Jade Grid Spark,Seabird Networks Inc.
SummitCharge Pro,Citrine Link,Arbor Components Inc.
Citrine Vault Meadow,Citrine Vault,Meadow Works Inc.
Citrine Vault Arbor,Citrine Vault,Arbor Holdings Inc.
Citrine Vault Orion,Citrine Vault,Orion Labs Inc.
CitrineCase Air,Kairo Signal + Mint Fabric Grid,Mosaic Devices Inc.
SlateKey Pro Mini,Indigo Core Fabric,GoldenGate Manufacturing Inc.
SlateKey Pro Mini,Indigo Core Fabric,GoldenGate Manufacturing Inc.
Quanta Engine Copperline,Quanta Engine,Copperline Systems Inc.
TopazWatch Air Max,Argo Signal Signal,Catalyst Devices Inc.
PulseHub Mini Air Plus / GlacierCam Edge 1TB Dual‑SIM / CodaHub Mini SE Air / VegaHub Mini Pro Max / OpalBeam Ultra / PearlCase Lite Max / OrionCam Edge Edge 64GB Dual‑SIM / LumenCam Edge Ultra 1TB Bundle / AstraCam Edge Max 128GB Starter Kit / ZenithCam Edge Gen 1TB Bundle / NimbusCam Edge Lite 64GB Starter Kit,Atlas Fabric,SilverLine Components Inc.
QuantaHub Mini Plus Pro,Atlas Fabric,SilverLine Components Inc.
ArgoHub Mini Max Ultra / OpalBeam Ultra / TopazBeam Ultra,Atlas Fabric,SilverLine Components Inc.
SlateBeam Ultra,Atlas Fabric,Skyforge Networks Inc.
Lime Core Aurora,Lime Core,Aurora Group Inc.
Kairo Engine Aurora,Kairo Engine,Aurora Group Inc.
Aero Matrix Aurora,Aero Matrix,Aurora Group Inc.
ArgoNode Pro and SonicCharge Air,Aero Matrix & Frost Pulse,Aurora Group Inc.
Helio Matrix Aurora,Helio Matrix,Aurora Group Inc.
Pulse Pulse Aurora,Pulse Pulse,Aurora Group Inc.
Quanta Pulse Aurora,Quanta Pulse,Aurora Group Inc.
Frost Pulse Aurora,Frost Pulse,Aurora Group Inc.
Argo Mesh Aurora,Argo Mesh,Aurora Group Inc.
Frost Mesh Aurora,Frost Mesh,Aurora Group Inc.
Ivory Mesh Aurora,Ivory Mesh,Aurora Group Inc.
Opal Hub Aurora,Opal Hub,Aurora Group Inc.
Atlas Flex Aurora,Atlas Flex,Aurora Group Inc.
Copper Spark and Coral Fabric Signal,Copper Spark; Coral Fabric Signal,Aurora Group Inc.
Ivory Core Signal Aurora,Ivory Core Signal,Aurora Group Inc.
Mira Node Signal Aurora,Mira Node Signal,Aurora Group Inc.
Mira Node Signal 64GB Dual‑SIM Aurora,Mira Node Signal,Aurora Group Inc.
Azure Grid Beam Aurora,Azure Grid Beam,Aurora Group Inc.
CobaltDrive Pro SE,Frost Core,Harbor Systems Inc.
IndigoRouter Edge Air,Ember Stack,Harbor Systems Inc.
PearlStand Edge,Cinder Stack; Coral Pulse,Harbor Systems Inc.
SyncPhone Air,Nimbus Fabric,Mosaic Holdings Inc.
TopazPad Pro Max Ultra,Jade Fabric,Harbor Systems Inc.
SlatePhone Lite Mini,Golden Node,Harbor Systems Inc.
PulseBuds Edge,Lyra Shield,Harbor Systems Inc.
AstraBuds Air,Graphite Shield,Harbor Systems Inc.
CoreDrive Lite,Opal Dock,Harbor Holdings Inc.
AstraLink Pro Plus,Cerulean Hub + Argo Layer,Riverstone Works Inc.
SummitBook SE Gen Lite,Cerulean Sync,Harbor Systems Inc.
DriveCharge Pro Mini,Argo Layer,Harbor Systems Inc.
LumenLink Pro Pro,Cerulean Matrix Vector & Argo Layer,Harbor Systems Inc.
SenseCase SE,Umbral Matrix Bridge,Harbor Systems Inc.
JadeSpeaker Mini Ultra 64GB Starter Kit,Azure Grid Beam,Riverstone Works Inc.
JadeSpeaker Mini Ultra 512GB Dual‑SIM / JadeSpeaker Mini Ultra 128GB Bundle,Azure Grid Beam,Riverstone Works Inc.
DriveNode Pro,"Kairo Signal Node, Nimbus Drive Flow",Riverstone Works Inc.
CoreDrive Lite,Opal Dock,Harbor Holdings Inc.
Pulse Grid Atlas,Pulse Grid,Atlas Labs Inc.
EdgeHub Air,Crimson Fabric,RedStone Manufacturing Inc.
MiraPad Gen Lite,Beryl Wave,Evergreen Systems Inc.
SonicDrive Max Mini,Nova Module Layer,Evergreen Systems Inc.
PulseBuds Plus Mini,Copper Flow,NovaWorks Components Inc.
Sierra Matrix and Beryl Hub,Sierra Matrix and Beryl Hub,BlueRiver Networks Inc.
Aero Kernel BlueRiver,Aero Kernel,BlueRiver Networks Inc.
Magenta Kernel BlueRiver,Magenta Kernel,BlueRiver Networks Inc.
Saffron Pulse BlueRiver,Saffron Pulse,BlueRiver Networks Inc.
Jade Grid BlueRiver,Jade Grid,BlueRiver Networks Inc.
Magenta Grid BlueRiver,Magenta Grid,BlueRiver Networks Inc.
Umbral Drive BlueRiver,Umbral Drive,BlueRiver Networks Inc.
CrimsonCase Max,Argo Dock,BlueRiver Networks Inc.
Quanta Flex BlueRiver,Quanta Flex,BlueRiver Networks Inc.
PhotonPad SE Max Ultra,Azure Vault,BlueRiver Labs Inc.
Delta Engine Spark BlueRiver,Delta Engine Spark,BlueRiver Networks Inc.
Coda Fabric Fabric BlueRiver,Coda Fabric Fabric,BlueRiver Networks Inc.
Magenta Node Arc BlueRiver,Magenta Node Arc,BlueRiver Networks Inc.
CitrineRouter Mini Plus Pro,Argo Shield Wave,Astra Networks Inc.
Jade Shield Edge BlueRiver,Jade Shield Edge,BlueRiver Networks Inc.
Sol Flow Ironwood,Sol Flow,Ironwood Group Inc.
Terra Flex Windmill,Terra Flex,Windmill Works Inc.
Sonic Grid SpringboarLW,Sonic Grid,Springboard Holdings Inc.
Magenta Grid Lighthouse,Magenta Grid,Lighthouse Labs Inc.
QuantaDock Mini SE Air,Kairo Kernel Engine,Nebula Industries Inc.
AstraStand SE,Onyx Beam,BlueRiver Labs Inc.
AstraStand SE,Onyx Beam,BlueRiver Labs Inc.
ArgoDock SE Lite Mini,Coda Flow,Skylark Manufacturing Inc.
Atlas Sense Skylark,Atlas Sense,Skylark Networks Inc.
ZenithWatch SE,Magenta Grid,Starlight Holdings Inc.
SignalPad SE Lite,Lime Flex,BrightWave Works Inc.
PulsePhone SE Gen,Mint Flex,Starlight Holdings Inc.
QuartzStand Max,Terra Spark,Starlight Holdings Inc.
GraphitePad SE Pro,Astra Spark,BrightWave Works Inc.
WaveBook Air,Nimbus Bridge Edge,Starlight Holdings Inc.
SaffronBeam Gen,Delta Module Beam,BrightWave Works Inc.
NimbusCharge Mini Lite Mini,Cinder Core,Seabird Electronics Inc.
QuantaCam Lite SE,Jade Stack,Astra Labs Inc.
JadeDock Pro Gen,Sonic Fabric,Mosaic Holdings Inc.
SlateLink Mini Ultra,Violet Grid,Mosaic Holdings Inc.
CatalystStand Ultra Edge Gen,Delta Signal,Mosaic Holdings Inc.
CobaltDrive Max,Cobalt Signal,Mosaic Holdings Inc.
KairoKey Mini,Astra Mesh,Mosaic Holdings Inc.
PhotonBeam Lite Air,Pulse Mesh,Mosaic Holdings Inc.
IndigoLink Lite Max,Cedar Mesh and Teal Layer,Seabird Electronics Inc.
HelioBuds Edge,Indigo Edge,Mosaic Holdings Inc.
EchoBuds Air,Vega Dock,Mountain Systems Inc.
DriveKey Max Ultra,Cerulean Beam,Mosaic Holdings Inc.
GlacierWatch Air / CrownWatch Air,Atlas Sync,Seabird Electronics Inc.
SilverRouter Edge Mini,Atlas Sync,Seabird Electronics Inc.
JadeBook Mini SE 1TB Starter Kit/EchoPhone 1TB Dual‑SIM / JadeBook Mini SE 1TB Starter Kit/SparkBook 512GB Starter Kit,Sol Sync,Seabird Electronics Inc.
CopperBook Mini SE,Sol Sync,Seabird Electronics Inc.
SilverBook SE Air / GoldenBook Air Plus 256GB Dual‑SIM / GraphiteBook Plus Pro 1TB Starter Kit,Sol Sync,Seabird Electronics Inc.
PearlBook Gen Lite / CitrineBook Air Plus,Cinder Sync,Seabird Electronics Inc.
TopazBook Mini SE/MintBuds 512GB Starter Kit,Cinder Sync,Seabird Electronics Inc.
QuartzBook SE Air/EchoPhone 256GB Dual‑SIM / QuartzBook SE Air/KairoBook 1TB Bundle / BridgeCase Air Plus and PhotonCase Mini SE 1TB Dual‑SIM/KairoBook 1TB Bundle,Cinder Sync,Seabird Electronics Inc.
CitrineBook Air Plus / PearlBook Gen Lite,Cinder Sync,Seabird Electronics Inc.
IndigoStand SE SE / UmberStand SE Plus / AzureStand SE Pro / CrimsonStand SE Air,Cinder Sync,Mosaic Holdings Inc.
CopperCase Lite Gen,Mira Flex,Saffron Components Inc.
CrimsonRouter Edge Plus,Topaz Flex,Seabird Electronics Inc.
MiraNode Ultra,Umbral Flex,BrightWave Technologies Inc.
PhotonSpeaker Pro Plus,Nimbus Vector,Mosaic Holdings Inc.
SignalCam Ultra SE,Ember Frame,Mosaic Holdings Inc.
MiraCam Mini,Aero Module Arc,Mosaic Holdings Inc.
SaffronBook Mini Plus,Quanta Stack Module,Mosaic Holdings Inc.
NebulaStand Edge,Mira Matrix Core,Atlas Technologies Inc.
TealDrive Max,Argo Matrix Kernel,Mosaic Holdings Inc.
NimbusRouter Edge Max,Quartz Bridge Vector,Seabird Electronics Inc.
TopazDock Pro,Terra Wave Stack,Mosaic Holdings Inc.
CopperPad Plus Gen,Vega Grid Bridge,Mosaic Holdings Inc.
CatalystWatch SE Air Plus,Vega Grid Bridge,Seabird Electronics Inc.
GraphiteSpeaker SE Gen Lite,Teal Layer,Highland Holdings Inc.
SyncSpeaker SE Plus Pro,Teal Layer,Meadow Networks Inc.
SenseSpeaker SE Mini SE,Teal Layer,Meadow Networks Inc.
Copper Module Matrix Copperline,Copper Module Matrix,Copperline Industries Inc.
Indigo Core and Jade Pulse,Indigo Core + Jade Pulse,Aurora Industries Inc.
AzureBuds Air Plus and SparkDock,Indigo Core + Topaz Hub,NovaWorks Holdings Inc.
LumenWatch Max Pro and SparkDock,Indigo Core & Citrine Core Dock,Cinder Manufacturing Inc.
"AuroraBook Ultra, SenseDrive Mini, CrownBook Ultra and AstraKey Mini",Sol Module + Frost Module + Azure Node + Violet Node,SilverLine Systems Inc.
Beryl Wave Cinder,Beryl Wave,Cinder Manufacturing Inc.
Nova Flex Cinder,Nova Flex,Cinder Manufacturing Inc.
Violet Spark Cinder,Violet Spark,Cinder Manufacturing Inc.
LyraDrive SE Mini,Onyx Flow,Cinder Manufacturing Inc.
Pulse Vault Cinder,Pulse Vault,Cinder Manufacturing Inc.
Atlas Vault Cinder,Atlas Vault,Cinder Manufacturing Inc.
LyraBeam Edge SE,Citrine Kernel Engine,Cinder Electronics Inc.
Orion Signal Matrix Cinder,Orion Signal Matrix,Cinder Manufacturing Inc.
"AuroraBook Ultra, NovaKey Mini, CrownBook Ultra, and AstraKey Mini",Sol Module and Frost Module and Azure Node and Violet Node,Skylark Manufacturing Inc.
"AuroraBook Ultra, NovaKey Mini, CrownBook Ultra, and AstraKey Mini",Sol Module and Frost Module and Azure Node and Violet Node,Skylark Manufacturing Inc.
Quanta Frame SilverLine,Quanta Frame,SilverLine Devices Inc.
Teal Frame Skyforge,Teal Frame,Skyforge Electronics Inc.
GraphiteStand Mini,Copper Layer,Aurora Components Inc.
LumenCam Air,Umbral Stack,Mountain Systems Inc.
TerraCase Pro Pro,Pearl Link,Atlas Works Inc.
VegaPad Air Plus,Teal Link,Mountain Systems Inc.
DriveRouter Lite,Opal Mesh,Atlas Works Inc.
QuantaCam Edge Max / AtlasCam Edge Lite,Delta Sync,Mountain Systems Inc.
AtlasCam Edge Lite / QuantaCam Edge Max,Delta Sync,Atlas Works Inc.
AzurePad SE Air Plus,Nimbus Node Kernel,Mountain Systems Inc.
Umber Arc Zenith,Umber Arc,Zenith Holdings Inc.
JadePhone Lite Mini SE Air,Quartz Matrix,Astra Networks Inc.
JadePhone Lite Mini SE Air,Quartz Matrix,Astra Networks Inc.
QuantaHub Plus Gen,Nimbus Frame,Highland Systems Inc.
Cedar Matrix Sense Summit,Cedar Matrix Sense,Summit Technologies Inc.
CrimsonBeam Ultra,Graphite Module,NovaWorks Devices Inc.
PulseWatch Edge,Sonic Dock,BlueRiver Electronics Inc.
PearlCase Plus Pro Max 256GB Dual‑SIM,Crimson Node,Ironwood Components Inc.
Lime Core 64GB Starter Kit Windmill,Lime Core,Windmill Networks Inc.
Helio Fabric 512GB Dual‑SIM Windmill,Helio Fabric,Windmill Networks Inc.
HarborCase Pro and QuantaRouter Air,Cerulean Fabric + Pulse Pulse,DeepField Devices Inc.
Crimson Link Windmill,Crimson Link,Windmill Networks Inc.
Pulse Pulse Windmill,Pulse Pulse,Windmill Networks Inc.
Quanta Pulse Windmill,Quanta Pulse,Windmill Networks Inc.
Crimson Node 1TB Refurbished Windmill,Crimson Node,Windmill Networks Inc.
Sonic Grid Windmill,Sonic Grid,Windmill Networks Inc.
Golden Drive 128GB Bundle Windmill,Golden Drive,Windmill Networks Inc.
Argo Mesh 256GB Dual‑SIM Windmill,Argo Mesh,Windmill Networks Inc.
Frost Mesh Windmill,Frost Mesh,Windmill Networks Inc.
Jade Mesh Windmill,Jade Mesh,Windmill Networks Inc.
Sable Hub 1TB Refurbished Windmill,Sable Hub,Windmill Networks Inc.
Atlas Flex Windmill,Atlas Flex,Windmill Networks Inc.
Copper Spark and Coral Fabric Signal and AstraCharge Ultra Pro,Copper Spark and Coral Fabric Signal,Aurora Group Inc.
Aero Vault Windmill,Aero Vault,Windmill Networks Inc.
Silver Vault Windmill,Silver Vault,Windmill Networks Inc.
Silver Vault 256GB Starter Kit Windmill,Silver Vault,Windmill Networks Inc.
Silver Vault 64GB Refurbished Windmill,Silver Vault,Windmill Networks Inc.
Coral Vector Windmill,Coral Vector,Windmill Networks Inc.
Ivory Vector Windmill,Ivory Vector,Windmill Networks Inc.
NebulaBuds Plus Lite,Slate Vector,Pinecone Industries Inc.
Kairo Layer Windmill,Kairo Layer,Windmill Networks Inc.
Silver Layer and Azure Grid Beam,Silver Layer and Azure Grid Beam,Arbor Devices Inc.
Maple Module Arc Windmill,Maple Module Arc,Windmill Networks Inc.
Magenta Pulse Engine Windmill,Magenta Pulse Engine,Windmill Networks Inc.
Sol Node Edge 512GB Dual‑SIM Windmill,Sol Node Edge,Windmill Networks Inc.
Teal Grid Hub Windmill,Teal Grid Hub,Windmill Networks Inc.
Azure Grid Beam Windmill,Azure Grid Beam,Windmill Networks Inc.
Citrine Wave SpringboarZL,Citrine Wave,Springboard Group Inc.
Delta Wave Vector Lighthouse,Delta Wave Vector,Lighthouse Works Inc.
SummitCase Pro 256GB Dual‑SIM,Pulse Pulse,Crown Devices Inc.
Azure Grid Beam Nebula,Azure Grid Beam,Nebula Holdings Inc.
Lime Core 64GB Starter Kit Pinecone,Lime Core,Pinecone Industries Inc.
Helio Fabric 512GB Dual‑SIM Pinecone,Helio Fabric,Pinecone Industries Inc.
HarborCase Pro and QuantaRouter Air,Cerulean Fabric + Pulse Pulse,DeepField Devices Inc.
Aero Matrix Pinecone,Aero Matrix,Pinecone Industries Inc.
Crimson Link Pinecone,Crimson Link,Pinecone Industries Inc.
Pulse Pulse Pinecone,Pulse Pulse,Pinecone Industries Inc.
Quanta Pulse Pinecone,Quanta Pulse,Pinecone Industries Inc.
Crimson Node 1TB Refurbished Pinecone,Crimson Node,Pinecone Industries Inc.
Sonic Grid Pinecone,Sonic Grid,Pinecone Industries Inc.
Golden Drive 128GB Bundle Pinecone,Golden Drive,Pinecone Industries Inc.
Argo Mesh 256GB Dual‑SIM Pinecone,Argo Mesh,Pinecone Industries Inc.
Frost Mesh Pinecone,Frost Mesh,Pinecone Industries Inc.
Jade Mesh Pinecone,Jade Mesh,Pinecone Industries Inc.
Ivory Mesh Pinecone,Ivory Mesh,Pinecone Industries Inc.
Sable Hub 1TB Refurbished Pinecone,Sable Hub,Pinecone Industries Inc.
Atlas Flex Pinecone,Atlas Flex,Pinecone Industries Inc.
Copper Spark and Coral Fabric Signal and AstraCharge Ultra Pro,Copper Spark; Coral Fabric Signal,Aurora Group Inc.
Aero Vault Pinecone,Aero Vault,Pinecone Industries Inc.
Silver Vault Pinecone,Silver Vault,Pinecone Industries Inc.
Silver Vault 256GB Starter Kit Pinecone,Silver Vault,Pinecone Industries Inc.
Silver Vault 64GB Refurbished Pinecone,Silver Vault,Pinecone Industries Inc.
Coral Vector Pinecone,Coral Vector,Pinecone Industries Inc.
Ivory Vector Pinecone,Ivory Vector,Pinecone Industries Inc.
NebulaBuds Plus Lite,Slate Vector,Pinecone Industries Inc.
Kairo Layer Pinecone,Kairo Layer,Pinecone Industries Inc.
Silver Layer and Azure Grid Beam,Silver Layer and Azure Grid Beam,Arbor Devices Inc.
Maple Module Arc Pinecone,Maple Module Arc,Pinecone Industries Inc.
Magenta Pulse Engine Pinecone,Magenta Pulse Engine,Pinecone Industries Inc.
Sol Node Edge 512GB Dual‑SIM Pinecone,Sol Node Edge,Pinecone Industries Inc.
Teal Grid Hub Pinecone,Teal Grid Hub,Pinecone Industries Inc.
Azure Grid Beam Pinecone,Azure Grid Beam,Pinecone Industries Inc.
OrionDrive Edge / EchoDrive Edge,Cerulean Drive,Quantum Manufacturing Inc.
Citrine Wave Mountain,Citrine Wave,Mountain Systems Inc.
Delta Wave Vector Glacier,Delta Wave Vector,Glacier Technologies Inc.
SummitCase Pro 256GB Dual‑SIM,Pulse Pulse,Crown Devices Inc.
Azure Grid Beam Crown,Azure Grid Beam,Crown Devices Inc.
SilverSpeaker Ultra Edge,Argo Dock & Silver Frame,Skylark Electronics Inc.
SenseBook Plus and SparkDock / NovaPad Ultra Edge Gen,Indigo Core & Lyra Kernel,Cinder Technologies Inc.
KairoCam Mini,Maple Engine,Riverstone Labs Inc.
Crimson Engine Starlight,Crimson Engine,Starlight Group Inc.
Topaz Engine Starlight,Topaz Engine,Starlight Group Inc.
ArgoPhone Edge,Opal Engine,BrightWave Networks Inc.
Citrine Engine BrightWave,Citrine Engine,BrightWave Networks Inc.
VectorCharge Mini,Aero Module,Astra Manufacturing Inc.
LumenDock Pro Air / OnyxLink Mini / CrimsonBuds Mini SE,Beryl Hub & Nova Core Matrix,Catalyst Systems Inc.
Azure Module Starlight,Azure Module,Starlight Group Inc.
Orion Fabric Starlight,Orion Fabric,Starlight Group Inc.
Slate Fabric Starlight,Slate Fabric,Starlight Group Inc.
"Coral Matrix, Silver Vault and Cobalt Node Arc",Coral Matrix; Silver Vault; Cobalt Node Arc,Starlight Group Inc.
Echo Kernel BrightWave,Echo Kernel,BrightWave Networks Inc.
Echo Kernel Starlight,Echo Kernel,Starlight Group Inc.
Auric Kernel Starlight,Auric Kernel,Starlight Group Inc.
Auric Kernel BrightWave,Auric Kernel,BrightWave Networks Inc.
Ember Link Starlight,Ember Link,Starlight Group Inc.
TerraPhone Edge Air / ArgoDock Pro,Jade Link,Starlight Group Inc.
Coda Pulse Starlight,Coda Pulse,Starlight Group Inc.
Maple Pulse Starlight,Maple Pulse,Starlight Group Inc.
ZenithWatch Max,Umber Pulse,Starlight Group Inc.
GoldenDock Max,"Silver Pulse, Quartz Hub, Umber Frame, Beryl Node Signal",Starlight Group Inc.
CobaltHub Plus Mini,Sonic Wave,BrightWave Networks Inc.
AstraCase Max,Beryl Wave,BrightWave Networks Inc.
Opal Node BrightWave,Opal Node,BrightWave Networks Inc.
Ruby Node BrightWave,Ruby Node,BrightWave Networks Inc.
Sable Node Starlight,Sable Node,Starlight Group Inc.
Pulse Grid Starlight,Pulse Grid,Starlight Group Inc.
Coda Grid Starlight,Coda Grid,Starlight Group Inc.
Kairo Grid Starlight,Kairo Grid,Starlight Group Inc.
Jade Grid Starlight,Jade Grid,Starlight Group Inc.
NebulaLink Ultra,Sonic Signal,Arbor Industries Inc.
Kairo Signal and Mint Fabric Grid,Kairo Signal and Mint Fabric Grid,Copperline Industries Inc.
Maple Signal and Atlas Wave Dock,"Maple Signal, Atlas Wave Dock",Arbor Devices Inc.
GoldenBeam,Quartz Shield,Nightfall Works Inc.
TopazBeam Max,Ivory Drive,BrightWave Networks Inc.
Sable Drive Starlight,Sable Drive,Starlight Group Inc.
Orion Sense BrightWave,Orion Sense,BrightWave Networks Inc.
OpalHub Air Plus and AuroraPhone Gen,Frost Sense and Vega Beam,BrightWave Manufacturing Inc.
Jade Sense Starlight,Jade Sense,Starlight Group Inc.
MiraCharge Gen,Cedar Mesh,BlueRiver Technologies Inc.
Cedar Mesh Starlight,Cedar Mesh,Starlight Group Inc.
SolHub Pro SE and MiraCharge Gen,Cedar Mesh and Teal Layer,SilverLine Systems Inc.
Maple Mesh Starlight,Maple Mesh,Starlight Group Inc.
Beryl Mesh Starlight,Beryl Mesh,Starlight Group Inc.
WaveCase Gen / EdgeCase Gen,Sonic Edge,Starlight Group Inc.
IndigoPhone Lite,Copper Edge,Catalyst Systems Inc.
Argo Dock Starlight,Argo Dock,Starlight Group Inc.
NovaLink Lite Air,Sonic Hub,BrightWave Networks Inc.
NovaLink Lite Air,Sonic Hub,BrightWave Networks Inc.
Terra Beam Starlight,Terra Beam,Starlight Group Inc.
Aero Flex Starlight,Aero Flex,Starlight Group Inc.
OrionCharge Mini Edge,Sonic Flex,Starlight Group Inc.
CodaKey Mini Mini,Cobalt Flex,Starlight Group Inc.
Pearl Flex Starlight,Pearl Flex,Starlight Group Inc.
CitrineBeam Air,Coda Vault,Starlight Group Inc.
Jade Vault Starlight,Jade Vault,Starlight Group Inc.
Onyx Vault Starlight,Onyx Vault,Starlight Group Inc.
LyraLink Air Plus,Slate Vault,Copperline Industries Inc.
Citrine Vault Starlight,Citrine Vault,Starlight Group Inc.
Luna Vector Starlight,Luna Vector,Starlight Group Inc.
Topaz Vector Starlight,Topaz Vector,Starlight Group Inc.
Nimbus Frame Starlight,Nimbus Frame,Starlight Group Inc.
Silver Frame Starlight,Silver Frame,Starlight Group Inc.
Lyra Layer Starlight,Lyra Layer,Starlight Group Inc.
BeamPad Ultra Pro,Lime Core Flex,Starlight Group Inc.
Pulse Module Stack Starlight,Pulse Module Stack,Starlight Group Inc.
Pearl Module Vault Starlight,Pearl Module Vault,Starlight Group Inc.
Sable Module Drive Starlight,Sable Module Drive,Starlight Group Inc.
Helio Stack Flow Starlight,Helio Stack Flow,Starlight Group Inc.
Beryl Stack Kernel BrightWave,Beryl Stack Kernel,BrightWave Networks Inc.
Beryl Stack Kernel Starlight,Beryl Stack Kernel,Starlight Group Inc.
Zen Fabric Frame Starlight,Zen Fabric Frame,Starlight Group Inc.
Sonic Fabric Matrix Starlight,Sonic Fabric Matrix,Starlight Group Inc.
Ivory Fabric Engine Starlight,Ivory Fabric Engine,Starlight Group Inc.
Slate Fabric Module Starlight,Slate Fabric Module,Starlight Group Inc.
Pearl Kernel Drive Starlight,Pearl Kernel Drive,Starlight Group Inc.
Frost Bridge Engine BrightWave,Frost Bridge Engine,BrightWave Networks Inc.
Citrine Link Arc BrightWave,Citrine Link Arc,BrightWave Networks Inc.
DriveBook Max Ultra Edge,Sol Node Edge,Seabird Technologies Inc.
NovaBuds Edge Gen Lite,Sol Node Edge,BrightWave Networks Inc.
NovaBuds Edge Gen Lite,Sol Node Edge,BrightWave Networks Inc.
OnyxNode SE,Cinder Node Beam,BrightWave Networks Inc.
OnyxNode SE,Cinder Node Beam,BrightWave Networks Inc.
PhotonBuds Mini SE Air 512GB Dual‑SIM,Silver Node Kernel,BrightWave Networks Inc.
Terra Grid Vector Starlight,Terra Grid Vector,Starlight Group Inc.
Onyx Grid Flow Starlight,Onyx Grid Flow,Starlight Group Inc.
Cedar Grid Arc Starlight,Cedar Grid Arc,Starlight Group Inc.
Teal Grid Hub Starlight,Teal Grid Hub,Starlight Group Inc.
AstraDock Mini SE Air,Zen Signal Module,Starlight Group Inc.
Golden Signal Engine Starlight,Golden Signal Engine,Starlight Group Inc.
HelioCam Mini Plus Pro,Teal Signal Mesh,Starlight Group Inc.
TerraHub Mini Gen Lite,Nimbus Shield Vector,Arbor Devices Inc.
Jade Shield Edge BrightWave,Jade Shield Edge,BrightWave Networks Inc.
Golden Drive Arc BrightWave,Golden Drive Arc,BrightWave Networks Inc.
GoldenBeam / SlateBook Pro / MiraHub Edge,Quartz Shield,Nightfall Works Inc.
QuantaWatch Edge / QuantaKey Max Air,Indigo Core; Citrine Core Dock,Stonebridge Holdings Inc.
Topaz Shield StonebridgWV,Topaz Shield,Stonebridge Holdings Inc.
Topaz Shield Photon,Topaz Shield,Photon Labs Inc.
GoldenBeam,Quartz Shield,Nightfall Works Inc.
CatalystHub Mini Max Ultra,Quanta Shield Core; Auric Signal Arc,Photon Labs Inc.
NebulaSpeaker Edge / KairoStand Lite Mini,Sol Drive,Arbor Holdings Inc.
Helio Sense Meadow,Helio Sense,Meadow Electronics Inc.
Graphite Core Wave Meadow,Graphite Core Wave,Meadow Electronics Inc.
Pulse Kernel Arbor,Pulse Kernel,Arbor Components Inc.
CodaSpeaker Edge Max,Sable Core Beam,Mosaic Group Inc.
CodaSpeaker Edge Max,Sable Core Beam,Mosaic Group Inc.
Sable Engine GoldenGate,Sable Engine,GoldenGate Works Inc.
Frost Module Copperline,Frost Module,Copperline Holdings Inc.
Copper Fabric Copperline,Copper Fabric,Copperline Holdings Inc.
Pulse Kernel Copperline,Pulse Kernel,Copperline Holdings Inc.
Orion Drive 512GB Dual‑SIM Copperline,Orion Drive,Copperline Holdings Inc.
Coda Spark Copperline,Coda Spark,Copperline Holdings Inc.
Jade Arc Copperline,Jade Arc,Copperline Holdings Inc.
Lyra Link Cinder,Lyra Link,Cinder Labs Inc.
SaffronCharge Air,Luna Matrix,Catalyst Industries Inc.
AzureBuds Air Plus and SparkDock,"Indigo Core, Topaz Hub",NovaWorks Holdings Inc.
EchoWatch Max Air and SparkDock,Indigo Core & Citrine Core Dock,Aurora Industries Inc.
"AuroraBook Ultra, SenseDrive Mini, CrownBook Ultra and AstraKey Mini",Sol Module & Frost Module & Azure Node & Violet Node,SilverLine Systems Inc.
EchoWatch Max Air and OrionLink SE,Indigo Core & Citrine Core Dock,Aurora Industries Inc.
Ivory Fabric SilverLine,Ivory Fabric,SilverLine Systems Inc.
Pulse Kernel SilverLine,Pulse Kernel,SilverLine Systems Inc.
Vega Kernel Lumen,Vega Kernel,Lumen Manufacturing Inc.
Vega Kernel SilverLine,Vega Kernel,SilverLine Systems Inc.
Violet Kernel SilverLine,Violet Kernel,SilverLine Systems Inc.
Lyra Link SilverLine,Lyra Link,SilverLine Systems Inc.
QuantaLink Pro,Umbral Link,Astra Networks Inc.
Sol Wave SilverLine,Sol Wave,SilverLine Systems Inc.
Vega Node 1TB Bundle Lumen,Vega Node,Lumen Manufacturing Inc.
Sonic Signal Lumen,Sonic Signal,Lumen Manufacturing Inc.
Maple Signal SilverLine,Maple Signal,SilverLine Systems Inc.
Graphite Shield Lumen,Graphite Shield,Lumen Manufacturing Inc.
Lime Drive SilverLine,Lime Drive,SilverLine Systems Inc.
Aero Sense SilverLine,Aero Sense,SilverLine Systems Inc.
Helio Mesh SilverLine,Helio Mesh,SilverLine Systems Inc.
Frost Edge SilverLine,Frost Edge,SilverLine Systems Inc.
Sol Beam Lumen,Sol Beam,Lumen Manufacturing Inc.
Cobalt Flex SilverLine,Cobalt Flex,SilverLine Systems Inc.
Citrine Arc Lumen,Citrine Arc,Lumen Manufacturing Inc.
Astra Vault SilverLine,Astra Vault,SilverLine Systems Inc.
Pulse Vault SilverLine,Pulse Vault,SilverLine Systems Inc.
Sol Vector Lumen,Sol Vector,Lumen Manufacturing Inc.
Frost Layer SilverLine,Frost Layer,SilverLine Systems Inc.
GoldenLink Mini Mini / SolWatch Pro Mini 256GB Bundle,Silver Layer,SilverLine Systems Inc.
Cedar Core Core Lumen,Cedar Core Core,Lumen Manufacturing Inc.
Cedar Core Core 512GB Dual‑SIM Lumen,Cedar Core Core,Lumen Manufacturing Inc.
Cerulean Core Grid Lumen,Cerulean Core Grid,Lumen Manufacturing Inc.
Citrine Core Dock SilverLine,Citrine Core Dock,SilverLine Systems Inc.
Umbral Core Sync SilverLine,Umbral Core Sync,SilverLine Systems Inc.
Opal Module Node SilverLine,Opal Module Node,SilverLine Systems Inc.
Topaz Fabric Fabric SilverLine,Topaz Fabric Fabric,SilverLine Systems Inc.
Nova Matrix Beam Lumen,Nova Matrix Beam,Lumen Manufacturing Inc.
Orion Pulse Mesh SilverLine,Orion Pulse Mesh,SilverLine Systems Inc.
Ivory Pulse Mesh Lumen,Ivory Pulse Mesh,Lumen Manufacturing Inc.
Ivory Grid Link SilverLine,Ivory Grid Link,SilverLine Systems Inc.
Argo Shield Wave SilverLine,Argo Shield Wave,SilverLine Systems Inc.
Opal Module Node Skyforge,Opal Module Node,Skyforge Technologies Inc.
Jade Link Aurora,Jade Link,Aurora Devices Inc.
Sonic Signal Riverstone,Sonic Signal,Riverstone Electronics Inc.
Jade Link RedStone,Jade Link,RedStone Works Inc.
Sonic Signal Zenith,Sonic Signal,Zenith Group Inc.
Sable Edge Atlas,Sable Edge,Atlas Networks Inc.
AstraWatch Pro Max,Helio Beam,Astra Works Inc.
Umbral Frame Atlas,Umbral Frame,Atlas Networks Inc.
Coda Core Sense 64GB Refurbished RedStone,Coda Core Sense,RedStone Works Inc.
Orion Kernel Arc RedStone,Orion Kernel Arc,RedStone Works Inc.
Jade Link Evergreen,Jade Link,Evergreen Holdings Inc.
Orion Kernel Arc Evergreen,Orion Kernel Arc,Evergreen Holdings Inc.
Crimson Vault Clearwater,Crimson Vault,Clearwater Labs Inc.
Quartz Bridge Summit,Quartz Bridge,Summit Manufacturing Inc.
Jade Vault Highland,Jade Vault,Highland Industries Inc.
Opal Stack Link NovaWorks,Opal Stack Link,NovaWorks Systems Inc.
Pulse Kernel BlueRiver,Pulse Kernel,BlueRiver Technologies Inc.
QuantaNode Lite Edge,Jade Wave Layer,Ironwood Devices Inc.
Atlas Flex Lighthouse,Atlas Flex,Lighthouse Networks Inc.
Vega Vault Lighthouse,Vega Vault,Lighthouse Networks Inc.
Luna Engine Engine Nebula,Luna Engine Engine,Nebula Group Inc.
ArgoKey Plus Gen,Auric Fabric,Pinecone Holdings Inc.
SonicKey Plus Lite,Auric Fabric; Sol Sense,Pinecone Holdings Inc.
LumenCharge Air Air,Golden Vault,Astra Electronics Inc.
QuartzStand SE Lite,Lyra Vector,Photon Works Inc.
QuartzStand SE Lite,Lyra Vector,Photon Works Inc.
Teal Fabric Northwind,Teal Fabric,Northwind Labs Inc.
Nimbus Bridge Northwind,Nimbus Bridge,Northwind Labs Inc.
CrownCam Mini,Opal Hub,Northwind Labs Inc.
PhotonCharge Mini Ultra,Opal Hub,Northwind Labs Inc.
Lyra Layer Northwind,Lyra Layer,Northwind Labs Inc.
VectorDrive Air,Sable Module Drive,DeepField Industries Inc.
OnyxPhone Lite,Jade Drive Drive,Seabird Manufacturing Inc.
Indigo Core Meadow,Indigo Core,Meadow Technologies Inc.
Graphite Core Meadow,Graphite Core,Meadow Technologies Inc.
Teal Core Meadow,Teal Core,Meadow Technologies Inc.
Cinder Module Meadow,Cinder Module,Meadow Technologies Inc.
NimbusKey Mini,Coral Module,Meadow Technologies Inc.
NimbusKey Mini and OrionDock Lite Pro,Coral Module,Meadow Technologies Inc.
Azure Module Meadow,Azure Module,Meadow Technologies Inc.
Echo Stack Meadow,Echo Stack,Meadow Technologies Inc.
Magenta Stack Meadow,Magenta Stack,Meadow Technologies Inc.
AuroraPad Air,Echo Fabric,Arbor Devices Inc.
Crimson Fabric Meadow,Crimson Fabric,Meadow Technologies Inc.
Cobalt Matrix Meadow,Cobalt Matrix,Meadow Technologies Inc.
Maple Matrix Meadow,Maple Matrix,Meadow Technologies Inc.
Helio Kernel Meadow,Helio Kernel,Meadow Technologies Inc.
Orion Kernel Meadow,Orion Kernel,Meadow Technologies Inc.
Delta Kernel Meadow,Delta Kernel,Meadow Technologies Inc.
Luna Bridge Meadow,Luna Bridge,Meadow Technologies Inc.
Nova Bridge Meadow,Nova Bridge,Meadow Technologies Inc.
Frost Link Meadow,Frost Link,Meadow Technologies Inc.
Orion Pulse Meadow,Orion Pulse,Meadow Technologies Inc.
Sol Wave Meadow,Sol Wave,Meadow Technologies Inc.
Umber Wave Meadow,Umber Wave,Meadow Technologies Inc.
Ruby Wave Meadow,Ruby Wave,Meadow Technologies Inc.
Zen Node Meadow,Zen Node,Meadow Technologies Inc.
Slate Node Meadow,Slate Node,Meadow Technologies Inc.
HelioBook Ultra,Ruby Node,Copperline Components Inc.
Jade Grid Meadow,Jade Grid,Meadow Technologies Inc.
TopazDock Ultra,Sable Grid,Copperline Components Inc.
Vega Signal Meadow,Vega Signal,Meadow Technologies Inc.
Topaz Shield Meadow,Topaz Shield,Meadow Technologies Inc.
Nova Drive Meadow,Nova Drive,Meadow Technologies Inc.
NebulaSpeaker Edge,Sol Drive,Arbor Holdings Inc.
Onyx Drive Meadow,Onyx Drive,Meadow Technologies Inc.
Indigo Drive Meadow,Indigo Drive,Meadow Technologies Inc.
Nova Sense Meadow,Nova Sense,Meadow Technologies Inc.
Jade Mesh Meadow,Jade Mesh,Meadow Technologies Inc.
Maple Mesh Meadow,Maple Mesh,Meadow Technologies Inc.
Lime Mesh Meadow,Lime Mesh,Meadow Technologies Inc.
Terra Edge Meadow,Terra Edge,Meadow Technologies Inc.
Kairo Edge Meadow,Kairo Edge,Meadow Technologies Inc.
Sol Edge Meadow,Sol Edge,Meadow Technologies Inc.
CrimsonBuds Lite,Lime Edge,Harbor Devices Inc.
Maple Dock Meadow,Maple Dock,Meadow Technologies Inc.
Slate Hub Meadow,Slate Hub,Meadow Technologies Inc.
Astra Beam Meadow,Astra Beam,Meadow Technologies Inc.
EdgeDock Mini SE,Sonic Beam,BrightWave Electronics Inc.
Opal Sync Meadow,Opal Sync,Meadow Technologies Inc.
Magenta Sync Meadow,Magenta Sync,Meadow Technologies Inc.
Helio Flex Meadow,Helio Flex,Meadow Technologies Inc.
Sonic Flex Meadow,Sonic Flex,Meadow Technologies Inc.
Argo Flex Meadow,Argo Flex,Meadow Technologies Inc.
Sierra Spark Meadow,Sierra Spark,Meadow Technologies Inc.
Cedar Spark Meadow,Cedar Spark,Meadow Technologies Inc.
Cerulean Spark Meadow,Cerulean Spark,Meadow Technologies Inc.
Citrine Spark Meadow,Citrine Spark,Meadow Technologies Inc.
Pearl Arc Meadow,Pearl Arc,Meadow Technologies Inc.
Violet Arc Meadow,Violet Arc,Meadow Technologies Inc.
Mira Vault Meadow,Mira Vault,Meadow Technologies Inc.
SaffronSpeaker Air Gen,Atlas Vault,Copperline Components Inc.
Onyx Vault Meadow,Onyx Vault,Meadow Technologies Inc.
Cedar Vault Meadow,Cedar Vault,Meadow Technologies Inc.
Aero Vector Meadow,Aero Vector,Meadow Technologies Inc.
EdgeWatch Plus Edge,Azure Vector,Meadow Technologies Inc.
Nimbus Frame Meadow,Nimbus Frame,Meadow Technologies Inc.
Silver Frame Meadow,Silver Frame,Meadow Technologies Inc.
Umbral Frame Meadow,Umbral Frame,Meadow Technologies Inc.
Teal Layer Meadow,Teal Layer,Meadow Technologies Inc.
SenseSpeaker Pro Max Ultra,Frost Core Sync,Catalyst Industries Inc.
PulseCase Pro Lite,Umber Core Bridge,Copperline Systems Inc.
Silver Core Link Meadow,Silver Core Link,Meadow Technologies Inc.
Nimbus Engine Matrix Meadow,Nimbus Engine Matrix,Meadow Technologies Inc.
Delta Engine Spark Meadow,Delta Engine Spark,Meadow Technologies Inc.
Maple Engine Frame Meadow,Maple Engine Frame,Meadow Technologies Inc.
Sable Module Drive Meadow,Sable Module Drive,Meadow Technologies Inc.
QuantaPad Ultra Max and SenseBeam Lite Pro,Astra Stack Frame + Cedar Wave Engine,Astra Electronics Inc.
Sol Stack Node Meadow,Sol Stack Node,Meadow Technologies Inc.
AuroraCam Ultra Plus,Silver Stack Layer,BlueRiver Manufacturing Inc.
Beryl Stack Kernel Meadow,Beryl Stack Kernel,Meadow Technologies Inc.
Pearl Fabric Beam Meadow,Pearl Fabric Beam,Meadow Technologies Inc.
Indigo Fabric Flex Meadow,Indigo Fabric Flex,Meadow Technologies Inc.
Silver Matrix Spark Meadow,Silver Matrix Spark,Meadow Technologies Inc.
Sierra matrix Node Meadow,Sierra Matrix Node,Meadow Technologies Inc.
Ruby Kernel Module Meadow,Ruby Kernel Module,Meadow Technologies Inc.
LumenCharge Gen SE,Pulse Link Sense,Arbor Devices Inc.
Cedar Pulse Fabric Meadow,Cedar Pulse Fabric,Meadow Technologies Inc.
NovaCharge Lite Edge,Ruby Pulse Spark,BrightWave Labs Inc.
Argo Node Dock Meadow,Argo Node Dock,Meadow Technologies Inc.
Frost Node Hub Meadow,Frost Node Hub,Meadow Technologies Inc.
Golden Node Bridge Meadow,Golden Node Bridge,Meadow Technologies Inc.
Sable Node Dock Meadow,Sable Node Dock,Meadow Technologies Inc.
NebulaRouter Plus Pro Max,Quanta Grid Kernel,Meadow Technologies Inc.
SyncRouter SE Air Plus,Argo Grid Sense,Cinder Manufacturing Inc.
Slate Grid Pulse Meadow,Slate Grid Pulse,Meadow Technologies Inc.
Azure Grid Beam Meadow,Azure Grid Beam,Meadow Technologies Inc.
Aero Shield Beam Meadow,Aero Shield Beam,Meadow Technologies Inc.
Quanta Shield Core Meadow,Quanta Shield Core,Meadow Technologies Inc.
Vega Shield Engine Meadow,Vega Shield Engine,Meadow Technologies Inc.
Frost Shield Node Meadow,Frost Shield Node,Meadow Technologies Inc.
Ruby Shield Pulse Meadow,Ruby Shield Pulse,Meadow Technologies Inc.
Umber Drive Spark Meadow,Umber Drive Spark,Meadow Technologies Inc.
Ruby Core Arbor,Ruby Core,Arbor Devices Inc.
Aero Shield Beam Orion,Aero Shield Beam,Orion Electronics Inc.
Umbral Vault RedStone,Umbral Vault,RedStone Networks Inc.
ArgoNode Gen Mini,Indigo Bridge Shield,Clearwater Works Inc.
PhotonCase Max Lite / GraphiteCase Max Gen,Mint Link & Onyx Flex & Coral Flex,Highland Holdings Inc.
ArgoWatch Lite,Auric Vault,Summit Labs Inc.
AstraBuds Mini Edge,Umber Matrix,Ironwood Systems Inc.
Delta Kernel SpringboarZS,Delta Kernel,Springboard Devices Inc.
Mira Wave SpringboarZS,Mira Wave,Springboard Devices Inc.
HarborPad Edge,Delta Wave,Springboard Devices Inc.
HelioBuds Mini,Topaz Shield,Springboard Devices Inc.
Graphite Edge Windmill,Graphite Edge,Windmill Technologies Inc.
TealRouter Lite,Argo Dock,Springboard Devices Inc.
VegaCase Air,Silver Frame,Springboard Devices Inc.
WaveCase Plus Mini,Beryl Link Sync,Windmill Technologies Inc.
Slate Grid Pulse SpringboarZS,Slate Grid Pulse,Springboard Devices Inc.
Frost Shield Node Windmill,Frost Shield Node,Windmill Technologies Inc.
Onyx Drive Sense Lighthouse,Onyx Drive Sense,Lighthouse Electronics Inc.
MiraDock Mini Ultra Edge,Sable Module Drive,Nebula Components Inc.
Quanta Fabric Layer Astra,Quanta Fabric Layer,Astra Networks Inc.
Slate Hub Pinecone,Slate Hub,Pinecone Group Inc.
Magenta Spark Pinecone,Magenta Spark,Pinecone Group Inc.
SensePad Mini SE Air,Orion Node Node,Catalyst Industries Inc.
Maple Flex and Coral Drive Node,"Maple Flex, Coral Drive Node",Arbor Devices Inc.
Coral Engine Glacier,Coral Engine,Glacier Labs Inc.
Sonic Grid Glacier,Sonic Grid,Glacier Labs Inc.
Sierra Drive Mountain,Sierra Drive,Mountain Holdings Inc.
Nova Spark Glacier,Nova Spark,Glacier Labs Inc.
Umbral Vector Mountain,Umbral Vector,Mountain Holdings Inc.
Helio Link Wave Mountain,Helio Link Wave,Mountain Holdings Inc.
Maple Shield Beam Mountain,Maple Shield Beam,Mountain Holdings Inc.
Pulse Kernel Crown,Pulse Kernel,Crown Industries Inc.
Silver Flow Skylark,Silver Flow,Skylark Manufacturing Inc.
Nova Drive Sync Sunpeak,Nova Drive Sync,Sunpeak Systems Inc.
Beryl Hub BrightWave,Beryl Hub,BrightWave Technologies Inc.
Citrine Node Mesh Starlight,Citrine Node Mesh,Starlight Devices Inc.
Mint Grid Nightfall,Mint Grid,Nightfall Electronics Inc.
Sierra Spark StonebridgVS,Sierra Spark,Stonebridge Components Inc.
Cedar Core Core StonebridgVS,Cedar Core Core,Stonebridge Components Inc.
LumenCharge Gen SE,Pulse Link Sense,Arbor Devices Inc.
Frost Edge EchoLabs,Frost Edge,EchoLabs Group Inc.
Terra Stack Northwind,Terra Stack,Northwind Works Inc.
Atlas Wave DeepField,Atlas Wave,DeepField Holdings Inc.
Frost Edge Seabird,Frost Edge,Seabird Labs Inc.
Sable Edge Seabird,Sable Edge,Seabird Labs Inc.
SummitRouter SE Mini and CrimsonBuds Mini SE,Beryl Hub & Magenta Spark,Arbor Components Inc.
Orion Frame Seabird,Orion Frame,Seabird Labs Inc.
Copper Drive Vector Seabird,Copper Drive Vector,Seabird Labs Inc.
Orion Frame Saffron,Orion Frame,Saffron Industries Inc.
Cedar Core Core Meadow,Cedar Core Core,Meadow Manufacturing Inc.
Atlas Wave Dock Arbor,Atlas Wave Dock,Arbor Systems Inc.
GraphiteBuds Plus,Ember Kernel,Windmill Networks Inc.
SonicWatch Max,Ember Kernel,Windmill Networks Inc.
Graphite Fabric GoldenGate,Graphite Fabric,GoldenGate Electronics Inc.
DrivePad Pro Mini,Silver Vault,GoldenGate Electronics Inc.
Quanta Pulse Catalyst,Quanta Pulse,Catalyst Group Inc.
Quanta Pulse Lumen,Quanta Pulse,Lumen Works Inc.
CoreBook SE Mini SE,Argo Mesh,SilverLine Holdings Inc.
VegaDock Gen,Cobalt Mesh,Skyforge Labs Inc.
Indigo Core and Jade Pulse,Indigo Core & Jade Pulse,Aurora Industries Inc.
AzureBuds Air Plus and SparkDock,Indigo Core and Topaz Hub,NovaWorks Holdings Inc.
EchoWatch Max Air and SparkDock,Indigo Core + Citrine Core Dock,Aurora Industries Inc.
Crimson Core Aurora,Crimson Core,Aurora Industries Inc.
Cerulean Engine Aurora,Cerulean Engine,Aurora Industries Inc.
Azure Matrix Aurora,Azure Matrix and Terra Grid and Ruby Fabric Link,Aurora Industries Inc.
Violet Kernel Aurora,Violet Kernel,Aurora Industries Inc.
Opal Hub Aurora,Opal Hub,Aurora Industries Inc.
Cobalt Flex Aurora,Cobalt Flex,Aurora Industries Inc.
Cobalt Vault Aurora,Cobalt Vault,Aurora Industries Inc.
Citrine Core Dock Aurora,Citrine Core Dock,Aurora Industries Inc.
Luna Matrix Hub Aurora,Luna Matrix Hub,Aurora Industries Inc.
Golden Signal Engine Aurora,Golden Signal Engine,Aurora Industries Inc.
GoldenBeam Edge,Mint Edge,EchoLabs Industries Inc.
WaveWatch Pro / PhotonWatch Pro / GoldenCam Mini,Aero Link,Skylark Networks Inc.
ArgoLink Max Plus,Azure Link Module,Lighthouse Technologies Inc.
CopperKey Pro,Saffron Module and Terra Arc,Crown Holdings Inc.
IndigoBook Pro,Crimson Grid,Crown Holdings Inc.
TopazBeam Gen,Ivory Edge,Crown Holdings Inc.
SonicWatch Edge,Indigo Fabric Flex,Crown Holdings Inc.
RubyStand Max / SaffronPhone Ultra,Indigo Node,Skylark Labs Inc.
Lime Frame BrightWave,Lime Frame,BrightWave Manufacturing Inc.
EchoWatch Max Air and SparkDock / LumenDrive Ultra Ultra / PulseCam Plus SE,Indigo Core + Citrine Core Dock,Aurora Industries Inc.
SilverCharge Pro Ultra,Kairo Grid Shield,EchoLabs Components Inc.
Quartz Grid DeepField,Quartz Grid,DeepField Group Inc.
Azure Node Spark Seabird,Azure Node Spark,Seabird Works Inc.
Coral Core Arbor,Coral Core,Arbor Industries Inc.
Atlas Sense Arbor,Atlas Sense,Arbor Industries Inc.
Vega Beam Arbor,Vega Beam,Arbor Industries Inc.
Umber Kernel Hub Arbor,Umber Kernel Hub,Arbor Industries Inc.
Citrine Signal Node Arbor,Citrine Signal Node,Arbor Industries Inc.
Opal Matrix Mosaic,Opal Matrix,Mosaic Systems Inc.
MintSpeaker SE Plus,Orion Flow,Copperline Holdings Inc.
Umber Kernel Hub Mosaic,Umber Kernel Hub,Mosaic Systems Inc.
Pulse Dock GoldenGate,Pulse Dock,GoldenGate Technologies Inc.
Citrine Pulse Flex Copperline,Citrine Pulse Flex,Copperline Devices Inc.
Coral Core Cinder,Coral Core,Cinder Electronics Inc.
LumenDrive Ultra Ultra / LumenWatch Max Pro and SparkDock,Indigo Core; Citrine Core Dock,SilverLine Group Inc.
Indigo Kernel Riverstone,Indigo Kernel,Riverstone Labs Inc.
Nova Sense Harbor,Nova Sense,Harbor Industries Inc.
Azure Node Spark 1TB Bundle Riverstone,Azure Node Spark,Riverstone Labs Inc.
Argo Flex Atlas,Argo Flex,Atlas Manufacturing Inc.
Pearl Fabric Beam Atlas,Pearl Fabric Beam,Atlas Manufacturing Inc.
Teal Module Zenith,Teal Module,Zenith Systems Inc.
Kairo Grid Zenith,Kairo Grid,Zenith Systems Inc.
Indigo Drive Beam RedStone,Indigo Drive Beam,RedStone Technologies Inc.
Atlas Matrix Evergreen,Atlas Matrix,Evergreen Devices Inc.
KairoNode Air,Mint Matrix,BrightWave Technologies Inc.
Cobalt Flex Evergreen,Cobalt Flex,Evergreen Devices Inc.
RubyCam SE Ultra,Graphite Spark,Clearwater Electronics Inc.
AtlasDrive Lite,Silver Dock,BlueRiver Works Inc.
Argo Mesh Summit,Argo Mesh,Summit Networks Inc.
Copper Spark Summit,Copper Spark,Summit Networks Inc.
Silver Vault Summit,Silver Vault,Summit Networks Inc.
Lime Engine NovaWorks,Lime Engine,NovaWorks Group Inc.
SaffronBuds Mini,Frost Flow,BlueRiver Works Inc.
NimbusBook Ultra Pro / TealPhone Mini / AuroraKey Plus Air / QuartzCase Lite Lite,Umber Spark,Ironwood Holdings Inc.
Terra Wave Stack Windmill,Terra Wave Stack,Windmill Labs Inc.
WaveKey Pro,Luna Pulse,Lighthouse Manufacturing Inc.
EchoHub Lite Ultra,Maple Pulse Matrix,Harbor Devices Inc.
Indigo Core Mountain,Indigo Core,Mountain Components Inc.
Graphite Core Mountain,Graphite Core,Mountain Components Inc.
GraphiteStand,Ruby Core,Catalyst Systems Inc.
Teal Core Mountain,Teal Core,Mountain Components Inc.
CodaWatch Mini Mini / HarborKey Max SE,Vega Engine & Violet Module & Sol Stack & Umber Kernel & Luna Grid & Coda Dock & Sol Dock & Coda Hub & Teal Sync & Mira Spark & Citrine Flow & Echo Arc & Lyra Vault & Citrine Module Signal & Opal Stack Link & Saffron Fabric Flow & Teal Bridge Fabric & Jade Link Matrix & Golden Link Sense & Sonic Pulse Beam & Topaz Node Shield & Frost Signal Shield & Delta Signal Dock & Sable Signal Signal,Mountain Components Inc.
Violet Engine Mountain,Violet Engine,Mountain Components Inc.
Astra Module Mountain,Astra Module,Mountain Components Inc.
Azure Module Mountain,Azure Module,Mountain Components Inc.
Echo Stack Mountain,Echo Stack,Mountain Components Inc.
Silver Stack Mountain,Silver Stack,Mountain Components Inc.
AuroraPad Air,Echo Fabric,Arbor Devices Inc.
Nimbus Fabric Mountain,Nimbus Fabric,Mountain Components Inc.
Slate Fabric Mountain,Slate Fabric,Mountain Components Inc.
Cobalt Matrix Mountain,Cobalt Matrix,Mountain Components Inc.
LumenCase Air,Jade Matrix,Aurora Components Inc.
Maple Matrix Mountain,Maple Matrix,Mountain Components Inc.
CrimsonHub Gen Mini RevA,Helio Kernel,Mountain Components Inc.
IndigoHub Gen Mini,Helio Kernel; Citrine Shield,Mountain Components Inc.
CrimsonHub Gen Mini RevB,Helio Kernel and Citrine Shield,Mountain Components Inc.
CrimsonHub Gen Mini / IndigoHub Gen Mini,Helio Kernel & Citrine Shield,Mountain Components Inc.
Delta Kernel Mountain,Delta Kernel,Mountain Components Inc.
Auric Kernel Mountain,Auric Kernel,Mountain Components Inc.
AzureCase Mini Mini and RubyBook Ultra,Umber Kernel & Opal Stack Link & Auric Link Wave & Ivory Link Hub,Northwind Networks Inc.
OnyxHub Ultra Ultra and RubyBook Ultra,Umber Kernel & Luna Grid & Opal Stack Link & Auric Link Wave & Ivory Link Hub,Mountain Components Inc.
WaveDock Plus,Silver Kernel,Riverstone Electronics Inc.
Luna Bridge Mountain,Luna Bridge,Mountain Components Inc.
Atlas Bridge Mountain,Atlas Bridge,Mountain Components Inc.
KairoPhone Pro,Indigo Bridge,Mountain Components Inc.
Vega Link Mountain,Vega Link,Mountain Components Inc.
AuroraDrive Plus Edge / NebulaDrive Plus Gen,Sonic Link,Mountain Components Inc.
PhotonHub Pro,Sol Link,Mountain Components Inc.
Frost Link Mountain,Frost Link,Mountain Components Inc.
ArgoLink Pro Max and QuantaRouter Pro,"Golden Link, Saffron Beam",Astra Technologies Inc.
Sable Link Mountain,Sable Link,Mountain Components Inc.
Teal Link Mountain,Teal Link,Mountain Components Inc.
ZenithBuds Max,Umber Pulse,Mountain Components Inc.
Sonic Wave Mountain,Sonic Wave,Mountain Components Inc.
Cobalt Wave Mountain,Cobalt Wave,Mountain Components Inc.
Auric Wave Mountain,Auric Wave,Mountain Components Inc.
Golden Wave Mountain,Golden Wave,Mountain Components Inc.
Ruby Wave Mountain,Ruby Wave,Mountain Components Inc.
Zen Node Mountain,Zen Node,Mountain Components Inc.
LumenBeam Max,Lyra Node,Mountain Components Inc.
SenseWatch Max / OnyxCase Air,Cobalt Node,Nebula Systems Inc.
Slate Node Mountain,Slate Node,Mountain Components Inc.
Ruby Node Mountain,Ruby Node,Mountain Components Inc.
SummitHub Ultra Mini,Luna Grid; Opal Stack Link,Mountain Components Inc.
CobaltHub Ultra Max and UmberStand Gen Mini,Luna Grid and Opal Stack Link and Auric Link Wave,Northwind Networks Inc.
RubyBook Ultra and UmberStand Gen Mini,Luna Grid,Northwind Networks Inc.
Nimbus Grid Mountain,Nimbus Grid,Mountain Components Inc.
IndigoHub Ultra Plus,Vega Grid + Jade Vector,Lumen Works Inc.
Kairo Grid Mountain,Kairo Grid,Mountain Components Inc.
Onyx Grid Mountain,Onyx Grid,Mountain Components Inc.
CitrineHub Ultra,Golden Grid,DeepField Devices Inc.
Golden Grid Mountain,Golden Grid,Mountain Components Inc.
Lyra Signal Mountain,Lyra Signal,Mountain Components Inc.
AuroraLink Ultra 512GB Starter Kit,Sonic Signal,Mountain Components Inc.
Topaz Shield Mountain,Topaz Shield,Mountain Components Inc.
Quartz Shield Mountain,Quartz Shield,Mountain Components Inc.
IndigoPad SE Max Ultra / CrimsonPad SE Ultra Edge,Citrine Shield & Ivory Spark,Mountain Components Inc.
Onyx Drive Mountain,Onyx Drive,Mountain Components Inc.
Astra Sense Mountain,Astra Sense,Mountain Components Inc.
Frost Sense Mountain,Frost Sense,Mountain Components Inc.
Indigo Sense Mountain,Indigo Sense,Mountain Components Inc.
SparkDock Pro Lite,Magenta Sense,Mountain Components Inc.
SummitStand Gen Ultra,"Magenta Sense, Cedar Arc, Luna Core Fabric, Sonic Pulse Beam",Astra Technologies Inc.
Vega Mesh Mountain,Vega Mesh,Mountain Components Inc.
MintRouter Gen,Coda Mesh,Mountain Components Inc.
Kairo Mesh Mountain,Kairo Mesh,Mountain Components Inc.
Jade Mesh Mountain,Jade Mesh,Mountain Components Inc.
Maple Mesh Mountain,Maple Mesh,Mountain Components Inc.
Pearl Mesh Mountain,Pearl Mesh,Mountain Components Inc.
Topaz Mesh Mountain,Topaz Mesh,Mountain Components Inc.
AzureDrive Gen,Terra Edge,Arbor Components Inc.
FlexDrive Gen,Luna Edge,Mountain Components Inc.
CobaltKey Gen,Vega Edge,Mountain Components Inc.
Kairo Edge Mountain,Kairo Edge,Mountain Components Inc.
Coral Edge Mountain,Coral Edge,Mountain Components Inc.
Jade Edge Mountain,Jade Edge,Mountain Components Inc.
IndigoPhone Lite,Copper Edge,Catalyst Systems Inc.
SolBuds Lite,Ruby Edge,Catalyst Group Inc.
CrimsonBuds Lite,Lime Edge,Harbor Devices Inc.
PhotonCam Lite,Orion Dock,Mountain Components Inc.
Argo Dock Mountain,Argo Dock,Mountain Components Inc.
CitrineCharge Lite,Maple Dock,Mountain Components Inc.
Ruby Dock Mountain,Ruby Dock,Mountain Components Inc.
DriveDrive Lite,Sable Dock,Evergreen Industries Inc.
Azure Dock Mountain,Azure Dock,Mountain Components Inc.
Slate Hub Mountain,Slate Hub,Mountain Components Inc.
EdgeDock Mini SE,Sonic Beam,BrightWave Electronics Inc.
Delta Beam Mountain,Delta Beam,Mountain Components Inc.
Magenta Beam Mountain,Magenta Beam,Mountain Components Inc.
Pearl Sync Quantum,Pearl Sync,Quantum Electronics Inc.
Opal Sync Mountain,Opal Sync,Mountain Components Inc.
Sonic Flex Mountain,Sonic Flex,Mountain Components Inc.
Argo Flex Mountain,Argo Flex,Mountain Components Inc.
Jade Flex Mountain,Jade Flex,Mountain Components Inc.
Coda Spark Mountain,Coda Spark,Mountain Components Inc.
Sierra Spark Mountain,Sierra Spark,Mountain Components Inc.
Cedar Spark Mountain,Cedar Spark,Mountain Components Inc.
Golden Spark Mountain,Golden Spark,Mountain Components Inc.
JadeHub SE Gen,Cerulean Spark,Quantum Networks Inc.
Cinder Flow Mountain,Cinder Flow,Mountain Components Inc.
AtlasBuds Plus Max 512GB Refurbished,"Magenta Flow, Opal Stack Link, Jade Link Matrix, Auric Link Wave, Silver Link Drive",Mountain Components Inc.
KairoBuds Plus Ultra 64GB Bundle,Magenta Flow & Opal Stack Link & Jade Link Matrix & Auric Link Wave & Silver Link Drive,Mountain Components Inc.
SignalNode SE Ultra,Echo Arc,Astra Networks Inc.
FlexNode SE Gen 256GB Bundle,Echo Arc,Mountain Components Inc.
HelioPhone Air Air,Pulse Arc,Lumen Works Inc.
Quanta Arc Mountain,Quanta Arc,Mountain Components Inc.
ZenithCam Ultra Mini,Ruby Arc,Mountain Components Inc.
NimbusCam Ultra Mini,Ruby Arc,Mountain Components Inc.
Helio Vault Mountain,Helio Vault,Mountain Components Inc.
Mira Vault Mountain,Mira Vault,Mountain Components Inc.
SaffronSpeaker Air Gen,Atlas Vault,Copperline Components Inc.
Cedar Vault Mountain,Cedar Vault,Mountain Components Inc.
DriveSpeaker Air Gen,Auric Vault,Copperline Holdings Inc.
OrionCharge Air Plus,Saffron Vault,Mountain Components Inc.
LyraLink Air Plus,Slate Vault,Copperline Industries Inc.
SaffronDrive Air Pro,Quartz Vault,Clearwater Labs Inc.
Aero Vector Mountain,Aero Vector,Mountain Components Inc.
TerraStand Air Plus,Mira Vector,Copperline Industries Inc.
Nimbus Frame Mountain,Nimbus Frame,Mountain Components Inc.
Silver Frame Mountain,Silver Frame,Mountain Components Inc.
Umbral Frame Mountain,Umbral Frame,Mountain Components Inc.
Cedar Layer Mountain,Cedar Layer,Mountain Components Inc.
SparkWatch Pro Air,Quartz Layer,Mountain Components Inc.
SenseSpeaker Pro Max Ultra,Frost Core Sync,Catalyst Industries Inc.
PulseCase Pro Lite,Umber Core Bridge,Copperline Systems Inc.
Silver Core Link Mountain,Silver Core Link,Mountain Components Inc.
Lime Core Flex Mountain,Lime Core Flex,Mountain Components Inc.
Azure Core Arc Mountain,Azure Core Arc,Mountain Components Inc.
RubyCam Max Lite,Nimbus Engine Matrix,Arbor Devices Inc.
Delta Engine Spark Mountain,Delta Engine Spark,Mountain Components Inc.
SolWatch Lite SE,Quartz Engine Drive,Nebula Systems Inc.
JadeLink Max Gen,Helio Module Vector,BrightWave Electronics Inc.
DriveCharge Plus SE,Coda Module Wave,Mountain Components Inc.
VectorDrive Max Mini 256GB Refurbished,Coda Module Wave,Mountain Components Inc.
Sable Module Drive Mountain,Sable Module Drive,Mountain Components Inc.
QuantaPad Ultra Max and SenseBeam Lite Pro,"Astra Stack Frame, Cedar Wave Engine",Astra Electronics Inc.
AuroraCam Ultra Plus,Silver Stack Layer,BlueRiver Manufacturing Inc.
Opal Stack Link MountainKO RevA,Opal Stack Link,Mountain Components Inc.
Opal Stack Link MountainKO RevB,Opal Stack Link + Auric Link Wave,Mountain Components Inc.
Indigo Fabric Flex Mountain,Indigo Fabric Flex,Mountain Components Inc.
TealHub Ultra,Copper Fabric Layer,Mountain Components Inc.
CitrineDrive Ultra Pro,Ivory Fabric Engine,ElectroPulse Devices Inc.
Beryl Fabric Stack Mountain,Beryl Fabric Stack,Mountain Components Inc.
Mint Fabric Grid Mountain,Mint Fabric Grid,Mountain Components Inc.
Quartz Matrix Stack Mountain,Quartz Matrix Stack,Mountain Components Inc.
Orion Kernel Arc Mountain,Orion Kernel Arc,Mountain Components Inc.
CopperStand Edge Edge,Sierra Matrix Node,Copperline Systems Inc.
SonicHub Plus Mini,Ruby Kernel Module,Mountain Components Inc.
Jade Link Matrix Mountain,Jade Link Matrix,Mountain Components Inc.
Pearl Link Pulse Mountain,Pearl Link Pulse,Mountain Components Inc.
SonicBook Air,Auric Link Wave,Lumen Works Inc.
Auric Link Wave Mountain,Auric Link Wave,Mountain Components Inc.
Ruby Link Vault Mountain,Ruby Link Vault and Quanta Grid and Crimson Module and Cobalt Vector and Onyx Vector,Mountain Components Inc.
Cedar Pulse Fabric Mountain,Cedar Pulse Fabric,Mountain Components Inc.
Ruby Pulse Spark Mountain,Ruby Pulse Spark,Mountain Components Inc.
Lyra Node Grid Mountain,Lyra Node Grid,Mountain Components Inc.
NovaWatch Air Plus Pro,Golden Node Bridge,Meadow Works Inc.
Sable Node Dock Mountain,Sable Node Dock,Mountain Components Inc.
SyncRouter SE Air Plus,Argo Grid Sense,Cinder Manufacturing Inc.
CobaltNode Gen Lite Mini,Frost Grid Mesh,Nebula Systems Inc.
Pearl Grid Vector Mountain,Pearl Grid Vector,Mountain Components Inc.
Slate Grid Pulse Mountain,Slate Grid Pulse,Mountain Components Inc.
DriveKey Pro Ultra,Copper Signal Stack,Nebula Systems Inc.
Lime Signal Drive Mountain,Lime Signal Drive,Mountain Components Inc.
Aero Shield Beam Mountain,Aero Shield Beam,Mountain Components Inc.
Quanta Shield Core Mountain,Quanta Shield Core,Mountain Components Inc.
Frost Shield Node Quantum,Frost Shield Node,Quantum Electronics Inc.
Umber Shield Vault Mountain,Umber Shield Vault,Mountain Components Inc.
AstraWatch Lite Ultra,Echo Drive Flex,Atlas Technologies Inc.
Maple Drive Edge Mountain,Maple Drive Edge,Mountain Components Inc.
TerraStand Lite Mini,Sonic Pulse Beam,Astra Technologies Inc.
RubyBook Ultra and UmberStand Gen Mini,Luna Grid,Northwind Networks Inc.
Auric Link Wave Skylark,Auric Link Wave,Skylark Works Inc.
Azure Module Sunpeak,Azure Module,Sunpeak Holdings Inc.
QuantaPad Ultra Max and SenseBeam Lite Pro,Astra Stack Frame and Cedar Wave Engine,Astra Electronics Inc.
QuantaPad Ultra Max and SenseBeam Lite Pro,Astra Stack Frame; Cedar Wave Engine,Astra Electronics Inc.
QuantaPad Ultra Max and SenseBeam Lite Pro,Astra Stack Frame and Cedar Wave Engine,Astra Electronics Inc.
RubyCam SE Ultra,Graphite Spark,Clearwater Electronics Inc.
Ruby Shield Pulse EchoLabs,Ruby Shield Pulse,EchoLabs Devices Inc.
RubyBook Ultra,Luna Grid,Northwind Networks Inc.
Umber Drive Spark DeepField,Umber Drive Spark,DeepField Components Inc.
Orion Vector Seabird,Orion Vector,Seabird Networks Inc.
Indigo Node Saffron,Indigo Node,Saffron Group Inc.
AuroraCam Ultra Plus,Silver Stack Layer,BlueRiver Manufacturing Inc.
NebulaSpeaker Edge / CobaltSpeaker Edge,Sol Drive,Arbor Holdings Inc.
Violet Arc Orion,Violet Arc,Orion Labs Inc.
AstraBook Plus Ultra,Graphite Vector,BrightWave Electronics Inc.
EdgeWatch Plus Edge,Azure Vector,Meadow Technologies Inc.
Azure Dock Copperline,Azure Dock,Copperline Systems Inc.
CopperStand Edge Edge,Sierra Matrix Node,Copperline Systems Inc.
CatalystNode Plus,Coral Bridge,Aurora Group Inc.
Sol Wave Catalyst,Sol Wave,Catalyst Devices Inc.
Umber Drive Spark Lumen,Umber Drive Spark,Lumen Electronics Inc.
QuantaPad Ultra Max and SenseBeam Lite Pro,Astra Stack Frame; Cedar Wave Engine,Astra Electronics Inc.
QuantaPad Ultra Max and SenseBeam Lite Pro,Astra Stack Frame and Cedar Wave Engine,Astra Electronics Inc.
CatalystNode Plus,Coral Bridge,Aurora Group Inc.
AuroraCam Ultra Plus,Silver Stack Layer,BlueRiver Manufacturing Inc.
Ivory Edge Harbor,Ivory Edge,Harbor Holdings Inc.
Aero Shield Beam Atlas,Aero Shield Beam,Atlas Labs Inc.
Aero Shield Beam Zenith,Aero Shield Beam,Zenith Industries Inc.
Indigo Vector RedStone,Indigo Vector,RedStone Manufacturing Inc.
OrionKey Plus 256GB Bundle,Umber Kernel & Magenta Flow & Opal Stack Link & Auric Link Wave,Evergreen Systems Inc.
OpalBeam Max,Umber Kernel and Luna Grid and Magenta Flow and Auric Link Wave and Ivory Link Hub,Highland Devices Inc.
OpalBeam Max,Umber Kernel + Luna Grid + Magenta Flow + Auric Link Wave + Ivory Link Hub,Highland Devices Inc.
OpalBeam Max,Umber Kernel & Luna Grid & Magenta Flow & Auric Link Wave & Ivory Link Hub,Highland Devices Inc.
CrimsonRouter Mini Ultra Edge,Ruby Sync,BlueRiver Networks Inc.
OpalBeam Max,"Umber Kernel, Luna Grid, Magenta Flow, Auric Link Wave, Ivory Link Hub",Highland Devices Inc.
AzureDock Mini Air Plus,Auric Pulse Bridge,BlueRiver Technologies Inc.
Auric Link Wave Windmill,Auric Link Wave,Windmill Works Inc.
AzureDock Mini Air Plus,Auric Pulse Bridge,BlueRiver Technologies Inc.
Auric Link Wave Lighthouse,Auric Link Wave,Lighthouse Labs Inc.
Beryl Stack Kernel Nebula,Beryl Stack Kernel,Nebula Industries Inc.
Atlas Layer Pinecone,Atlas Layer,Pinecone Systems Inc.
Atlas Layer Quantum,Atlas Layer,Quantum Technologies Inc.
Atlas Layer Mountain,Atlas Layer,Mountain Devices Inc.
Atlas Layer Glacier,Atlas Layer,Glacier Electronics Inc.
SignalDock Max,Pulse Signal Engine,BrightWave Works Inc.
SignalDock Max,Pulse Signal Engine,BrightWave Works Inc.
SenseWatch Ultra / SenseStand,Lime Core,EchoLabs Systems Inc.
SenseWatch Ultra,Lime Core,EchoLabs Systems Inc.
NovaHub Edge,Lime Core and Cerulean Fabric,Arbor Group Inc.
SolDock Edge,Cerulean Fabric,EchoLabs Systems Inc.
HarborNode Pro Max Ultra Edge,"Cerulean Fabric, Teal Grid Hub",EchoLabs Systems Inc.
VectorCase Air Ultra,Topaz Matrix,Stonebridge Industries Inc.
BridgeCase Pro,Quanta Pulse,EchoLabs Systems Inc.
RubyPhone Ultra,Crimson Node,EchoLabs Systems Inc.
MiraDrive Pro Ultra,Mira Signal,EchoLabs Systems Inc.
EchoCase Gen Lite Mini,Argo Mesh; Lime Hub; Teal Grid Hub,EchoLabs Systems Inc.
AstraPhone Lite Pro,Quanta Flex,EchoLabs Systems Inc.
MiraLink Plus Air,Saffron Frame,Stonebridge Industries Inc.
NimbusBuds Mini,Luna Signal Vault,EchoLabs Systems Inc.
RubyPhone Ultra / OpalPhone Ultra,Crimson Node,EchoLabs Systems Inc.
SummitBeam Ultra,Umber Matrix,DeepField Devices Inc.
SolDock Edge,Cerulean Fabric,EchoLabs Systems Inc.
HarborNode Pro Max Ultra Edge,Cerulean Fabric and Teal Grid Hub,EchoLabs Systems Inc.
EchoHub Edge / SenseStand and QuantaRouter Air,"Lime Core, Cerulean Fabric",Nightfall Labs Inc.
MiraDrive Pro Ultra / NebulaLink Ultra,Mira Signal,EchoLabs Systems Inc.
ArgoDock Mini Mini SE / CatalystDock Plus / BridgeDock Plus,Indigo Kernel,Meadow Networks Inc.
NovaHub Edge / SenseStand and QuantaRouter Air,Lime Core + Cerulean Fabric,Arbor Group Inc.
NebulaDrive Pro Ultra,Beryl Vault,Cinder Manufacturing Inc.
"CrimsonNode Plus Mini / UmberNode Plus Mini / NovaKey Pro Air, OrionLink SE and OrionWatch Plus / AstraKey Pro Pro",Argo Stack & Sierra Kernel & Jade Core Frame,Catalyst Systems Inc.
KairoBook Gen / AtlasBook Gen,Pearl Sense,Lumen Technologies Inc.
SignalNode Mini,Umber Vector,Lighthouse Labs Inc.
CodaLink Gen,Umber Mesh,Clearwater Manufacturing Inc.
PhotonDrive Pro,Jade Edge,Riverstone Networks Inc.
CopperSpeaker Pro Mini,Crimson Sync,Clearwater Manufacturing Inc.
SignalCam Edge Mini,Golden Matrix Flow,EchoLabs Systems Inc.
CobaltBook Pro,Sierra Mesh,Clearwater Manufacturing Inc.
CodaLink Gen,Umber Mesh,Clearwater Manufacturing Inc.
SilverSpeaker Pro Mini,Sierra Edge,Clearwater Manufacturing Inc.
EchoDrive Pro Gen,Frost Hub + Jade Module Flex,Clearwater Manufacturing Inc.
HelioCase Mini Air Plus,Pearl Sync,Clearwater Manufacturing Inc.
CopperSpeaker Pro Mini,Crimson Sync,Clearwater Manufacturing Inc.
PulseStand Mini SE Air,Golden Mesh,Atlas Works Inc.
Umbral Vault Quantum,Umbral Vault,Quantum Manufacturing Inc.
CatalystWatch Edge,Delta Bridge Kernel,Ironwood Group Inc.
AtlasWatch Mini,Frost Engine,Ironwood Group Inc.
WaveStand Plus / VegaStand,Quartz Engine,Glacier Technologies Inc.
SolNode Lite Air,Sierra Stack,Ironwood Group Inc.
SummitNode Lite Max,"Sierra Stack, Cerulean Hub",Glacier Technologies Inc.
VegaPad SE Max Ultra,Mira Fabric,Ironwood Group Inc.
CrownNode SE,Pulse Matrix,Ironwood Group Inc.
SenseDock Max,Sierra Pulse,Ironwood Group Inc.
OnyxPhone Ultra Plus,Lyra Wave,Ironwood Group Inc.
MintCase Ultra SE,Astra Signal,Glacier Technologies Inc.
QuantaStand Lite,Cinder Shield,Windmill Works Inc.
GlacierNode Edge SE,Cerulean Shield,Ironwood Group Inc.
LyraBeam Lite Gen,Sonic Drive,Summit Labs Inc.
SaffronBuds Mini Lite Mini,Ember Sense,Ironwood Group Inc.
OrionWatch Max,Quanta Dock,Ironwood Group Inc.
QuartzWatch Pro Plus,Cerulean Hub + Slate Layer,Glacier Technologies Inc.
CopperCase Max Max,Umber Module Engine and Topaz Grid Node,Ironwood Group Inc.
SlateKey Edge Pro,Cerulean Hub; Saffron Kernel Dock,Glacier Technologies Inc.
FlexBeam Lite,Cerulean Hub & Topaz Grid Node,Glacier Technologies Inc.
CrimsonPhone Mini Air,Citrine Beam,Ironwood Group Inc.
FlexDrive SE Mini,Saffron Vector,Ironwood Group Inc.
VectorPad Pro,Topaz Vector,Ironwood Group Inc.
GlacierPad Lite,Cerulean Layer,Glacier Technologies Inc.
OpalWatch Pro Air,Slate Layer,Ironwood Group Inc.
ArgoPad SE Ultra Edge / SonicPad SE Edge Gen,Orion Core Signal,Seabird Manufacturing Inc.
PhotonCase Lite SE,Onyx Core Layer,Ironwood Group Inc.
CitrineKey Max SE,Umber Module Engine,Ironwood Group Inc.
SilverSpeaker Edge,Pulse Stack Core,Ironwood Group Inc.
GraphiteWatch Ultra SE,Onyx Stack Beam,Ironwood Group Inc.
ArgoDrive SE Ultra,Frost Matrix Bridge,Seabird Manufacturing Inc.
VegaLink Lite Max,Frost Matrix Bridge,Glacier Technologies Inc.
AzureStand Edge,Jade Kernel Node,Ironwood Group Inc.
PearlKey Edge Plus,Saffron Kernel Dock,Glacier Technologies Inc.
SignalPad Pro Plus 512GB Bundle / SignalPad Pro Plus 1TB Refurbished / SignalPad Pro Plus 256GB Refurbished,Echo Pulse Wave,Glacier Technologies Inc.
CatalystCase,Frost Grid Mesh,Glacier Technologies Inc.
CatalystCase / VectorCase,Frost Grid Mesh,Glacier Technologies Inc.
BridgeBeam Lite,Topaz Grid Node,Ironwood Group Inc.
SonicWatch Mini Max,Quartz Grid Signal,Ironwood Group Inc.
HarborWatch SE Mini SE,Atlas Shield Bridge,Ironwood Group Inc.
OrionSpeaker Edge,Copper Shield Core,Ironwood Group Inc.
SilverSpeaker Edge,Pulse Stack Core,Ironwood Group Inc.
HarborPad Lite,Magenta Stack Dock,Lumen Labs Inc.
Umbral Dock Sunpeak,Umbral Dock,Sunpeak Components Inc.
Atlas Layer BrightWave,Atlas Layer,BrightWave Networks Inc.
Atlas Layer Starlight,Atlas Layer,Starlight Group Inc.
Atlas Layer Nightfall,Atlas Layer,Nightfall Works Inc.
Sol Layer StonebridgLS,Sol Layer,Stonebridge Holdings Inc.
Sol Layer Photon,Sol Layer,Photon Labs Inc.
Sol Layer EchoLabs,Sol Layer,EchoLabs Industries Inc.
CrownHub Edge,Slate Shield,Arbor Components Inc.
CobaltDrive Gen Pro / ZenithBeam Mini / CodaDrive SE / NovaBook SE Air Plus / SaffronDrive Gen Plus / OpalDrive Mini Plus / IndigoLink Max / EchoSpeaker Lite,Orion Node Node,Copperline Holdings Inc.
CobaltDrive Gen Pro / ZenithBeam Mini / CodaDrive SE / NovaBook SE Air Plus / LumenRouter Edge / SaffronDrive Gen Plus / OpalDrive Mini Plus / DriveLink Max / IndigoLink Max / EchoSpeaker Lite,Orion Node Node,Copperline Holdings Inc.
CobaltDrive Gen Pro / ZenithBeam Mini / CodaDrive SE / NovaBook SE Air Plus / LumenRouter Edge / SaffronDrive Gen Plus / OpalDrive Mini Plus / DriveLink Max / IndigoLink Max / EchoSpeaker Lite / SyncLink Max,Orion Node Node,Copperline Holdings Inc.
CobaltDrive Gen Pro / ZenithBeam Mini / CodaDrive SE / NovaBook SE Air Plus / LumenRouter Edge / SaffronDrive Gen Plus / OpalDrive Mini Plus / DriveLink Max / IndigoLink Max / SparkBeam Mini Max Ultra / EchoSpeaker Lite / SyncLink Max,Orion Node Node,Copperline Holdings Inc.
CobaltDrive Gen Pro / ZenithBeam Mini / CodaDrive SE / NovaBook SE Air Plus / LumenRouter Edge / SaffronDrive Gen Plus / OpalDrive Mini Plus / IndigoLink Max / EchoSpeaker Lite,Orion Node Node,Copperline Holdings Inc.
CobaltDrive Gen Pro / ZenithBeam Mini / CodaDrive SE / NovaBook SE Air Plus / LumenRouter Edge / SaffronDrive Gen Plus / OpalDrive Mini Plus / IndigoLink Max / EchoSpeaker Lite,Orion Node Node,Copperline Holdings Inc.
CobaltDrive Gen Pro / ZenithBeam Mini / CodaDrive SE / NovaBook SE Air Plus / LumenRouter Edge / SaffronDrive Gen Plus / DriveLink Max / IndigoLink Max / NimbusBeam Mini / SparkBeam Mini Max Ultra / EchoSpeaker Lite / SyncLink Max,Orion Node Node,Copperline Holdings Inc.
CobaltDrive Gen Pro / ZenithBeam Mini / CodaDrive SE / NovaBook SE Air Plus / LumenRouter Edge / SaffronDrive Gen Plus / OpalDrive Mini Plus / DriveLink Max / IndigoLink Max / NimbusBeam Mini / SparkBeam Mini Max Ultra / EchoSpeaker Lite / SyncLink Max,Orion Node Node,Copperline Holdings Inc.
CobaltDrive Gen Pro / ZenithBeam Mini / CodaDrive SE / NovaBook SE Air Plus / LumenRouter Edge / SaffronDrive Gen Plus / OpalDrive Mini Plus / DriveLink Max / IndigoLink Max / NimbusBeam Mini / SparkBeam Mini Max Ultra / EchoSpeaker Lite / SyncLink Max,Orion Node Node,Copperline Holdings Inc.
CobaltDrive Gen Pro / ZenithBeam Mini / CodaDrive SE / NovaBook SE Air Plus / LumenRouter Edge / SaffronDrive Gen Plus / OpalDrive Mini Plus / DriveLink Max / IndigoLink Max / NimbusBeam Mini / SparkBeam Mini Max Ultra / EchoSpeaker Lite / SyncLink Max,Orion Node Node,Copperline Holdings Inc.
GoldenCase Edge Plus,Graphite Kernel Flex,Atlas Networks Inc.
Mira Vault RedStone,Mira Vault,RedStone Works Inc.
Terra Pulse Clearwater,Terra Pulse,Clearwater Labs Inc.
Pulse Signal and Azure Node Spark,Pulse Signal and Azure Node Spark,Nebula Group Inc.
Opal Stack Link Highland,Opal Stack Link,Highland Industries Inc.
Terra Pulse NovaWorks,Terra Pulse,NovaWorks Systems Inc.
"SenseBook Plus, SparkDock and OrionWatch Plus",Indigo Core and Lyra Kernel and Sierra Kernel,BlueRiver Technologies Inc.
AzureBuds Air Plus and SparkDock,Indigo Core; Topaz Hub,NovaWorks Holdings Inc.
Terra Bridge BlueRiver,Terra Bridge,BlueRiver Technologies Inc.
BeamBook Air Plus / AzureBuds Air Plus and VegaBook Pro Max,Atlas Hub & Topaz Hub,BlueRiver Technologies Inc.
Citrine Arc BlueRiver,Citrine Arc,BlueRiver Technologies Inc.
Citrine Core Dock BlueRiver,Citrine Core Dock,BlueRiver Technologies Inc.
QuantaDrive Ultra Max and CrimsonCase Max Mini,Terra Grid & Umber Fabric Arc,EchoLabs Systems Inc.
Terra Bridge Ironwood,Terra Bridge,Ironwood Devices Inc.
DriveSpeaker Air Gen,Auric Vault,Copperline Holdings Inc.
DriveNode Edge,Pulse Engine,Mosaic Components Inc.
CopperRouter Plus / KairoPad SE Lite,Ember Engine,Nebula Group Inc.
CopperDrive SE SE,Cobalt Engine,Nebula Group Inc.
HarborKey Plus Max,Opal Stack,Nebula Group Inc.
CrownKey Plus Ultra,Opal Stack,Nebula Group Inc.
HarborCase Lite,Vega Signal,Nebula Group Inc.
KairoBook Pro,Zen Shield,Mosaic Components Inc.
SilverNode Ultra Mini,Aero Mesh,Nebula Group Inc.
GlacierBook Pro,Crimson Beam,Mosaic Components Inc.
SonicWatch Mini,Ivory Flex,Mosaic Components Inc.
OpalPhone SE Ultra Edge,Helio Core Stack,Mosaic Components Inc.
NovaNode Mini SE Air,Sol Kernel Module,Mosaic Components Inc.
FlexCase SE,Coda Node Shield,Aurora Systems Inc.
OnyxHub Lite Mini SE Air,Opal Node Drive,Mosaic Components Inc.
SlateCharge Plus,Terra Shield Sync,Mosaic Components Inc.
AstraBuds Pro / LumenBuds Pro 512GB Refurbished,Aero Link,Glacier Manufacturing Inc.
AstraBuds Pro / LumenBuds Pro 512GB Refurbished / LumenBuds Pro,Aero Link,Glacier Manufacturing Inc.
AstraBuds Pro / LumenBuds Pro,Aero Link,Glacier Manufacturing Inc.
"SignalStand Mini / PhotonStand Mini / SenseSpeaker SE Mini / SignalStand Mini, EchoPhone 256GB Refurbished/ArgoWatch 1TB Starter Kit / ArgoNode Mini Max Ultra / SenseHub Gen",Sol Flow,Astra Networks Inc.
Atlas Core Edge Skylark,Atlas Core Edge,Skylark Technologies Inc.
AuroraPad Gen Gen,Auric Beam,Arbor Devices Inc.
AuroraBook SE Ultra,Umbral Engine,SilverLine Industries Inc.
BeamStand Plus Pro Max,Coral Shield and Nova Node Stack,Cinder Works Inc.
CoreKey Lite,"Azure Flex, Magenta Link Fabric",Cinder Works Inc.
BeamRouter SE SE,Golden Bridge Dock,SilverLine Industries Inc.
AuroraBook SE Ultra,Umbral Engine,SilverLine Industries Inc.
IndigoLink Air,"Mira Matrix, Coral Shield, Helio Node Engine",Cinder Works Inc.
SaffronNode Edge Gen Lite,Coral Pulse,Cinder Works Inc.
SilverBuds Lite,Sol Shield & Coral Pulse & Coral Shield & Helio Node Engine,Cinder Works Inc.
RubyCam Lite SE,Sol Shield; Coral Pulse; Coral Shield; Nova Node Stack,Cinder Works Inc.
CrownBuds Edge,Coral Shield,Cinder Works Inc.
LumenCam Pro SE,Coral Shield + Sonic Kernel Layer + Helio Node Engine,Cinder Works Inc.
TopazWatch Max,Coral Shield & Atlas Kernel Core & Echo Node Fabric,Skyforge Manufacturing Inc.
SilverNode Max,Coral Shield + Helio Node Engine,Cinder Works Inc.
GlacierSpeaker SE Lite Mini,Coral Beam,Cinder Works Inc.
OnyxCharge Lite Air,Helio Spark,Catalyst Holdings Inc.
PearlBook SE Pro Max,Luna Spark,Skyforge Manufacturing Inc.
GlacierDock Mini Mini SE,Topaz Matrix Engine,Cinder Works Inc.
GlacierStand Max Ultra Edge,Vega Bridge Sync,Cinder Works Inc.
CopperPhone Lite SE,Magenta Link Fabric,Cinder Works Inc.
FlexCam Edge,Magenta Link Fabric & Sonic Shield Kernel,Cinder Works Inc.
NimbusBeam Mini SE Air,Magenta Link Fabric + Sonic Shield Kernel,Cinder Works Inc.
CopperDock Mini Ultra Edge,Helio Node Engine,Cinder Works Inc.
CitrineKey Mini Mini SE,Nova Node Stack,Cinder Works Inc.
FlexCam Edge / SenseStand Gen Mini and UmberDock Mini SE Air,Magenta Link Fabric; Sonic Shield Kernel,Cinder Works Inc.
Quanta Engine Riverstone,Quanta Engine,Riverstone Technologies Inc.
Indigo Core Harbor,Indigo Core,Harbor Devices Inc.
LyraRouter,Saffron Core,Harbor Devices Inc.
Atlas Engine Harbor,Atlas Engine,Harbor Devices Inc.
Astra Module Harbor,Astra Module,Harbor Devices Inc.
Indigo Module Harbor,Indigo Module,Harbor Devices Inc.
Azure Module Harbor,Azure Module,Harbor Devices Inc.
Atlas Matrix Harbor,Atlas Matrix,Harbor Devices Inc.
Beryl Kernel Harbor,Beryl Kernel,Harbor Devices Inc.
Sol Link Harbor,Sol Link,Harbor Devices Inc.
Frost Link Harbor,Frost Link,Harbor Devices Inc.
Zen Node Harbor,Zen Node,Harbor Devices Inc.
Lyra Node Harbor,Lyra Node,Harbor Devices Inc.
Cobalt Grid Harbor,Cobalt Grid,Harbor Devices Inc.
Pulse Signal and Azure Node Spark,Pulse Signal and Azure Node Spark,Nebula Group Inc.
Copper Signal Harbor,Copper Signal,Harbor Devices Inc.
Topaz Shield Harbor,Topaz Shield,Harbor Devices Inc.
Coral Drive Harbor,Coral Drive,Harbor Devices Inc.
Onyx Drive Harbor,Onyx Drive,Harbor Devices Inc.
Indigo Drive Harbor,Indigo Drive,Harbor Devices Inc.
Ruby Edge Harbor,Ruby Edge,Harbor Devices Inc.
Azure Dock Harbor,Azure Dock,Harbor Devices Inc.
Citrine Flex 1TB Bundle Harbor,Citrine Flex,Harbor Devices Inc.
Coda Spark Harbor,Coda Spark,Harbor Devices Inc.
Cedar Spark Harbor,Cedar Spark,Harbor Devices Inc.
Helio Vault Harbor,Helio Vault,Harbor Devices Inc.
Quartz Layer Harbor,Quartz Layer,Harbor Devices Inc.
Silver Core Link Harbor,Silver Core Link,Harbor Devices Inc.
Sable Module Drive Harbor,Sable Module Drive,Harbor Devices Inc.
Silver Matrix Spark Harbor,Silver Matrix Spark,Harbor Devices Inc.
GraphiteCam Gen Plus,Slate Bridge Spark,Cinder Electronics Inc.
Golden Node Bridge Harbor,Golden Node Bridge,Harbor Devices Inc.
SyncRouter SE Air Plus,Argo Grid Sense,Cinder Manufacturing Inc.
Umber Drive Spark Harbor,Umber Drive Spark,Harbor Devices Inc.
Coda Drive Atlas,Coda Drive,Atlas Electronics Inc.
Ruby Kernel Module RedStone,Ruby Kernel Module,RedStone Networks Inc.
Sol Grid Drive Evergreen,Sol Grid Drive,Evergreen Group Inc.
Luna Bridge Clearwater,Luna Bridge,Clearwater Works Inc.
Vega Signal Highland,Vega Signal,Highland Holdings Inc.
CodaCam SE Pro,Pearl Spark,Copperline Industries Inc.
Sable Module Drive Summit,Sable Module Drive,Summit Labs Inc.
Luna Fabric NovaWorks,Luna Fabric,NovaWorks Industries Inc.
Pulse Signal BlueRiver,Pulse Signal,BlueRiver Manufacturing Inc.
NebulaLink Ultra,Sonic Signal,Arbor Industries Inc.
AuroraCam Ultra Plus,Silver Stack Layer,BlueRiver Manufacturing Inc.
Umber Drive Spark Ironwood,Umber Drive Spark,Ironwood Systems Inc.
SyncRouter SE Air Plus,Argo Grid Sense,Cinder Manufacturing Inc.
Orion Pulse SpringboarGH,Orion Pulse,Springboard Devices Inc.
OrionBook Plus Gen 512GB Dual‑SIM,Graphite Vector,Catalyst Systems Inc.
OnyxHub Mini,Saffron Engine,Lighthouse Electronics Inc.
Crimson Shield Nebula,Crimson Shield,Nebula Components Inc.
Crimson Shield Astra,Crimson Shield,Astra Networks Inc.
Quartz Flex Pinecone,Quartz Flex,Pinecone Group Inc.
Teal Module Dock Pinecone,Teal Module Dock,Pinecone Group Inc.
Citrine Grid Shield 64GB Refurbished Pinecone,Citrine Grid Shield,Pinecone Group Inc.
Teal Module Dock Mountain,Teal Module Dock,Mountain Holdings Inc.
Quartz Shield Glacier,Quartz Shield,Glacier Labs Inc.
Quartz Layer Glacier,Quartz Layer,Glacier Labs Inc.
Aero Shield Beam Glacier,Aero Shield Beam,Glacier Labs Inc.
Aero Shield Beam Crown,Aero Shield Beam,Crown Industries Inc.
Cedar Pulse Fabric Skylark,Cedar Pulse Fabric,Skylark Manufacturing Inc.
Ruby Node Sunpeak,Ruby Node,Sunpeak Systems Inc.
Copper Signal BrightWave,Copper Signal,BrightWave Technologies Inc.
Maple Drive Edge BrightWave,Maple Drive Edge,BrightWave Technologies Inc.
Cobalt Wave Starlight,Cobalt Wave,Starlight Devices Inc.
Slate Node Starlight,Slate Node,Starlight Devices Inc.
TopazDock Ultra,Sable Grid,Copperline Components Inc.
Lyra Signal Starlight,Lyra Signal,Starlight Devices Inc.
Sol Edge Starlight,Sol Edge,Starlight Devices Inc.
Sonic Flex Starlight,Sonic Flex,Starlight Devices Inc.
Sol Stack Node Starlight,Sol Stack Node,Starlight Devices Inc.
Onyx Fabric Edge Starlight,Onyx Fabric Edge,Starlight Devices Inc.
Quanta Grid Kernel Starlight,Quanta Grid Kernel,Starlight Devices Inc.
Luna Edge Nightfall,Luna Edge,Nightfall Electronics Inc.
Ruby Node StonebridgNW,Ruby Node,Stonebridge Components Inc.
AuroraCam Ultra Plus,Silver Stack Layer,BlueRiver Manufacturing Inc.
Vega Shield Engine EchoLabs,Vega Shield Engine,EchoLabs Group Inc.
Ruby Node Northwind,Ruby Node,Northwind Works Inc.
Topaz Shield DeepField,Topaz Shield,DeepField Holdings Inc.
Jade Flex Meadow,Jade Flex,Meadow Manufacturing Inc.
Silver Frame Arbor,Silver Frame,Arbor Systems Inc.
Jade Mesh Orion,Jade Mesh,Orion Technologies Inc.
Echo Pulse Mosaic,Echo Pulse,Mosaic Devices Inc.
RubyRouter Ultra Edge,Citrine Grid Shield,GoldenGate Electronics Inc.
SilverBuds Mini Max,Vega Beam,Aurora Components Inc.
QuantaCam Air Pro,Indigo Stack,Atlas Technologies Inc.
DriveKey Air,Cobalt Fabric,RedStone Electronics Inc.
BeamDock Air,Onyx Fabric,RedStone Electronics Inc.
PulseNode Mini Air Plus,Pulse Kernel,Atlas Technologies Inc.
NovaBuds Mini Max,Quartz Wave,Atlas Technologies Inc.
QuartzBook Mini Mini,Zen Signal,RedStone Electronics Inc.
CatalystDock Gen / LumenHub Ultra,Terra Drive & Echo Drive Flex,Atlas Technologies Inc.
SolDock SE,Cerulean Mesh,Atlas Technologies Inc.
MintKey Lite Mini SE Air,Cerulean Mesh + Maple Signal Spark + Onyx Shield Dock,RedStone Electronics Inc.
SonicCase Air,Teal Edge,Atlas Technologies Inc.
CoreCase Mini Gen,Pearl Flex,Atlas Technologies Inc.
EchoStand Mini SE,Pearl Flex,Atlas Technologies Inc.
AstraStand Mini Air,Pearl Flex,Atlas Technologies Inc.
SolPad Pro Pro,Sable Arc,RedStone Electronics Inc.
RubyCam Pro Mini,Frost Vector,Atlas Technologies Inc.
AuroraWatch SE Edge Gen,Echo Layer,RedStone Electronics Inc.
CobaltDock Gen Edge,Atlas Bridge Vector,Atlas Technologies Inc.
SolLink Gen Lite,Ruby Pulse Spark,Atlas Technologies Inc.
PearlDrive Mini Mini,Astra Wave Link,Atlas Technologies Inc.
CodaDrive Ultra Edge,Pearl Signal Flow,RedStone Electronics Inc.
OpalStand Mini,Pearl Signal Flow and Onyx Shield Dock,RedStone Electronics Inc.
MiraCam Mini Max Ultra,Beryl Signal Bridge,Atlas Technologies Inc.
QuantaHub Edge Mini,Sonic Drive Stack,Atlas Technologies Inc.
SignalRouter Mini Lite Mini / GraphiteBuds Mini,Coda Engine,Zenith Devices Inc.
AstraPhone Air Edge / SenseKey SE and SparkLink Ultra Edge,Indigo Stack; Crimson Fabric Spark,SilverLine Holdings Inc.
SlateBeam Air / TealCharge Gen and ZenithDrive Mini Lite Mini,Cerulean Mesh & Cedar Shield Hub,Zenith Devices Inc.
SparkDock Gen / CopperCharge Gen,Ivory Mesh,Zenith Devices Inc.
LyraNode / JadeCharge Gen and TerraBuds Gen Edge,Ivory Mesh & Atlas Bridge Vector,Zenith Devices Inc.
MiraNode / JadeCharge Gen and HelioBuds Gen Gen,Ivory Mesh and Atlas Bridge Vector,Zenith Devices Inc.
SolLink Gen Lite / NovaCharge Lite Edge,Ruby Pulse Spark,Atlas Technologies Inc.
Quanta Pulse Highland,Quanta Pulse,Highland Group Inc.
Mint Kernel Kernel Summit,Mint Kernel Kernel,Summit Works Inc.
Mint Kernel Kernel NovaWorks,Mint Kernel Kernel,NovaWorks Holdings Inc.
ArgoNode Pro and SonicCharge Air,Aero Matrix and Frost Pulse,Aurora Group Inc.
Topaz Drive Ironwood,Topaz Drive,Ironwood Industries Inc.
Jade Flex Ironwood,Jade Flex,Ironwood Industries Inc.
Cobalt Core Windmill,Cobalt Core,Windmill Manufacturing Inc.
Graphite Core Windmill,Graphite Core,Windmill Manufacturing Inc.
Lime Core and Cerulean Fabric,Lime Core + Cerulean Fabric,Lumen Manufacturing Inc.
Kairo Engine Windmill,Kairo Engine,Windmill Manufacturing Inc.
CobaltLink Mini and LumenDock Pro Air,Nova Core Matrix,Arbor Devices Inc.
HarborBook Ultra,Kairo Module and Frost Module and Azure Node and Violet Node,Cinder Networks Inc.
Sable Module Windmill,Sable Module,Windmill Manufacturing Inc.
QuantaLink SE and IndigoBeam Edge,Argo Stack & Ivory Grid,Windmill Manufacturing Inc.
Indigo Stack Windmill,Indigo Stack,Windmill Manufacturing Inc.
Helio Fabric Windmill,Helio Fabric,Windmill Manufacturing Inc.
Aero Matrix Windmill,Aero Matrix,Windmill Manufacturing Inc.
Sierra Matrix and Beryl Hub,Sierra Matrix and Beryl Hub,BlueRiver Networks Inc.
Orion Bridge Windmill,Orion Bridge,Windmill Manufacturing Inc.
Frost Link Windmill,Frost Link,Windmill Manufacturing Inc.
Crimson Link Windmill,Crimson Link,Windmill Manufacturing Inc.
Saffron Link Windmill,Saffron Link,Windmill Manufacturing Inc.
Astra Pulse SpringboarIC,Astra Pulse,Springboard Systems Inc.
Pulse Pulse SpringboarIC,Pulse Pulse,Springboard Systems Inc.
Quanta Pulse Windmill,Quanta Pulse,Windmill Manufacturing Inc.
Frost Pulse Windmill,Frost Pulse,Windmill Manufacturing Inc.
Indigo Pulse Windmill,Indigo Pulse,Windmill Manufacturing Inc.
Vega Node Windmill,Vega Node,Windmill Manufacturing Inc.
Saffron Node Windmill,Saffron Node,Windmill Manufacturing Inc.
Sonic Grid SpringboarIC,Sonic Grid,Springboard Systems Inc.
Maple Grid Windmill,Maple Grid,Windmill Manufacturing Inc.
Quartz Shield SpringboarIC,Quartz Shield,Springboard Systems Inc.
Maple Drive Windmill,Maple Drive,Windmill Manufacturing Inc.
Golden Drive Windmill,Golden Drive,Windmill Manufacturing Inc.
ArgoCam SE Gen and CobaltDrive Edge,Azure Drive + Umber Spark,Cinder Technologies Inc.
JadeDrive Lite 64GB Refurbished/EchoPhone 1TB Dual‑SIM,Azure Drive; Pearl Layer,Windmill Manufacturing Inc.
SaffronNode Plus Mini and CobaltDrive Edge,Azure Drive + Pearl Layer,Arbor Holdings Inc.
Sol Sense Windmill,Sol Sense,Windmill Manufacturing Inc.
Jade Sense Windmill,Jade Sense,Windmill Manufacturing Inc.
Cedar Sense Windmill,Cedar Sense,Windmill Manufacturing Inc.
SummitHub Gen,Azure Sense,GoldenGate Electronics Inc.
Argo Mesh Windmill,Argo Mesh,Windmill Manufacturing Inc.
Frost Mesh Windmill,Frost Mesh,Windmill Manufacturing Inc.
Pearl Mesh Windmill,Pearl Mesh,Windmill Manufacturing Inc.
Ivory Mesh Windmill,Ivory Mesh,Windmill Manufacturing Inc.
Sonic Edge Windmill,Sonic Edge,Windmill Manufacturing Inc.
Frost Edge Windmill,Frost Edge,Windmill Manufacturing Inc.
Slate Hub Windmill,Slate Hub,Windmill Manufacturing Inc.
Sable Hub Windmill,Sable Hub,Windmill Manufacturing Inc.
Graphite Beam Windmill,Graphite Beam,Windmill Manufacturing Inc.
Magenta Beam Windmill,Magenta Beam,Windmill Manufacturing Inc.
Pearl Flex Windmill,Pearl Flex,Windmill Manufacturing Inc.
Jade Spark Windmill,Jade Spark,Windmill Manufacturing Inc.
Terra Flow Windmill,Terra Flow,Windmill Manufacturing Inc.
Astra Vault SpringboarIC,Astra Vault,Springboard Systems Inc.
Ivory Vault Windmill,Ivory Vault,Windmill Manufacturing Inc.
Atlas Vector Windmill,Atlas Vector,Windmill Manufacturing Inc.
Coral Vector Windmill,Coral Vector,Windmill Manufacturing Inc.
Ivory Vector Windmill,Ivory Vector,Windmill Manufacturing Inc.
NebulaBuds Plus Lite / RubyPad Ultra Max,Slate Vector,Pinecone Industries Inc.
Orion Frame Windmill,Orion Frame,Windmill Manufacturing Inc.
Lyra Frame Windmill,Lyra Frame,Windmill Manufacturing Inc.
Umbral Frame Windmill,Umbral Frame,Windmill Manufacturing Inc.
Kairo Layer Windmill,Kairo Layer,Windmill Manufacturing Inc.
AtlasCase Lite,Maple Layer,Windmill Manufacturing Inc.
Maple Layer Windmill,Maple Layer,Windmill Manufacturing Inc.
Pearl Layer Windmill,Pearl Layer,Windmill Manufacturing Inc.
Silver Layer and Azure Grid Beam,Silver Layer; Azure Grid Beam,Arbor Devices Inc.
Nova Core Matrix Windmill,Nova Core Matrix,Windmill Manufacturing Inc.
Sonic Core Mesh Windmill,Sonic Core Mesh,Windmill Manufacturing Inc.
SenseSpeaker Pro Max Ultra,Frost Core Sync,Catalyst Industries Inc.
Cerulean Core Grid Windmill,Cerulean Core Grid,Windmill Manufacturing Inc.
Terra Stack Spark Windmill,Terra Stack Spark,Windmill Manufacturing Inc.
Opal Stack Link Windmill,Opal Stack Link,Windmill Manufacturing Inc.
Terra Fabric Beam Windmill,Terra Fabric Beam,Windmill Manufacturing Inc.
Auric Fabric Sync SpringboarIC,Auric Fabric Sync,Springboard Systems Inc.
Coda Matrix Engine Windmill,Coda Matrix Engine,Windmill Manufacturing Inc.
Coral Matrix Wave Windmill,Coral Matrix Wave,Windmill Manufacturing Inc.
Kairo Kernel Engine Windmill,Kairo Kernel Engine,Windmill Manufacturing Inc.
Graphite Kernel Flex Windmill,Graphite Kernel Flex,Windmill Manufacturing Inc.
LyraBeam Edge SE,Citrine Kernel Engine,Cinder Electronics Inc.
Nimbus Bridge Edge Windmill,Nimbus Bridge Edge,Windmill Manufacturing Inc.
QuartzWatch Gen Ultra,Jade Bridge Link,GoldenGate Electronics Inc.
Citrine Link Arc SpringboarIC,Citrine Link Arc,Springboard Systems Inc.
Terra Pulse Kernel Windmill,Terra Pulse Kernel,Windmill Manufacturing Inc.
Magenta Pulse Engine Windmill,Magenta Pulse Engine,Windmill Manufacturing Inc.
Lime Wave Spark Windmill,Lime Wave Spark,Windmill Manufacturing Inc.
Coda Node Shield Windmill,Coda Node Shield,Windmill Manufacturing Inc.
VectorBuds SE Air Plus,Silver Node Kernel,Astra Works Inc.
Cedar Grid Arc Windmill,Cedar Grid Arc,Windmill Manufacturing Inc.
Ivory Grid Link and Frost Shield Node,Ivory Grid Link & Frost Shield Node,Windmill Manufacturing Inc.
Teal Grid Hub Windmill,Teal Grid Hub,Windmill Manufacturing Inc.
Azure Grid Beam Windmill,Azure Grid Beam,Windmill Manufacturing Inc.
Kairo Signal Node Windmill,Kairo Signal Node,Windmill Manufacturing Inc.
Nimbus Shield Vector Windmill,Nimbus Shield Vector,Windmill Manufacturing Inc.
Frost Shield Node Windmill,Frost Shield Node,Windmill Manufacturing Inc.
Ruby Shield Pulse Windmill,Ruby Shield Pulse,Windmill Manufacturing Inc.
CrimsonDock SE Lite Mini,Silver Drive Flow,Windmill Manufacturing Inc.
Ruby Kernel Module Lighthouse,Ruby Kernel Module,Lighthouse Technologies Inc.
Pearl Link Pulse Lighthouse,Pearl Link Pulse,Lighthouse Technologies Inc.
Argo Core Beam Nebula,Argo Core Beam,Nebula Devices Inc.
Aero Kernel Astra,Aero Kernel,Astra Electronics Inc.
Quartz Shield Pinecone,Quartz Shield,Pinecone Components Inc.
Beryl Stack Kernel Pinecone,Beryl Stack Kernel,Pinecone Components Inc.
Jade Grid Mountain,Jade Grid,Mountain Group Inc.
Sol Sense and Coda Link Flex,Sol Sense + Coda Link Flex,Crown Group Inc.
Copper Spark Glacier,Copper Spark,Glacier Works Inc.
Silver Fabric Vault Glacier,Silver Fabric Vault,Glacier Works Inc.
KairoCase Pro and QuantaRouter Air,Cerulean Fabric & Pulse Pulse,Crown Holdings Inc.
Luna Link Node Crown,Luna Link Node,Crown Holdings Inc.
Indigo Pulse Sunpeak,Indigo Pulse,Sunpeak Industries Inc.
Indigo Node Sunpeak,Indigo Node,Sunpeak Industries Inc.
Silver Drive Flow BrightWave,Silver Drive Flow,BrightWave Manufacturing Inc.
Onyx Kernel Starlight,Onyx Kernel,Starlight Systems Inc.
Jade Flex Nightfall,Jade Flex,Nightfall Technologies Inc.
Aero Fabric Photon,Aero Fabric,Photon Electronics Inc.
Indigo Core Northwind,"Indigo Core, Vega Beam",Northwind Networks Inc.
Umbral Link EchoLabs,Umbral Link,EchoLabs Components Inc.
Pulse Core Pulse Northwind,Pulse Core Pulse,Northwind Networks Inc.
Pulse Core Pulse DeepField,Pulse Core Pulse,DeepField Group Inc.
AstraBuds Pro,Aero Link,Glacier Manufacturing Inc.
Pulse Core Pulse Seabird,Pulse Core Pulse,Seabird Works Inc.
IndigoCase Pro Mini,Azure Shield Drive,Glacier Manufacturing Inc.
"AuroraBook Ultra, NovaKey Mini, CrownBook Ultra and AstraKey Mini",Sol Module & Frost Module & Azure Node & Violet Node,Copperline Holdings Inc.
Pulse Signal Orion,Pulse Signal,Orion Manufacturing Inc.
Pulse Signal and Azure Node Spark,"Pulse Signal, Azure Node Spark",Nebula Group Inc.
Ivory Mesh Orion,Ivory Mesh,Orion Manufacturing Inc.
Astra Beam Orion,Astra Beam,Orion Manufacturing Inc.
Cobalt Vault Orion,Cobalt Vault,Orion Manufacturing Inc.
Sonic Core Mesh Orion,Sonic Core Mesh,Orion Manufacturing Inc.
GoldenLink SE Air,Copper Signal Stack,Aurora Industries Inc.
Pulse Core Pulse Mosaic,Pulse Core Pulse,Mosaic Systems Inc.
Ivory Mesh GoldenGate,Ivory Mesh,GoldenGate Technologies Inc.
Topaz Bridge Copperline,Topaz Bridge,Copperline Devices Inc.
Topaz Bridge Cinder,Topaz Bridge,Cinder Electronics Inc.
Citrine Engine Catalyst,Citrine Engine,Catalyst Components Inc.
"AuroraBook Ultra, NovaKey Mini, CrownBook Ultra and AstraKey Mini",Sol Module + Frost Module + Azure Node + Violet Node,Copperline Holdings Inc.
Topaz Bridge SilverLine,Topaz Bridge,SilverLine Group Inc.
GoldenBeam Lite Mini and GoldenBuds Mini,Coda Engine; Ivory Sync,Photon Networks Inc.
Copper Spark Aurora,Copper Spark,Aurora Holdings Inc.
Sable Module Riverstone,Sable Module,Riverstone Labs Inc.
Sonic Core Mesh Harbor,Sonic Core Mesh,Harbor Industries Inc.
Maple Signal Atlas,Maple Signal,Atlas Manufacturing Inc.
Zen Bridge 128GB Starter Kit RedStone,Zen Bridge,RedStone Technologies Inc.
Vega Beam Evergreen,Vega Beam,Evergreen Devices Inc.
Frost Edge Clearwater,Frost Edge,Clearwater Electronics Inc.
NovaCharge SE SE and ZenithKey Gen Mini,Cedar Grid and Sol Flow,Nightfall Technologies Inc.
Saffron Dock and Ruby Fabric Link,Saffron Dock + Ruby Fabric Link,Highland Components Inc.
Crimson Vault Highland,Crimson Vault,Highland Components Inc.
ZenithBuds Edge Edge / NimbusBuds Edge Gen,Ember Matrix Pulse,EchoLabs Systems Inc.
Opal Stack Link Summit,Opal Stack Link,Summit Networks Inc.
SignalCam Plus Edge and IndigoHub Ultra / SparkCam Plus Mini / WaveCam Plus Mini,Golden Grid; Lyra Frame,BlueRiver Works Inc.
SignalCam Plus Edge and IndigoHub Ultra / SparkCam Plus Mini / WaveCam Plus Mini,Golden Grid & Lyra Frame,BlueRiver Works Inc.
Opal Stack Link Ironwood,Opal Stack Link,Ironwood Holdings Inc.
GraphiteCam Plus Air,Lyra Frame,Arbor Holdings Inc.
Maple Pulse Glacier,Maple Pulse,Glacier Networks Inc.
Frost Edge Crown,Frost Edge,Crown Group Inc.
SenseBook Plus and SparkDock,Indigo Core; Lyra Kernel,Cinder Technologies Inc.
"SenseBook Plus, SparkDock and OrionWatch Plus",Indigo Core and Lyra Kernel and Sierra Kernel,BlueRiver Technologies Inc.
AzureBuds Air Plus and SparkDock,Indigo Core and Topaz Hub,NovaWorks Holdings Inc.
EchoWatch Max Air and SparkDock,Indigo Core & Citrine Core Dock,Aurora Industries Inc.
"AuroraBook Ultra, NovaKey Mini, CrownBook Ultra and AstraKey Mini",Sol Module; Frost Module; Azure Node; Violet Node,Copperline Holdings Inc.
"AuroraBook Ultra, SenseDrive Mini, CrownBook Ultra and AstraKey Mini",Sol Module + Frost Module + Azure Node + Violet Node,SilverLine Systems Inc.
Frost Module Skylark,Frost Module,Skylark Works Inc.
Pulse Kernel Skylark,Pulse Kernel,Skylark Works Inc.
Maple Pulse Skylark,Maple Pulse,Skylark Works Inc.
Sable Node Skylark,Sable Node,Skylark Works Inc.
Maple Drive Skylark,Maple Drive,Skylark Works Inc.
Frost Edge Skylark,Frost Edge,Skylark Works Inc.
Argo Dock 64GB Bundle Skylark,Argo Dock,Skylark Works Inc.
CrownLink SE Lite and CrimsonBuds Mini SE,Beryl Hub & Coral Flow,Arbor Devices Inc.
Sierra Spark Skylark,Sierra Spark,Skylark Works Inc.
Violet Spark Skylark,Violet Spark,Skylark Works Inc.
Coral Vault Skylark,Coral Vault,Skylark Works Inc.
Cobalt Vault Skylark,Cobalt Vault,Skylark Works Inc.
Crimson Vault Skylark,Crimson Vault,Skylark Works Inc.
Delta Engine Spark Skylark,Delta Engine Spark,Skylark Works Inc.
Pulse Module Stack Skylark,Pulse Module Stack,Skylark Works Inc.
Opal Stack Link Skylark,Opal Stack Link,Skylark Works Inc.
Kairo Matrix Fabric Skylark,Kairo Matrix Fabric,Skylark Works Inc.
Magenta Bridge Bridge Skylark,Magenta Bridge Bridge,Skylark Works Inc.
Ruby Grid Drive Skylark,Ruby Grid Drive,Skylark Works Inc.
Argo Shield Wave Skylark,Argo Shield Wave,Skylark Works Inc.
Pulse Kernel BrightWave,Pulse Kernel,BrightWave Labs Inc.
Kairo Signal Node Starlight,Kairo Signal Node,Starlight Industries Inc.
Opal Stack Link Nightfall,Opal Stack Link,Nightfall Manufacturing Inc.
Cobalt Vault Photon,Cobalt Vault,Photon Technologies Inc.
Coral Flow EchoLabs,Coral Flow,EchoLabs Devices Inc.
Astra Vault EchoLabs,Astra Vault,EchoLabs Devices Inc.
Mira Vault EchoLabs,Mira Vault,EchoLabs Devices Inc.
Opal Stack Link EchoLabs,Opal Stack Link,EchoLabs Devices Inc.
Opal Stack Link 512GB Bundle Northwind,Opal Stack Link,Northwind Electronics Inc.
CobaltDrive Mini SE Air and SparkDock,"Indigo Core, Graphite Grid Matrix",DeepField Components Inc.
Aero Vault Seabird,Aero Vault,Seabird Networks Inc.
Pearl Pulse Kernel Seabird,Pearl Pulse Kernel,Seabird Networks Inc.
AuroraPad Air / BeamHub SE Mini SE,Echo Fabric,Arbor Devices Inc.
SummitRouter SE Mini and CrimsonBuds Mini SE,Beryl Hub + Magenta Spark,Arbor Components Inc.
Sol Matrix Matrix Aurora,Sol Matrix Matrix,Aurora Group Inc.
Echo Grid and Astra Grid,"Echo Grid, Astra Grid",GoldenGate Technologies Inc.
Maple Drive Harbor,Maple Drive,Harbor Holdings Inc.
Sonic Core Mesh Harbor,Sonic Core Mesh and Pearl Link Pulse,Harbor Holdings Inc.
Opal Stack Link Harbor,Opal Stack Link,Harbor Holdings Inc.
EdgeDock SE Edge,Violet Drive,Evergreen Systems Inc.
OpalCharge Ultra,Jade Edge,Evergreen Systems Inc.
EdgeWatch Pro / CatalystSpeaker Lite / TopazKey Gen and PearlWatch Lite Mini SE Air / CitrineWatch Air / OpalDock Edge / CodaCharge Max Ultra Edge / NimbusCase Plus / BeamBook Ultra / BridgeDrive Pro / TopazSpeaker Air and AzureBook Mini Max,Aero Link,Ironwood Group Inc.
PhotonStand Mini / NovaCharge SE SE / GraphiteDock Edge / CodaCase Plus / SignalBook Ultra / BridgeWatch Air / GoldenNode Mini Air / CrownSpeaker Lite / CobaltCharge Mini SE Air / MiraRouter Edge / PhotonPhone Mini SE Air and FlexPhone Mini Edge Gen / TopazKey Gen and CobaltWatch Edge Gen Lite / GoldenSpeaker Lite / SignalStand Mini / RubySpeaker Gen Max / NebulaRouter Edge,Sol Flow,Astra Manufacturing Inc.
PhotonStand Mini / NovaCharge SE SE / GraphiteDock Edge / CodaCase Plus / SignalBook Ultra / BridgeWatch Air / GoldenNode Mini Air / CrownSpeaker Lite / CobaltCharge Mini SE Air / MiraRouter Edge / PhotonPhone Mini SE Air and FlexPhone Mini Edge Gen / TopazKey Gen and CobaltWatch Edge Gen Lite / GoldenSpeaker Lite / SignalStand Mini / RubySpeaker Gen Max / NebulaRouter Edge,Sol Flow,Astra Manufacturing Inc.
PhotonStand Mini / NovaCharge SE SE / GraphiteDock Edge / CodaCase Plus / SignalBook Ultra / BridgeWatch Air / GoldenNode Mini Air / CrownSpeaker Lite / CobaltCharge Mini SE Air / MiraRouter Edge / PearlCharge Lite Plus / PhotonPhone Mini SE Air and FlexPhone Mini Edge Gen / TopazKey Gen and CobaltWatch Edge Gen Lite / GoldenSpeaker Lite / SignalStand Mini / RubySpeaker Gen Max / NebulaRouter Edge,Sol Flow,Astra Manufacturing Inc.
PhotonStand Mini / NovaCharge SE SE / GraphiteDock Edge / CodaCase Plus / SignalBook Ultra / BridgeWatch Air / GoldenNode Mini Air / CrownSpeaker Lite / CobaltCharge Mini SE Air / MiraRouter Edge / PearlCharge Lite Plus / PhotonPhone Mini SE Air and FlexPhone Mini Edge Gen / TopazKey Gen and CobaltWatch Edge Gen Lite / GoldenSpeaker Lite / SignalStand Mini / RubySpeaker Gen Max / NebulaRouter Edge,Sol Flow,Astra Manufacturing Inc.
PhotonStand Mini / NovaCharge SE SE / GraphiteDock Edge / CodaCase Plus / SignalBook Ultra / BridgeWatch Air / GoldenNode Mini Air / CrownSpeaker Lite / CobaltCharge Mini SE Air / MiraRouter Edge / PearlCharge Lite Plus / PhotonPhone Mini SE Air and FlexPhone Mini Edge Gen / TopazKey Gen and CobaltWatch Edge Gen Lite / GoldenSpeaker Lite / SignalStand Mini / RubySpeaker Gen Max / NebulaRouter Edge,Sol Flow,Astra Manufacturing Inc.
JadeCam Mini / LumenCase Plus,Aero Link,Meadow Manufacturing Inc.
PhotonCam Mini / CitrineSpeaker Gen Pro / PearlCam Mini,Aero Link; Ruby Fabric Link,Quantum Technologies Inc.
ZenithSpeaker / TerraSpeaker / OnyxSpeaker Gen Lite / CobaltWatch Air / BeamSpeaker Mini SE Air / CodaSpeaker / NimbusSpeaker / OrionBuds Ultra / ArgoCase Lite / TopazKey Gen and AuroraWatch Mini SE Air / UmberSpeaker Lite / VegaRouter Edge / SonicCase Lite / MintDock Edge / EchoCase Plus,Frost Sense,Crown Components Inc.
ZenithSpeaker / PhotonPhone Mini SE Air and LyraPad Mini Air Plus / TerraSpeaker / OnyxSpeaker Gen Lite / CobaltWatch Air / BeamSpeaker Mini SE Air / CodaSpeaker / NimbusSpeaker / OrionBuds Ultra / ArgoCase Lite / TopazKey Gen and AuroraWatch Mini SE Air / UmberSpeaker Lite / VegaRouter Edge / SonicCase Lite / MintDock Edge / EchoCase Plus,Frost Sense,Crown Components Inc.
ZenithSpeaker / PhotonPhone Mini SE Air and LyraPad Mini Air Plus / TerraSpeaker / OnyxSpeaker Gen Lite / CobaltWatch Air / BeamSpeaker Mini SE Air / CodaSpeaker / NimbusSpeaker / OrionBuds Ultra / ArgoCase Lite / TopazKey Gen and AuroraWatch Mini SE Air / UmberSpeaker Lite / VegaRouter Edge / SonicCase Lite / MintDock Edge / EchoCase Plus,Frost Sense,Crown Components Inc.
SaffronCam Mini / JadeCam Mini,Aero Link,BrightWave Manufacturing Inc.
IndigoBuds Mini SE / CatalystDrive Ultra,Terra Beam,BrightWave Works Inc.
KairoPhone SE Plus Pro / VectorDrive Pro SE,Cobalt Core Vector,Clearwater Works Inc.
CitrineCase Ultra Max,Violet Matrix,EchoLabs Systems Inc.
CitrineCase Ultra Max,Violet Matrix,EchoLabs Systems Inc.
CitrineCase Ultra Max,Violet Matrix,EchoLabs Systems Inc.
MiraNode Ultra Mini,Coral Matrix + Silver Vault + Cobalt Node Arc,Mosaic Components Inc.
"MiraNode Ultra Mini / DriveDrive Air, TopazCharge Air Gen, and QuantaBuds Lite Mini SE Air",Coral Matrix & Silver Vault & Cobalt Node Arc,Mosaic Components Inc.
PulsePhone SE Gen Lite,Quartz Kernel,Clearwater Works Inc.
CatalystLink Mini Air,Coda Pulse,Northwind Technologies Inc.
CoreDrive Edge,Nimbus Sense,Northwind Technologies Inc.
CatalystBuds Mini Lite Mini,Ruby Signal Grid,BrightWave Works Inc.
OpalDock Gen SE,Terra Matrix Edge,BrightWave Works Inc.
PulsePhone SE Gen Lite,Quartz Kernel,Clearwater Works Inc.
CatalystBuds Mini Lite Mini,Ruby Signal Grid,BrightWave Works Inc.
Sable Module Drive Saffron,Sable Module Drive,Saffron Components Inc.
Ruby Shield Pulse Saffron,Ruby Shield Pulse,Saffron Components Inc.
Pearl Spark Meadow,Pearl Spark,Meadow Networks Inc.
Indigo Drive Arbor,Indigo Drive,Arbor Group Inc.
Beryl Link Sync Arbor,Beryl Link Sync,Arbor Group Inc.
Quartz Layer Orion,Quartz Layer,Orion Works Inc.
Nova Drive Mosaic,Nova Drive,Mosaic Holdings Inc.
CopperDrive Lite 128GB Starter Kit / OrionWatch Lite / AzurePad Edge 256GB Refurbished / CobaltKey Air Mini / VectorPad Lite Air / WaveCam Edge Plus / QuantaKey Mini SE Air 512GB Starter Kit / AuroraStand Max 64GB Dual‑SIM / CrimsonSpeaker Plus Pro Max / GraphiteStand Air 512GB Bundle / PhotonStand Air / SonicDrive Edge / SilverHub Edge Lite / PulseKey Mini Mini SE 64GB Refurbished / EchoHub Edge Mini / SenseCam Edge Gen / AstraWatch Pro Max Ultra Edge 512GB Starter Kit / VectorStand Air 1TB Dual‑SIM / BridgeDrive Ultra / TealPad Edge 256GB Starter Kit / TerraDrive Lite 1TB Starter Kit / AzureWatch Max Edge 128GB Starter Kit / CoreCase Mini SE 512GB Starter Kit / BeamCharge Ultra Plus / GraphiteKey Lite / EchoWatch Max 512GB Bundle / SparkWatch Air Ultra 1TB Refurbished / CatalystCam Lite Plus 256GB Bundle,Luna Vector,Catalyst Systems Inc.
CopperDrive Lite 128GB Starter Kit / OrionWatch Lite / AzurePad Edge 256GB Refurbished / CobaltKey Air Mini / VectorPad Lite Air / WaveCam Edge Plus / QuantaKey Mini SE Air 512GB Starter Kit / AuroraStand Max 64GB Dual‑SIM / CrimsonSpeaker Plus Pro Max / GraphiteStand Air 512GB Bundle / PhotonStand Air / SonicDrive Edge / SilverHub Edge Lite / PulseKey Mini Mini SE 64GB Refurbished / EchoHub Edge Mini / SyncWatch Air Pro / SenseCam Edge Gen / AstraWatch Pro Max Ultra Edge 512GB Starter Kit / VectorStand Air 1TB Dual‑SIM / BridgeDrive Ultra / TealPad Edge 256GB Starter Kit / TerraDrive Lite 1TB Starter Kit / AzureWatch Max Edge 128GB Starter Kit / FlexWatch Air Max / CoreCase Mini SE 512GB Starter Kit / BeamCharge Ultra Plus / GraphiteKey Lite / EchoWatch Max 512GB Bundle / SparkWatch Air Ultra 1TB Refurbished / CatalystCam Lite Plus 256GB Bundle,Luna Vector,Catalyst Systems Inc.
CopperDrive Lite 128GB Starter Kit / OrionWatch Lite / AzurePad Edge 256GB Refurbished / CobaltKey Air Mini / VectorPad Lite Air / WaveCam Edge Plus / QuantaKey Mini SE Air 512GB Starter Kit / AuroraStand Max 64GB Dual‑SIM / CrimsonSpeaker Plus Pro Max / GraphiteStand Air 512GB Bundle / PhotonStand Air / SonicDrive Edge / SilverHub Edge Lite / PulseKey Mini Mini SE 64GB Refurbished / SyncWatch Air Pro / SenseCam Edge Gen / AstraWatch Pro Max Ultra Edge 512GB Starter Kit / VectorStand Air 1TB Dual‑SIM / BridgeDrive Ultra / TealPad Edge 256GB Starter Kit / TerraDrive Lite 1TB Starter Kit / AzureWatch Max Edge 128GB Starter Kit / FlexWatch Air Max / CoreCase Mini SE 512GB Starter Kit / BeamCharge Ultra Plus / EchoWatch Max 512GB Bundle / SparkWatch Air Ultra 1TB Refurbished / CatalystCam Lite Plus 256GB Bundle,Luna Vector,Catalyst Systems Inc.
CopperDrive Lite 128GB Starter Kit / OrionWatch Lite / AzurePad Edge 256GB Refurbished / CobaltKey Air Mini / VectorPad Lite Air / WaveCam Edge Plus / QuantaKey Mini SE Air 512GB Starter Kit / AuroraStand Max 64GB Dual‑SIM / CrimsonSpeaker Plus Pro Max / GraphiteStand Air 512GB Bundle / PhotonStand Air / SilverHub Edge Lite / PulseKey Mini Mini SE 64GB Refurbished / CrimsonBuds 128GB Refurbished / SyncWatch Air Pro / SenseCam Edge Gen / AstraWatch Pro Max Ultra Edge 512GB Starter Kit / VectorStand Air 1TB Dual‑SIM / BridgeDrive Ultra / TealPad Edge 256GB Starter Kit / TerraDrive Lite 1TB Starter Kit / AzureWatch Max Edge 128GB Starter Kit / FlexWatch Air Max / CoreCase Mini SE 512GB Starter Kit / BeamCharge Ultra Plus / EchoWatch Max 512GB Bundle / SparkWatch Air Ultra 1TB Refurbished / CatalystCam Lite Plus 256GB Bundle,Luna Vector,Catalyst Systems Inc.
CopperDrive Lite 128GB Starter Kit / OrionWatch Lite / AzurePad Edge 256GB Refurbished / CobaltKey Air Mini / VectorPad Lite Air / WaveCam Edge Plus / QuantaKey Mini SE Air 512GB Starter Kit / AuroraStand Max 64GB Dual‑SIM / CrimsonSpeaker Plus Pro Max / GraphiteStand Air 512GB Bundle / PhotonStand Air / SilverHub Edge Lite / PulseKey Mini Mini SE 64GB Refurbished / SyncWatch Air Pro / SenseCam Edge Gen / AstraWatch Pro Max Ultra Edge 512GB Starter Kit / VectorStand Air 1TB Dual‑SIM / BridgeDrive Ultra / TealPad Edge 256GB Starter Kit / TerraDrive Lite 1TB Starter Kit / AzureWatch Max Edge 128GB Starter Kit / FlexWatch Air Max / CoreCase Mini SE 512GB Starter Kit / BeamCharge Ultra Plus / EchoWatch Max 512GB Bundle / SparkWatch Air Ultra 1TB Refurbished / CatalystCam Lite Plus 256GB Bundle,Luna Vector,Catalyst Systems Inc.
AuroraNode and ZenithCam Max / OnyxNode and EdgeDock Gen,"Argo Link, Vega Beam, Sable Module Drive",Aurora Components Inc.
NebulaNode,Argo Link; Vega Beam; Ruby Fabric Link,Aurora Components Inc.
TopazStand Mini Lite Mini,Sonic Grid,Aurora Components Inc.
PearlNode,Golden Grid; Vega Beam,Aurora Components Inc.
IndigoHub,Umbral Grid,Aurora Components Inc.
ZenithKey Plus Lite,Maple Drive,Aurora Components Inc.
ZenithKey Plus Lite / NimbusKey Plus Mini,Maple Drive,Aurora Components Inc.
NimbusKey Plus Mini / ZenithKey Plus Lite,Maple Drive,Aurora Components Inc.
FlexDock Gen,Cerulean Mesh,Aurora Components Inc.
NimbusCam Pro / SyncDock Gen,Ivory Mesh,Aurora Components Inc.
SignalWatch Pro,Vega Beam,Aurora Components Inc.
SenseDrive Mini SE,Vega Beam,Aurora Components Inc.
SilverBuds Mini Max,Vega Beam,Aurora Components Inc.
TopazNode and ZenithCam Max SE,"Vega Beam, Sable Module Drive",Aurora Components Inc.
SummitNode and HelioCase Gen Gen,Vega Beam and Ruby Fabric Link,Aurora Components Inc.
SolNode / SaffronNode,Lyra Beam,Aurora Components Inc.
CrimsonKey Plus Gen,Lime Frame,Aurora Components Inc.
CrimsonKey Plus Gen / VectorKey Plus Lite,Lime Frame,Aurora Components Inc.
CatalystKey Plus Gen / PhotonKey Plus Edge / AzureKey Plus Mini / SyncKey Plus SE / BridgeKey Plus Mini / CopperKey Plus Plus,Lime Frame,Aurora Components Inc.
BeamCam Mini,Cobalt Core Vector,SilverLine Devices Inc.
"HarborNode / HarborNode, SolKey Lite Mini SE Air / CrownNode",Indigo Core; Vega Beam,Riverstone Networks Inc.
SolNode,Lyra Beam,Aurora Components Inc.
"PhotonStand Edge / GoldenStand Edge, SolKey Lite Mini SE Air / GoldenStand Edge, BridgeLink Max / GoldenStand Edge / GraphiteStand Edge, OrionLink SE and OrionWatch Plus / MiraCase Lite / CatalystStand Edge",Indigo Core + Argo Stack + Sierra Kernel,Harbor Group Inc.
Mint Sync Atlas,Mint Sync,Atlas Works Inc.
Nova Link Grid Atlas,Nova Link Grid,Atlas Works Inc.
Kairo Module Signal RedStone,Kairo Module Signal,RedStone Labs Inc.
Sol Module Shield RedStone,Sol Module Shield,RedStone Labs Inc.
Helio Link Wave 256GB Starter Kit Evergreen,Helio Link Wave,Evergreen Industries Inc.
ZenithDrive Edge Ultra,Cedar Kernel Signal,Clearwater Manufacturing Inc.
AuroraWatch Mini,Coral Engine,Highland Systems Inc.
VectorKey Lite Gen,Aero Wave Module,Summit Technologies Inc.
Atlas Bridge NovaWorks,Atlas Bridge,NovaWorks Devices Inc.
Ember Link Windmill,Ember Link,Windmill Networks Inc.
CitrineCase Edge Plus,Nimbus Frame,Springboard Group Inc.
Crimson Engine Lighthouse,Crimson Engine,Lighthouse Works Inc.
Sierra Matrix Nebula,Sierra Matrix,Nebula Holdings Inc.
VectorBuds SE Air Plus,Silver Node Kernel,Astra Works Inc.
GoldenBeam Mini Edge Gen,Lyra Stack Matrix,Lumen Technologies Inc.
Pulse Core Pulse Mountain,Pulse Core Pulse,Mountain Systems Inc.
LyraBeam Ultra Edge 64GB Starter Kit,Citrine Module,Glacier Technologies Inc.
CoreWatch SE SE Air,Magenta Bridge,Glacier Technologies Inc.
SummitCharge Max Ultra,Sonic Link,Glacier Technologies Inc.
OnyxPad Air Ultra,Ivory Node,Arbor Devices Inc.
AzurePad Air Ultra,Ivory Node; Umber Frame; Silver Stack Layer,Catalyst Holdings Inc.
GlacierCharge Gen Lite,Golden Frame,Glacier Technologies Inc.
CatalystDrive Plus Air,Golden Frame,Seabird Manufacturing Inc.
GoldenRouter Max Ultra Edge,Ivory Node and Sol Grid Drive,Crown Devices Inc.
UmberHub Plus Mini,Kairo Frame,Crown Devices Inc.
QuartzCase Edge Gen Lite,Azure Grid Beam,Arbor Devices Inc.
NovaDrive Mini Pro Max / OrionBook Plus Gen 512GB Dual‑SIM,Graphite Vector,Arbor Devices Inc.
Helio Bridge EchoLabs,Helio Bridge,EchoLabs Industries Inc.
SyncCam Mini,Frost Flow & Sable Fabric Pulse,Seabird Technologies Inc.
Sol Layer Arbor,Sol Layer,Arbor Components Inc.
PhotonBuds Mini Gen Lite,Cobalt Arc,Copperline Holdings Inc.
MiraBuds Mini,Beryl Frame & Astra Engine Fabric,Mosaic Group Inc.
"SonicDock 64GB Refurbished / CopperHub Pro, OrionPhone 128GB Starter Kit / CopperHub Pro 128GB Dual‑SIM / SlateKey Pro 64GB Dual‑SIM",Mira Link,Cinder Labs Inc.
"CobaltPad Air Max 128GB Bundle, MiraBuds 64GB Dual‑SIM / SyncWatch Gen Plus / CopperHub Pro",Mira Link,Catalyst Industries Inc.
"CobaltPad Air Max 128GB Bundle, MiraBuds 64GB Dual‑SIM / SummitBook Air / SyncWatch Gen Plus / CopperHub Pro",Mira Link,Catalyst Industries Inc.
AzureDrive Gen,Terra Edge,Arbor Components Inc.
AzureDrive Gen,Terra Edge,Arbor Components Inc.
AzureDrive Gen,Terra Edge,Arbor Components Inc.
Silver Flow Riverstone,Silver Flow,Riverstone Electronics Inc.
Nova Matrix Harbor,Nova Matrix,Harbor Components Inc.
Indigo Dock RedStone,Indigo Dock,RedStone Works Inc.
LyraRouter,Saffron Core,Harbor Devices Inc.
Violet Engine Clearwater,Violet Engine,Clearwater Labs Inc.
CobaltLink Mini and NebulaDock Air,Nova Core Matrix,Arbor Devices Inc.
Cinder Module Clearwater,Cinder Module,Clearwater Labs Inc.
Aero Kernel Clearwater,Aero Kernel,Clearwater Labs Inc.
Vega Kernel Clearwater,Vega Kernel,Clearwater Labs Inc.
Crimson Kernel Clearwater,Crimson Kernel,Clearwater Labs Inc.
Frost Link Clearwater,Frost Link,Clearwater Labs Inc.
Silver Link Clearwater,Silver Link,Clearwater Labs Inc.
Nimbus Pulse Clearwater,Nimbus Pulse,Clearwater Labs Inc.
Umber Pulse Clearwater,Umber Pulse,Clearwater Labs Inc.
Indigo Node Clearwater,Indigo Node,Clearwater Labs Inc.
Golden Grid Clearwater,Golden Grid,Clearwater Labs Inc.
Ruby Grid Clearwater,Ruby Grid,Clearwater Labs Inc.
AzureCharge Ultra,Quanta Signal,BrightWave Electronics Inc.
Sonic Signal Clearwater,Sonic Signal,Clearwater Labs Inc.
Jade Sense Clearwater,Jade Sense,Clearwater Labs Inc.
Mira Mesh Clearwater,Mira Mesh,Clearwater Labs Inc.
MiraCharge Gen,Cedar Mesh,BlueRiver Technologies Inc.
Luna Edge Clearwater,Luna Edge,Clearwater Labs Inc.
Atlas Dock Clearwater,Atlas Dock & Astra Vault,Clearwater Labs Inc.
Slate Hub Clearwater,Slate Hub,Clearwater Labs Inc.
Mira Beam Clearwater,Mira Beam,Clearwater Labs Inc.
Cerulean Spark Clearwater,Cerulean Spark,Clearwater Labs Inc.
Terra Flow Clearwater,Terra Flow,Clearwater Labs Inc.
Astra Vault Clearwater,Astra Vault,Clearwater Labs Inc.
Sonic Vector Clearwater,Sonic Vector,Clearwater Labs Inc.
Topaz Vector Clearwater,Topaz Vector,Clearwater Labs Inc.
CodaHub Plus Ultra,Mira Frame,Clearwater Labs Inc.
Silver Frame Clearwater,Silver Frame,Clearwater Labs Inc.
Terra Layer Clearwater,Terra Layer,Clearwater Labs Inc.
Quartz Layer Clearwater,Quartz Layer,Clearwater Labs Inc.
Coda Module Wave Clearwater,Coda Module Wave,Clearwater Labs Inc.
Sable Module Drive Clearwater,Sable Module Drive,Clearwater Labs Inc.
PearlRouter Gen Pro,Magenta Bridge Bridge,Clearwater Labs Inc.
Cobalt Node Arc Clearwater,Cobalt Node Arc,Clearwater Labs Inc.
Cedar Grid Arc Clearwater,Cedar Grid Arc,Clearwater Labs Inc.
Aero Shield Beam Clearwater,Aero Shield Beam,Clearwater Labs Inc.
CitrineRouter Mini Plus Pro,Argo Shield Wave,Astra Networks Inc.
Opal Stack Link Highland,Opal Stack Link,Highland Industries Inc.
Astra Vault Summit,Astra Vault,Summit Manufacturing Inc.
DriveSpeaker Air Gen,Auric Vault,Copperline Holdings Inc.
Pearl Fabric Beam NovaWorks,Pearl Fabric Beam,NovaWorks Systems Inc.
Sol Edge BlueRiver,Sol Edge,BlueRiver Technologies Inc.
Umber Drive Spark Ironwood,Umber Drive Spark,Ironwood Devices Inc.
Crimson Core Windmill,Crimson Core,Windmill Electronics Inc.
Indigo Fabric Windmill,Indigo Fabric,Windmill Electronics Inc.
Pulse Kernel Windmill,Pulse Kernel,Windmill Electronics Inc.
Coral Grid Windmill,Coral Grid,Windmill Electronics Inc.
Vega Signal Windmill,Vega Signal,Windmill Electronics Inc.
Mira Signal Windmill,Mira Signal,Windmill Electronics Inc.
Delta Shield Windmill,Delta Shield,Windmill Electronics Inc.
Zen Dock and Astra Vault,Zen Dock + Astra Vault,Arbor Devices Inc.
Atlas Dock Windmill,Atlas Dock,Windmill Electronics Inc.
Argo Dock Windmill,Argo Dock,Windmill Electronics Inc.
Slate Hub Windmill,Slate Hub,Windmill Electronics Inc.
Beryl Hub Windmill,Beryl Hub,Windmill Electronics Inc.
Luna Beam Windmill,Luna Beam,Windmill Electronics Inc.
Silver Vault Windmill,Silver Vault,Windmill Electronics Inc.
Teal Frame Windmill,Teal Frame,Windmill Electronics Inc.
Silver Layer Windmill,Silver Layer,Windmill Electronics Inc.
Pearl Module Vault Windmill,Pearl Module Vault,Windmill Electronics Inc.
Zen Signal Module Windmill,Zen Signal Module,Windmill Electronics Inc.
Kairo Signal Node Windmill,Kairo Signal Node,Windmill Electronics Inc.
Cobalt Node Arc Lighthouse,Cobalt Node Arc,Lighthouse Networks Inc.
Crimson Engine Nebula,Crimson Engine,Nebula Group Inc.
Crimson Engine Astra,Crimson Engine,Astra Works Inc.
SenseSpeaker Pro Max Ultra,Frost Core Sync,Catalyst Industries Inc.
SenseSpeaker Pro Max Ultra,Frost Core Sync,Catalyst Industries Inc.
SenseSpeaker Pro Max Ultra,Frost Core Sync,Catalyst Industries Inc.
SenseSpeaker Pro Max Ultra,Frost Core Sync,Catalyst Industries Inc.
SenseSpeaker Pro Max Ultra,Frost Core Sync,Catalyst Industries Inc.
Opal Stack Link Sunpeak,Opal Stack Link,Sunpeak Devices Inc.
Sol Edge BrightWave,Sol Edge,BrightWave Electronics Inc.
Sol Edge Starlight,Sol Edge,Starlight Components Inc.
Pulse Kernel Nightfall,Pulse Kernel,Nightfall Networks Inc.
Slate Grid Pulse StonebridgMJ,Slate Grid Pulse,Stonebridge Group Inc.
Teal Core Photon,Teal Core,Photon Works Inc.
Copper Fabric Layer EchoLabs,Copper Fabric Layer,EchoLabs Holdings Inc.
Copper Fabric Layer Northwind,Copper Fabric Layer,Northwind Labs Inc.
Frost Edge DeepField,Frost Edge,DeepField Industries Inc.
Topaz Core Sense DeepField,Topaz Core Sense,DeepField Industries Inc.
Opal Stack Link DeepField,Opal Stack Link,DeepField Industries Inc.
Maple Pulse Seabird,Maple Pulse,Seabird Manufacturing Inc.
Magenta Spark Saffron,Magenta Spark,Saffron Systems Inc.
EdgeWatch Plus Edge,Azure Vector,Meadow Technologies Inc.
EdgeWatch Plus Edge,Azure Vector,Meadow Technologies Inc.
Slate Grid Pulse Orion,Slate Grid Pulse,Orion Electronics Inc.
HelioPad SE,Sable Module,GoldenGate Networks Inc.
SonicCharge Pro,Sable Module,GoldenGate Networks Inc.
AzureSpeaker SE SE Air,Terra Kernel; Umber Arc,Mosaic Components Inc.
QuantaLink Lite Pro,Cedar Dock,GoldenGate Networks Inc.
SparkPad Edge Mini,Silver Sense,Cinder Works Inc.
Pulse Vault SilverLine,Pulse Vault,SilverLine Industries Inc.
Atlas Sense Skyforge,Atlas Sense,Skyforge Manufacturing Inc.
Coral Sense Skyforge,Coral Sense,Skyforge Manufacturing Inc.
Golden Beam Skyforge,Golden Beam,Skyforge Manufacturing Inc.
Indigo Fabric Flex Skyforge,Indigo Fabric Flex,Skyforge Manufacturing Inc.
SparkKey Ultra Gen,Quartz Fabric Kernel,BrightWave Electronics Inc.
Umbral Fabric Wave Skyforge,Umbral Fabric Wave,Skyforge Manufacturing Inc.
Jade Shield Edge Skyforge,Jade Shield Edge,Skyforge Manufacturing Inc.
VegaWatch Max,Indigo Core; Vega Beam,Aurora Systems Inc.
Jade Core Harbor,Jade Core,Harbor Devices Inc.
Indigo Core Harbor,Indigo Core,Harbor Devices Inc.
"SenseBook Plus, SparkDock, OrionWatch Plus and CopperPhone Max",Indigo Core & Lyra Kernel & Sierra Kernel & Jade Pulse,Harbor Devices Inc.
AzureBuds Air Plus and SparkDock,Indigo Core; Topaz Hub,NovaWorks Holdings Inc.
ArgoWatch Max,Indigo Core; Vega Beam,Harbor Devices Inc.
LyraRouter,Saffron Core,Harbor Devices Inc.
GraphiteStand,Ruby Core,Catalyst Systems Inc.
Coda Engine Harbor,Coda Engine,Harbor Devices Inc.
Coral Engine Harbor,Coral Engine,Harbor Devices Inc.
Saffron Engine Harbor,Saffron Engine,Harbor Devices Inc.
Topaz Engine Harbor,Topaz Engine,Harbor Devices Inc.
Violet Engine Harbor,Violet Engine,Harbor Devices Inc.
Helio Module Harbor,Helio Module,Harbor Devices Inc.
Astra Module Harbor,Astra Module,Harbor Devices Inc.
Coda Module Harbor,Coda Module,Harbor Devices Inc.
Coda Module and Magenta Link,Coda Module + Magenta Link,Harbor Devices Inc.
Coda Module and Aero Pulse,Coda Module and Magenta Link,Harbor Devices Inc.
Azure Module Harbor,Azure Module,Harbor Devices Inc.
Silver Stack Harbor,Silver Stack,Harbor Devices Inc.
UmberHub Ultra and AtlasCase SE,Silver Stack; Graphite Grid,Catalyst Industries Inc.
Magenta Stack Harbor,Magenta Stack,Harbor Devices Inc.
Terra Fabric Harbor,Terra Fabric,Harbor Devices Inc.
Coda Fabric Harbor,Coda Fabric,Harbor Devices Inc.
Slate Fabric Harbor,Slate Fabric,Harbor Devices Inc.
LumenCase Air,Jade Matrix,Aurora Components Inc.
Maple Matrix Harbor,Maple Matrix,Harbor Devices Inc.
Helio Kernel Harbor,Helio Kernel,Harbor Devices Inc.
OnyxBook Plus,"Echo Kernel, Pulse Frame",Nightfall Technologies Inc.
Echo Kernel Harbor,Echo Kernel,Harbor Devices Inc.
Echo Kernel and Pulse Frame,Echo Kernel & Pulse Frame,Harbor Devices Inc.
Sonic Kernel Harbor,Sonic Kernel,Harbor Devices Inc.
Auric Kernel Harbor,Auric Kernel,Harbor Devices Inc.
Indigo Kernel Harbor,Indigo Kernel,Harbor Devices Inc.
Crimson Kernel Harbor,Crimson Kernel,Harbor Devices Inc.
Mint Kernel Harbor,Mint Kernel,Harbor Devices Inc.
CatalystNode Plus,Coral Bridge,Aurora Group Inc.
Jade Bridge Harbor,Jade Bridge,Harbor Devices Inc.
AtlasPhone Pro,Pearl Bridge,Harbor Devices Inc.
Auric Bridge Harbor,Auric Bridge,Harbor Devices Inc.
SolPhone Pro,Crimson Bridge,Astra Technologies Inc.
CopperPhone Pro,Beryl Bridge,Glacier Works Inc.
EchoPad Pro,Opal Bridge,Harbor Devices Inc.
Luna Link Harbor,Luna Link,Harbor Devices Inc.
Sonic Link Harbor,Sonic Link,Harbor Devices Inc.
Frost Link Harbor,Frost Link,Harbor Devices Inc.
SummitCharge Pro,Citrine Link,Arbor Components Inc.
Sable Link Harbor,Sable Link,Harbor Devices Inc.
QuantaLink Pro,Umbral Link,Astra Networks Inc.
Teal Link Harbor,Teal Link,Harbor Devices Inc.
Echo Pulse 64GB Bundle Harbor,Echo Pulse,Harbor Devices Inc.
Atlas Pulse Harbor,Atlas Pulse,Harbor Devices Inc.
Onyx Pulse Harbor,Onyx Pulse,Harbor Devices Inc.
Sonic Wave Harbor,Sonic Wave,Harbor Devices Inc.
Sol Wave Harbor,Sol Wave,Harbor Devices Inc.
Auric Wave Harbor,Auric Wave,Harbor Devices Inc.
LumenCase Max,Beryl Wave,Harbor Devices Inc.
Zen Node Harbor,Zen Node,Harbor Devices Inc.
Orion Node Harbor,Orion Node,Harbor Devices Inc.
SilverPhone Ultra,Silver Node,Catalyst Systems Inc.
LyraBook Ultra,Ruby Node,Harbor Devices Inc.
AtlasBook Ultra,Mint Node,Harbor Devices Inc.
Nimbus Grid Harbor,Nimbus Grid,Harbor Devices Inc.
GoldenWatch Ultra,Kairo Grid,Harbor Devices Inc.
Kairo Grid Harbor,Kairo Grid,Harbor Devices Inc.
Delta Grid Harbor,Delta Grid,Harbor Devices Inc.
Cobalt Grid Harbor,Cobalt Grid,Harbor Devices Inc.
Jade Grid Harbor,Jade Grid,Harbor Devices Inc.
Golden Grid Harbor,Golden Grid,Harbor Devices Inc.
Ivory Grid Harbor,Ivory Grid,Harbor Devices Inc.
Ruby Grid Harbor,Ruby Grid,Harbor Devices Inc.
Helio Signal Harbor,Helio Signal,Harbor Devices Inc.
EdgeBeam / VegaLink Ultra,Lyra Signal,Harbor Devices Inc.
NebulaLink Ultra,Sonic Signal,Arbor Industries Inc.
Sonic Signal Harbor,Sonic Signal,Harbor Devices Inc.
Frost Signal Harbor,Frost Signal,Harbor Devices Inc.
AstraWatch Edge,Jade Shield,Harbor Devices Inc.
Topaz Shield Harbor,Topaz Shield,Harbor Devices Inc.
Ruby Shield Harbor,Ruby Shield,Harbor Devices Inc.
Coda Drive Riverstone,Coda Drive,Riverstone Technologies Inc.
Ivory Drive Harbor,Ivory Drive,Harbor Devices Inc.
Astra Sense Harbor,Astra Sense,Harbor Devices Inc.
Orion Sense Harbor,Orion Sense,Harbor Devices Inc.
Frost Sense Harbor,Frost Sense,Harbor Devices Inc.
Helio Mesh Harbor,Helio Mesh,Harbor Devices Inc.
Kairo Mesh Harbor,Kairo Mesh,Harbor Devices Inc.
Maple Mesh Harbor,Maple Mesh,Harbor Devices Inc.
Ivory Mesh Harbor,Ivory Mesh,Harbor Devices Inc.
Ivory Mesh and Atlas Bridge Vector,Ivory Mesh; Atlas Bridge Vector,Harbor Devices Inc.
Luna Edge Harbor,Luna Edge,Harbor Devices Inc.
Vega Edge Harbor,Vega Edge,Harbor Devices Inc.
Kairo Edge Harbor,Kairo Edge,Harbor Devices Inc.
Sol Edge Harbor,Sol Edge,Harbor Devices Inc.
Auric Edge Harbor,Auric Edge,Harbor Devices Inc.
IndigoPhone Lite,Copper Edge,Catalyst Systems Inc.
SolBuds Lite,Ruby Edge,Catalyst Group Inc.
CrimsonBuds Lite,Lime Edge,Harbor Devices Inc.
Maple Dock Harbor,Maple Dock,Harbor Devices Inc.
Ruby Dock Harbor,Ruby Dock,Harbor Devices Inc.
DriveDrive Lite,Sable Dock,Evergreen Industries Inc.
Azure Dock Harbor,Azure Dock,Harbor Devices Inc.
Slate Hub Harbor,Slate Hub,Harbor Devices Inc.
SyncBeam Max Ultra and CrimsonBuds Mini SE,Beryl Hub and Topaz Sync,Arbor Components Inc.
Umbral Hub Harbor,Umbral Hub,Harbor Devices Inc.
EdgeDock Mini SE,Sonic Beam,BrightWave Electronics Inc.
Argo Beam Harbor,Argo Beam,Harbor Devices Inc.
Delta Beam Harbor,Delta Beam,Harbor Devices Inc.
Magenta Beam Harbor,Magenta Beam,Harbor Devices Inc.
Ivory Sync Harbor,Ivory Sync,Harbor Devices Inc.
Opal Sync Harbor,Opal Sync,Harbor Devices Inc.
Argo Flex Harbor,Argo Flex,Harbor Devices Inc.
Coda Spark Harbor,Coda Spark,Harbor Devices Inc.
Sierra Spark Harbor,Sierra Spark,Harbor Devices Inc.
Cobalt Spark Harbor,Cobalt Spark,Harbor Devices Inc.
Cedar Spark Harbor,Cedar Spark,Harbor Devices Inc.
CodaCam SE Pro,Pearl Spark,Copperline Industries Inc.
Silver Spark Harbor,Silver Spark,Harbor Devices Inc.
Golden Spark Harbor,Golden Spark,Harbor Devices Inc.
JadeHub SE Gen,Cerulean Spark,Quantum Networks Inc.
Cerulean Spark Harbor,Cerulean Spark,Harbor Devices Inc.
GraphiteHub SE SE,Cerulean Spark,Harbor Devices Inc.
Citrine Spark Harbor,Citrine Spark,Harbor Devices Inc.
Violet Spark Harbor,Violet Spark,Harbor Devices Inc.
Terra Flow Harbor,Terra Flow,Harbor Devices Inc.
Cinder Flow Harbor,Cinder Flow,Harbor Devices Inc.
Pearl Arc 128GB Starter Kit Harbor,Pearl Arc,Harbor Devices Inc.
Indigo Arc Harbor,Indigo Arc,Harbor Devices Inc.
Citrine Arc Harbor,Citrine Arc,Harbor Devices Inc.
Teal Arc Harbor,Teal Arc,Harbor Devices Inc.
Violet Arc Harbor,Violet Arc,Harbor Devices Inc.
Helio Vault Harbor,Helio Vault,Harbor Devices Inc.
DriveHub Ultra,Pulse Vault,Harbor Devices Inc.
Pulse Vault Harbor,Pulse Vault,Harbor Devices Inc.
Zen Vault Harbor,Zen Vault,Harbor Devices Inc.
HelioStand Edge Max,Mira Vault,Harbor Devices Inc.
Sonic Vault Harbor,Sonic Vault,Harbor Devices Inc.
Atlas Vault Harbor,Atlas Vault,Harbor Devices Inc.
Ember Vault Harbor,Ember Vault,Harbor Devices Inc.
Cedar Vault Harbor,Cedar Vault,Harbor Devices Inc.
Ivory Vault Harbor,Ivory Vault,Harbor Devices Inc.
SaffronDrive Air Pro,Quartz Vault,Clearwater Labs Inc.
Quartz Vault Harbor,Quartz Vault,Harbor Devices Inc.
OpalDrive Air Mini,Quartz Vault,Harbor Devices Inc.
Aero Vector Harbor,Aero Vector,Harbor Devices Inc.
Orion Vector Harbor,Orion Vector,Harbor Devices Inc.
QuantaKey Plus Pro 1TB Bundle / QuantaKey Plus Pro 128GB Refurbished / VegaStand Ultra,Indigo Vector,Harbor Devices Inc.
Indigo Vector Harbor,Indigo Vector,Harbor Devices Inc.
Topaz Vector Harbor,Topaz Vector,Harbor Devices Inc.
Nimbus Frame Harbor,Nimbus Frame,Harbor Devices Inc.
Orion Frame Harbor,Orion Frame,Harbor Devices Inc.
CodaHub Plus Ultra,Mira Frame,Clearwater Labs Inc.
Silver Frame Harbor,Silver Frame,Harbor Devices Inc.
Cedar Layer Harbor,Cedar Layer,Harbor Devices Inc.
Quartz Layer Harbor,Quartz Layer,Harbor Devices Inc.
Teal Layer Harbor,Teal Layer,Harbor Devices Inc.
Frost Core Sync Harbor,Frost Core Sync,Harbor Devices Inc.
Jade Core Frame Harbor,Jade Core Frame,Harbor Devices Inc.
Umbral Core Sync Harbor,Umbral Core Sync,Harbor Devices Inc.
Lyra Module Link Harbor,Lyra Module Link,Harbor Devices Inc.
Quartz Module Grid Harbor,Quartz Module Grid,Harbor Devices Inc.
Lime Module Mesh Harbor,Lime Module Mesh,Harbor Devices Inc.
AuroraCam Ultra Plus,Silver Stack Layer,BlueRiver Manufacturing Inc.
Beryl Stack Kernel Harbor,Beryl Stack Kernel,Harbor Devices Inc.
Sonic Fabric Matrix Harbor,Sonic Fabric Matrix,Harbor Devices Inc.
Pearl Fabric Beam Harbor,Pearl Fabric Beam,Harbor Devices Inc.
Indigo Fabric Flex Harbor,Indigo Fabric Flex,Harbor Devices Inc.
Copper Fabric Layer Harbor,Copper Fabric Layer,Harbor Devices Inc.
Ivory Fabric Engine Harbor,Ivory Fabric Engine,Harbor Devices Inc.
Topaz Fabric Fabric Harbor,Topaz Fabric Fabric,Harbor Devices Inc.
Terra Matrix Edge Harbor,Terra Matrix Edge,Harbor Devices Inc.
SignalCam Edge Mini,Golden Matrix Flow,EchoLabs Systems Inc.
Quartz Matrix Stack Harbor,Quartz Matrix Stack,Harbor Devices Inc.
Orion Kernel Arc Harbor,Orion Kernel Arc,Harbor Devices Inc.
Sierra matrix Node Harbor,Sierra Matrix Node,Harbor Devices Inc.
Ruby Kernel Module Harbor,Ruby Kernel Module,Harbor Devices Inc.
Nimbus Bridge Edge Harbor,Nimbus Bridge Edge,Harbor Devices Inc.
Frost Bridge Engine Harbor,Frost Bridge Engine,Harbor Devices Inc.
CitrineStand Gen Edge,Onyx Link Kernel,Harbor Devices Inc.
Auric Link Wave Harbor,Auric Link Wave,Harbor Devices Inc.
Saffron Link Signal Harbor,Saffron Link Signal,Harbor Devices Inc.
Teal Link Engine Harbor,Teal Link Engine,Harbor Devices Inc.
EchoHub Lite Ultra,Maple Pulse Matrix,Harbor Devices Inc.
Crimson Pulse Pulse Harbor,Crimson Pulse Pulse,Harbor Devices Inc.
NovaCharge Lite Edge,Ruby Pulse Spark,BrightWave Labs Inc.
Lyra Node Grid Harbor,Lyra Node Grid,Harbor Devices Inc.
Frost Node Hub Harbor,Frost Node Hub,Harbor Devices Inc.
Golden Node Bridge Harbor,Golden Node Bridge,Harbor Devices Inc.
Ivory Node Node Harbor,Ivory Node Node,Harbor Devices Inc.
Saffron Grid Engine Harbor,Saffron Grid Engine,Harbor Devices Inc.
Azure Grid Beam Harbor,Azure Grid Beam,Harbor Devices Inc.
SignalBuds Lite Max,Copper Signal Stack,Harbor Devices Inc.
Lime Signal Drive Harbor,Lime Signal Drive,Harbor Devices Inc.
Teal Signal Mesh 256GB Dual‑SIM Harbor,Teal Signal Mesh,Harbor Devices Inc.
Magenta Signal Hub Harbor,Magenta Signal Hub,Harbor Devices Inc.
Aero Shield Beam Harbor,Aero Shield Beam,Harbor Devices Inc.
Aero Shield Beam Riverstone,Aero Shield Beam,Riverstone Technologies Inc.
AstraWatch Lite Ultra,Echo Drive Flex,Atlas Technologies Inc.
Coda Drive Module Harbor,Coda Drive Module,Harbor Devices Inc.
Umber Drive Spark Harbor,Umber Drive Spark,Harbor Devices Inc.
Slate Module Link FP Atlas,Slate Module Link,Atlas Electronics Inc.
Ruby Wave RedStone,Ruby Wave,RedStone Networks Inc.
CatalystNode Plus,Coral Bridge,Aurora Group Inc.
Slate Node Clearwater,Slate Node,Clearwater Works Inc.
Nova Sense Clearwater,Nova Sense,Clearwater Works Inc.
Indigo Sense Clearwater,Indigo Sense,Clearwater Works Inc.
Sonic Flex Clearwater,Sonic Flex,Clearwater Works Inc.
Cerulean Spark Clearwater,Cerulean Spark,Clearwater Works Inc.
Cedar Vault Clearwater,Cedar Vault,Clearwater Works Inc.
Saffron Vault Clearwater,Saffron Vault,Clearwater Works Inc.
SaffronDrive Air Pro,Quartz Vault,Clearwater Labs Inc.
Nimbus Frame Clearwater,Nimbus Frame,Clearwater Works Inc.
SenseSpeaker Pro Max Ultra,Frost Core Sync,Catalyst Industries Inc.
Sierra matrix Node Clearwater,Sierra Matrix Node,Clearwater Works Inc.
AstraWatch Lite Ultra,Echo Drive Flex,Atlas Technologies Inc.
Indigo Sense Highland,Indigo Sense,Highland Holdings Inc.
Ruby Wave Summit,Ruby Wave,Summit Labs Inc.
CrownHub,Coral Core,NovaWorks Industries Inc.
CrownHub / PearlHub,Coral Core,NovaWorks Industries Inc.
Sol Matrix Matrix BlueRiver,Sol Matrix Matrix,BlueRiver Manufacturing Inc.
Pulse Vault Ironwood,Pulse Vault,Ironwood Systems Inc.
WaveDock Plus,Silver Kernel,Riverstone Electronics Inc.
NebulaSpeaker Edge,Sol Drive,Arbor Holdings Inc.
Terra Edge Lighthouse,Terra Edge,Lighthouse Electronics Inc.
Teal Layer Lighthouse,Teal Layer,Lighthouse Electronics Inc.
NimbusKey Mini and OrionDock Lite Pro,Coral Module,Meadow Technologies Inc.
NebulaSpeaker Edge,Sol Drive,Arbor Holdings Inc.
Umbral Frame Pinecone,Umbral Frame,Pinecone Group Inc.
MintNode Mini SE Air / QuartzCam Mini Ultra Edge,Magenta Signal Hub,Quantum Works Inc.
Ivory Node Mountain,Ivory Node,Mountain Holdings Inc.
Frost Pulse Glacier,Frost Pulse,Glacier Labs Inc.
Citrine Core Dock Crown,Citrine Core Dock,Crown Industries Inc.
LyraPad Gen Gen,Coral Vector; Nimbus Core Link,Ironwood Components Inc.
SignalLink Mini Max,Nimbus Frame,Sunpeak Systems Inc.
SenseCase Air Ultra / SummitPad Max,Maple Pulse,BrightWave Technologies Inc.
NimbusSpeaker Max Ultra Edge,Jade Mesh,SilverLine Holdings Inc.
QuantaBuds Gen Air / PulseBuds Gen SE,Quartz Arc & Frost Vault,Photon Networks Inc.
SyncBeam Max Ultra and CrimsonBuds Mini SE,Beryl Hub and Topaz Sync,Arbor Components Inc.
Topaz Sync EchoLabs,Topaz Sync,EchoLabs Group Inc.
Teal Link Northwind,Teal Link,Northwind Works Inc.
Umber Wave Northwind,Umber Wave,Northwind Works Inc.
Ruby Wave Northwind,Ruby Wave,Northwind Works Inc.
Magenta Grid Northwind,Magenta Grid,Northwind Works Inc.
Sierra Spark Northwind,Sierra Spark,Northwind Works Inc.
Coral Flow Northwind,Coral Flow,Northwind Works Inc.
Teal Layer Northwind,Teal Layer,Northwind Works Inc.
Citrine Node Mesh Northwind,Citrine Node Mesh,Northwind Works Inc.
OnyxNode Pro,Ember Pulse,DeepField Holdings Inc.
Slate Link Beam Saffron,Slate Link Beam,Saffron Industries Inc.
Azure Link Module Saffron,Azure Link Module,Saffron Industries Inc.
Frost Bridge Engine Meadow,Frost Bridge Engine,Meadow Manufacturing Inc.
NebulaLink Ultra Edge,Lime Arc,BlueRiver Manufacturing Inc.
GoldenDrive Max Ultra,Sonic Grid,Arbor Systems Inc.
TealDrive Mini Mini SE RevB,"Maple Drive, Orion Frame",Arbor Systems Inc.
TealDrive Mini Mini SE RevA,Auric Drive and Orion Frame,Arbor Systems Inc.
HelioKey Ultra,Frost Sense and Vega Beam,Arbor Systems Inc.
FlexWatch Edge Ultra,Kairo Dock,Catalyst Components Inc.
WaveCase,Jade Sync,Arbor Systems Inc.
CitrineDrive Mini Max,Umbral Engine Dock,Skyforge Networks Inc.
CoreWatch Edge Mini,Sonic Fabric Matrix,Arbor Systems Inc.
CorePad Plus,Citrine Link Arc,Arbor Systems Inc.
CrimsonPad Mini SE Air,Zen Node Link,Clearwater Technologies Inc.
NimbusKey Mini and OrionDock Lite Pro,Coral Module,Meadow Technologies Inc.
CatalystNode Plus,Coral Bridge,Aurora Group Inc.
Beryl Bridge Copperline,Beryl Bridge,Copperline Components Inc.
Beryl Bridge Catalyst,Beryl Bridge,Catalyst Group Inc.
QuantaPad Ultra Max and SenseBeam Lite Pro,Astra Stack Frame and Cedar Wave Engine,Astra Electronics Inc.
Graphite Core Lumen,Graphite Core,Lumen Works Inc.
Helio Module Lumen,Helio Module,Lumen Works Inc.
SparkCharge Mini,Echo Module,Lumen Works Inc.
Azure Module Lumen,Azure Module,Lumen Works Inc.
Crimson Stack Lumen,Crimson Stack,Lumen Works Inc.
Silver Stack Lumen,Silver Stack,Lumen Works Inc.
AuroraPad Air,Echo Fabric,Arbor Devices Inc.
Nimbus Fabric Lumen,Nimbus Fabric,Lumen Works Inc.
LumenCase Air,Jade Matrix,Aurora Components Inc.
Maple Matrix Lumen,Maple Matrix,Lumen Works Inc.
Helio Kernel Lumen,Helio Kernel,Lumen Works Inc.
TerraBook Plus,Helio Kernel,Lumen Works Inc.
BridgePhone Air Mini,Helio Kernel,Lumen Works Inc.
Helio Kernel and Citrine Shield,Helio Kernel + Citrine Shield,Lumen Works Inc.
SignalPhone Air SE,"Helio Kernel, Citrine Shield",Lumen Works Inc.
SignalPhone Air SE / VectorPhone Air Mini,Helio Kernel and Citrine Shield,Lumen Works Inc.
Echo Kernel Lumen,Echo Kernel,Lumen Works Inc.
Orion Kernel Lumen,Orion Kernel,Lumen Works Inc.
Sonic Kernel Lumen,Sonic Kernel,Lumen Works Inc.
Umber Kernel Lumen,Umber Kernel,Lumen Works Inc.
CoreLink Plus Pro Max,Umber Kernel and Magenta Flow and Opal Stack Link and Onyx Link Kernel and Auric Link Wave,Lumen Works Inc.
MiraBuds Ultra Plus,Umber Kernel; Magenta Flow; Opal Stack Link; Auric Link Wave,Lumen Works Inc.
Luna Bridge Lumen,Luna Bridge,Lumen Works Inc.
DriveBeam Lite Plus,Golden Bridge,Lumen Works Inc.
GlacierDock Pro,Auric Link,Lumen Works Inc.
VectorHub Max,Mira Wave,Lumen Works Inc.
Cobalt Wave Lumen,Cobalt Wave,Lumen Works Inc.
Ruby Wave Lumen,Ruby Wave,Lumen Works Inc.
Lyra Node Lumen,Lyra Node,Lumen Works Inc.
AtlasRouter Ultra Edge,Ruby Node,Lumen Works Inc.
RubyBook Ultra,Luna Grid,Northwind Networks Inc.
Nimbus Grid Lumen,Nimbus Grid,Lumen Works Inc.
IndigoHub Ultra Plus,Vega Grid + Jade Vector,Lumen Works Inc.
Jade Grid Lumen,Jade Grid,Lumen Works Inc.
Ruby Grid Lumen,"Ruby Grid, Sable Grid",Lumen Works Inc.
Helio Signal Lumen,Helio Signal,Lumen Works Inc.
Quartz Shield Lumen,Quartz Shield,Lumen Works Inc.
GoldenHub SE Mini and HelioHub Edge,Ivory Spark,Lighthouse Works Inc.
IndigoSpeaker Edge,Coral Drive,Lumen Works Inc.
TealCharge Mini,Nova Sense,Lumen Works Inc.
Indigo Sense Lumen,Indigo Sense,Lumen Works Inc.
Sol Edge Lumen,Sol Edge,Lumen Works Inc.
SolBuds Lite,Ruby Edge,Catalyst Group Inc.
Lime Edge Lumen,Lime Edge,Lumen Works Inc.
Azure Dock Lumen,Azure Dock,Lumen Works Inc.
Azure Dock and RubyBook Ultra,Azure Dock,Lumen Works Inc.
Umbral Hub Lumen,Umbral Hub,Lumen Works Inc.
Opal Sync Lumen,Opal Sync,Lumen Works Inc.
Sonic Flex Lumen,Sonic Flex,Lumen Works Inc.
Argo Flex Lumen,Argo Flex,Lumen Works Inc.
Cobalt Flex Lumen,Cobalt Flex,Lumen Works Inc.
Sierra Spark Lumen,Sierra Spark,Lumen Works Inc.
Cedar Spark Lumen,Cedar Spark,Lumen Works Inc.
Cerulean Spark Lumen,Cerulean Spark,Lumen Works Inc.
Citrine Spark Lumen,Citrine Spark,Lumen Works Inc.
Cinder Flow Lumen,Cinder Flow,Lumen Works Inc.
SignalNode SE Ultra,Echo Arc,Astra Networks Inc.
SparkNode SE Lite,Echo Arc,Lumen Works Inc.
WaveNode SE Mini,Echo Arc,Aurora Holdings Inc.
HelioPhone Air Air,Pulse Arc,Lumen Works Inc.
Quanta Arc Lumen,Quanta Arc,Lumen Works Inc.
BridgeBeam Max,Citrine Arc,Lumen Technologies Inc.
SaffronSpeaker Air Gen,Atlas Vault,Copperline Components Inc.
DriveSpeaker Air Gen,Auric Vault,Copperline Holdings Inc.
Saffron Vault Lumen,Saffron Vault,Lumen Works Inc.
SaffronDrive Air Pro,Quartz Vault,Clearwater Labs Inc.
Quartz Vault Lumen,Quartz Vault,Lumen Works Inc.
Aero Vector Lumen,Aero Vector,Lumen Works Inc.
TerraStand Air Plus,Mira Vector,Copperline Industries Inc.
Indigo Vector Lumen,Indigo Vector,Lumen Works Inc.
Magenta Vector Lumen,Magenta Vector,Lumen Works Inc.
Nimbus Frame Lumen,Nimbus Frame,Lumen Works Inc.
NebulaCam SE Plus,Cedar Layer,Lumen Works Inc.
SenseSpeaker Pro Max Ultra,Frost Core Sync,Catalyst Industries Inc.
Silver Core Link Lumen,Silver Core Link,Lumen Works Inc.
Azure Core Arc Lumen,Azure Core Arc,Lumen Works Inc.
Nimbus Engine Matrix Lumen,Nimbus Engine Matrix,Lumen Works Inc.
Vega Engine Pulse Lumen,Vega Engine Pulse,Lumen Works Inc.
JadeLink Max Gen RevB,Terra Module Vault,Lumen Works Inc.
JadeLink Max Gen RevA,Echo Module Core,Lumen Works Inc.
SparkCase Plus Lite,Cinder Module Mesh,Lumen Works Inc.
SlateCase Mini Air Plus,Teal Module Dock,Lumen Works Inc.
Opal Stack Link Lumen,Opal Stack Link,Lumen Works Inc.
Onyx Fabric Edge Lumen,Onyx Fabric Edge,Lumen Works Inc.
Copper Fabric Layer Lumen,Copper Fabric Layer,Lumen Works Inc.
SignalCam Edge Mini,Golden Matrix Flow,EchoLabs Systems Inc.
Sierra matrix Node Lumen,Sierra Matrix Node,Lumen Works Inc.
CitrineStand Gen Edge,Onyx Link Kernel,Harbor Devices Inc.
Pearl Link Pulse Lumen,Pearl Link Pulse,Lumen Works Inc.
SonicBook Air,Auric Link Wave,Lumen Works Inc.
Auric Link Wave Lumen,Auric Link Wave,Lumen Works Inc.
Ruby Link Vault Lumen,Ruby Link Vault & Quanta Grid & Crimson Module & Cobalt Vector & Onyx Vector,Lumen Works Inc.
ZenithPhone Edge Mini,Cedar Pulse Fabric,Lumen Works Inc.
Crimson Pulse Pulse Lumen,Crimson Pulse Pulse,Lumen Works Inc.
SyncRouter SE Air Plus,Argo Grid Sense,Cinder Manufacturing Inc.
MiraLink Mini SE Air,Pearl Grid Vector,Lumen Works Inc.
SilverBuds Edge Gen Lite,Sonic Signal Pulse,Lumen Works Inc.
Aero Shield Beam Lumen,Aero Shield Beam,Lumen Works Inc.
Vega Shield Engine Lumen,Vega Shield Engine,Lumen Works Inc.
Frost Shield Node Lumen,Frost Shield Node,Lumen Works Inc.
Silver Shield Vector Lumen,Silver Shield Vector,Lumen Works Inc.
AtlasBook Air,Echo Drive Flex,Lumen Works Inc.
AstraWatch Lite Ultra,Echo Drive Flex,Atlas Technologies Inc.
CrownCam SE Ultra Edge,Onyx Drive Sense,Lumen Works Inc.
Aero Shield Beam SilverLine,Aero Shield Beam,SilverLine Holdings Inc.
Aero Shield Beam Skyforge,Aero Shield Beam,Skyforge Labs Inc.
Nova Bridge Aurora,Nova Bridge,Aurora Industries Inc.
Sierra matrix Node Riverstone,Sierra Matrix Node,Riverstone Manufacturing Inc.
Aero Vector Evergreen,Aero Vector,Evergreen Components Inc.
Umbral Hub Clearwater,Umbral Hub,Clearwater Networks Inc.
Silver Vault Highland,Silver Vault,Highland Group Inc.
PulseCharge SE Air Plus,Citrine Spark,Atlas Electronics Inc.
Citrine Spark Ironwood,Citrine Spark,Ironwood Industries Inc.
Slate Grid Pulse Windmill,Slate Grid Pulse,Windmill Manufacturing Inc.
PulseCharge SE Air Plus,Citrine Spark,Atlas Electronics Inc.
SensePad Edge,Cedar Signal Flex,Lighthouse Technologies Inc.
LumenCharge Air Air,Golden Vault,Astra Electronics Inc.
QuartzStand SE Lite,Lyra Vector,Photon Works Inc.
LumenCharge Air Air,Golden Vault,Astra Electronics Inc.
CatalystBook SE SE,Vega Spark,Mountain Group Inc.
Helio Kernel Glacier,Helio Kernel,Glacier Works Inc.
Azure Spark Crown,Azure Spark,Crown Holdings Inc.
Pulse Pulse Sunpeak,Pulse Pulse,Sunpeak Industries Inc.
Argo Vault Sunpeak,Argo Vault,Sunpeak Industries Inc.
Lyra Arc BrightWave,Lyra Arc,BrightWave Manufacturing Inc.
Beryl Stack Kernel BrightWave,Beryl Stack Kernel,BrightWave Manufacturing Inc.
Cerulean Bridge Sync BrightWave,Cerulean Bridge Sync,BrightWave Manufacturing Inc.
SaffronHub SE Plus,Mira Grid,Stonebridge Devices Inc.
GlacierRouter Edge Gen Lite,Golden Spark,Stonebridge Devices Inc.
CrownRouter Ultra Edge Gen / RubyCam SE Ultra,Golden Spark,Photon Electronics Inc.
SaffronDock Gen / NebulaWatch Ultra,Mira Grid,EchoLabs Components Inc.
Umber Core Northwind,Umber Core,Northwind Networks Inc.
ZenithLink Mini,Golden Core + Vega Engine + Violet Module + Sol Stack + Coda Dock + Sol Dock + Coda Hub + Teal Sync + Mira Spark + Quartz Flow + Lyra Vault + Citrine Module Signal + Saffron Fabric Flow + Teal Bridge Fabric + Topaz Node Shield + Frost Signal Shield + Sable Signal Signal,Northwind Networks Inc.
NimbusLink Mini,Vega Engine; Violet Module; Sol Stack; Coda Dock; Sol Dock; Coda Hub; Teal Sync; Mira Spark; Quartz Flow; Lyra Vault; Citrine Module Signal; Saffron Fabric Flow; Teal Bridge Fabric; Coral Wave Arc; Topaz Node Shield; Frost Signal Shield; Delta Signal Dock; Sable Signal Signal,Northwind Networks Inc.
AzureCase Mini Mini and RubyBook Ultra,Umber Kernel & Opal Stack Link & Auric Link Wave & Ivory Link Hub,Northwind Networks Inc.
OnyxHub Ultra Ultra and RubyBook Ultra,Umber Kernel & Luna Grid & Opal Stack Link & Auric Link Wave & Ivory Link Hub,Mountain Components Inc.
GoldenLink Edge Edge,Umber Kernel and Opal Stack Link and Auric Link Wave,Northwind Networks Inc.
GraphiteLink Edge Gen,Umber Kernel & Opal Stack Link & Auric Link Wave,Northwind Networks Inc.
AzureCase Mini Mini,Umber Kernel + Opal Stack Link + Auric Link Wave + Ivory Link Hub,Northwind Networks Inc.
RubyBook Ultra,Luna Grid,Northwind Networks Inc.
NimbusPhone Pro Edge and RubyBook Ultra,Luna Grid; Azure Flow; Auric Link Wave,Northwind Networks Inc.
ZenithBeam Air Plus and RubyBook Ultra,Luna Grid and Magenta Flow and Jade Vector and Opal Stack Link and Ivory Link Hub and Ruby Link Vault and Cobalt Vector and Onyx Vector,Northwind Networks Inc.
TerraPhone Pro Gen and RubyBook Ultra,Luna Grid + Magenta Flow + Opal Stack Link + Onyx Link Kernel + Auric Link Wave + Silver Link Drive,Northwind Networks Inc.
CobaltHub Ultra Max,Luna Grid & Opal Stack Link & Auric Link Wave,Northwind Networks Inc.
CobaltHub Ultra Max and UmberStand Gen Mini,Luna Grid and Opal Stack Link and Auric Link Wave,Northwind Networks Inc.
RubyBook Ultra and UmberStand Gen Mini,Luna Grid,Northwind Networks Inc.
Sol Dock Northwind,Sol Dock,Northwind Networks Inc.
TerraPhone Pro Gen,Luna Grid & Magenta Flow & Opal Stack Link & Onyx Link Kernel & Auric Link Wave & Silver Link Drive,Northwind Networks Inc.
QuartzNode Max Air,"Magenta Flow, Opal Stack Link, Onyx Link Kernel, Auric Link Wave, Silver Link Drive",Northwind Networks Inc.
Quanta Arc Northwind,Quanta Arc,Northwind Networks Inc.
SummitPhone Lite Air,"Quanta Arc, Quanta Pulse Drive",Northwind Networks Inc.
Opal Stack Link NorthwindKC RevA,Opal Stack Link,Northwind Networks Inc.
Opal Stack Link NorthwindKC RevB,Opal Stack Link; Auric Link Wave,Northwind Networks Inc.
Auric Link Wave Northwind,Auric Link Wave,Northwind Networks Inc.
AstraWatch Lite Ultra,Echo Drive Flex,Atlas Technologies Inc.
RubyBook Ultra,Luna Grid,Northwind Networks Inc.
Umber Core Seabird,Umber Core,Seabird Works Inc.
GoldenLink Edge Edge,Umber Kernel & Opal Stack Link & Auric Link Wave,Northwind Networks Inc.
RubyBook Ultra,Luna Grid,Northwind Networks Inc.
AstraBeam Mini SE Air,Umbral Module,Orion Manufacturing Inc.
AtlasPad Edge Edge,Lime Wave,Arbor Industries Inc.
Umbral Dock GoldenGate,Umbral Dock,GoldenGate Technologies Inc.
PhotonRouter Edge,Helio Link,Mountain Systems Inc.
MiraSpeaker SE Max Ultra,Golden Edge,EchoLabs Group Inc.
TerraWatch Edge,Opal Drive,Glacier Manufacturing Inc.
SignalCharge Mini Mini,Maple Wave Module,Atlas Manufacturing Inc.
AuroraPad Edge,Zen Vector,Glacier Labs Inc.
GoldenStand Plus Pro Max,Cobalt Grid,Evergreen Devices Inc.
Opal Dock 1TB Refurbished Clearwater,Opal Dock,Clearwater Electronics Inc.
Nova Vault Clearwater,Nova Vault,Clearwater Electronics Inc.
Coda Grid Highland,Coda Grid,Highland Components Inc.
Lime Engine NovaWorks,Lime Engine,NovaWorks Group Inc.
GoldenNode Gen,Frost Edge,Summit Networks Inc.
NovaDock Max,Auric Mesh,BlueRiver Works Inc.
Auric Node 512GB Dual‑SIM Ironwood,Auric Node,Ironwood Holdings Inc.
PearlCase Plus Ultra,Teal Stack,Pinecone Devices Inc.
MintLink Max Edge,Astra Module Engine,Lighthouse Manufacturing Inc.
CopperSpeaker SE Max Ultra,Terra Kernel Drive,Lighthouse Manufacturing Inc.
DrivePad Mini Gen,Zen Bridge Hub,Pinecone Devices Inc.
HelioDrive Pro Pro,Zen Bridge Hub,Lighthouse Manufacturing Inc.
GlacierPhone Plus Ultra,Nova Wave Kernel,Pinecone Devices Inc.
Silver Matrix Spark Quantum,Silver Matrix Spark,Quantum Electronics Inc.
Silver Matrix Spark Mountain,Silver Matrix Spark,Mountain Components Inc.
SyncCam Lite Edge,Nova Kernel,Crown Group Inc.
FlexCam Lite Gen,Nova Kernel; Astra Frame,Glacier Networks Inc.
TerraDrive Pro Plus,Luna Frame,Crown Group Inc.
Graphite Core Starlight,Graphite Core,Starlight Industries Inc.
Beryl Module Starlight,Beryl Module,Starlight Industries Inc.
Aero Link Starlight,Aero Link,Starlight Industries Inc.
Teal Layer Starlight,Teal Layer,Starlight Industries Inc.
Atlas Fabric Kernel Starlight,Atlas Fabric Kernel,Starlight Industries Inc.
Graphite Core Nightfall,Graphite Core,Nightfall Manufacturing Inc.
Silver Frame EchoLabs,Silver Frame,EchoLabs Devices Inc.
Cedar Pulse Fabric Northwind,Cedar Pulse Fabric,Northwind Electronics Inc.
Atlas Layer Meadow,Atlas Layer,Meadow Works Inc.
Ruby Core Hub Meadow,Ruby Core Hub,Meadow Works Inc.
Ember Wave GoldenGate,Ember Wave,GoldenGate Manufacturing Inc.
Indigo Vault GoldenGate,Indigo Vault,GoldenGate Manufacturing Inc.
Crimson Core Copperline,Crimson Core,Copperline Systems Inc.
Coda Engine Copperline,Coda Engine,Copperline Systems Inc.
Teal Module Copperline,Teal Module,Copperline Systems Inc.
Echo Stack Copperline,Echo Stack,Copperline Systems Inc.
Coral Matrix Copperline,Coral Matrix & Silver Vault & Cobalt Node Arc,Copperline Systems Inc.
Nova Kernel Cinder,Nova Kernel,Cinder Technologies Inc.
OnyxBook Plus and HarborCam Plus SE,"Echo Kernel, Pulse Frame",Nightfall Technologies Inc.
Argo Kernel Copperline,Argo Kernel,Copperline Systems Inc.
Violet Kernel Copperline,Violet Kernel,Copperline Systems Inc.
Luna Bridge Copperline,Luna Bridge,Copperline Systems Inc.
Zen Bridge Copperline,Zen Bridge,Copperline Systems Inc.
MiraStand Lite,Cinder Link,Copperline Systems Inc.
HelioStand Pro,Atlas Pulse,Copperline Systems Inc.
FlexCharge Ultra Mini and SummitPad Max,"Maple Pulse, Jade Fabric Mesh",Copperline Systems Inc.
Saffron Pulse Copperline,Saffron Pulse,Copperline Systems Inc.
Coda Grid Copperline,Coda Grid,Copperline Systems Inc.
Jade Grid Copperline,Jade Grid,Copperline Systems Inc.
TopazDock Ultra,Sable Grid,Copperline Components Inc.
Pulse Signal and Azure Node Spark,Pulse Signal; Azure Node Spark,Nebula Group Inc.
Golden Drive and Pearl Layer,Golden Drive; Pearl Layer,Copperline Systems Inc.
Beryl Drive Copperline,Beryl Drive; Quartz Pulse,Copperline Systems Inc.
PulseRouter Ultra,Azure Drive & Umber Spark,Copperline Systems Inc.
Sol Mesh Copperline,Sol Mesh,Copperline Systems Inc.
Teal Mesh Copperline,Teal Mesh,Copperline Systems Inc.
BeamCase Gen,Sonic Edge,Copperline Systems Inc.
SolBuds Lite,Ruby Edge,Catalyst Group Inc.
SolPhone Mini Ultra and CoreBook Pro Max,Slate Hub and Aero Flex,Copperline Systems Inc.
Opal Sync Copperline,Opal Sync,Copperline Systems Inc.
Terra Flex Copperline,Terra Flex,Copperline Systems Inc.
KairoPad Mini Mini,Pulse Flex,Arbor Devices Inc.
Maple Flex Copperline,Maple Flex,Copperline Systems Inc.
Coda Spark Copperline,Coda Spark,Copperline Systems Inc.
Aero Vault Copperline,Aero Vault,Copperline Systems Inc.
Helio Vault Copperline,Helio Vault,Copperline Systems Inc.
SolRouter Air Ultra,Astra Vault,Copperline Systems Inc.
Vega Vault Copperline,Vega Vault,Copperline Systems Inc.
Cerulean Vault Copperline,Cerulean Vault,Copperline Systems Inc.
Teal Frame Copperline,Teal Frame,Copperline Systems Inc.
Pearl Layer Copperline,Pearl Layer,Copperline Systems Inc.
Silver Core Link Copperline,Silver Core Link,Copperline Systems Inc.
Cerulean Core Grid Copperline,Cerulean Core Grid,Copperline Systems Inc.
Terra Fabric Beam Copperline,Terra Fabric Beam,Copperline Systems Inc.
Delta Fabric Drive Copperline,Delta Fabric Drive,Copperline Systems Inc.
Terra Matrix Edge Copperline,Terra Matrix Edge,Copperline Systems Inc.
Echo Matrix Sync Copperline,Echo Matrix Sync,Copperline Systems Inc.
Maple Bridge Node Copperline,Maple Bridge Node,Copperline Systems Inc.
Nimbus Wave Pulse Copperline,Nimbus Wave Pulse,Copperline Systems Inc.
Azure Node Spark Copperline,Azure Node Spark,Copperline Systems Inc.
Kairo Grid Shield Copperline,Kairo Grid Shield,Copperline Systems Inc.
Delta Grid Sync Copperline,Delta Grid Sync,Copperline Systems Inc.
Magenta Grid Flex Copperline,Magenta Grid Flex,Copperline Systems Inc.
Auric Sense Catalyst,Auric Sense,Catalyst Devices Inc.
Nova Kernel Lumen,Nova Kernel,Lumen Electronics Inc.
OnyxBook Plus and HarborCam Plus SE,Echo Kernel & Pulse Frame,Nightfall Technologies Inc.
Zen Node SilverLine,Zen Node,SilverLine Components Inc.
Sonic Grid SilverLine,Sonic Grid,SilverLine Components Inc.
CatalystBeam Lite / SenseDrive Plus Plus,Umber Spark,Skyforge Networks Inc.
Quartz Edge Aurora,Quartz Edge,Aurora Group Inc.
Pearl Pulse Kernel Riverstone,Pearl Pulse Kernel,Riverstone Works Inc.
Pearl Pulse Kernel Harbor,Pearl Pulse Kernel,Harbor Holdings Inc.
Citrine Dock Clearwater,Citrine Dock,Clearwater Technologies Inc.
Ember Grid Highland,Ember Grid,Highland Devices Inc.
Ember Grid Summit,Ember Grid,Summit Electronics Inc.
SenseCam Edge Gen / CrownKey Air Gen 128GB Dual‑SIM / SenseCam Edge Gen / CrownKey Air Gen 1TB Dual‑SIM,Luna Vector,NovaWorks Components Inc.
SolSpeaker Pro Gen,Atlas Core Edge,BlueRiver Networks Inc.
NebulaLink Edge / SummitLink Edge,"Auric Drive, Maple Drive",Ironwood Group Inc.
VegaCase Mini SE,Mira Layer,Mountain Systems Inc.
AuroraPhone Plus SE 128GB Dual‑SIM,Topaz Vault,Lighthouse Labs Inc.
NebulaPhone Plus Air 128GB Refurbished / SummitPhone Plus Plus 256GB Starter Kit,Topaz Vault,Lighthouse Labs Inc.
NebulaPhone Plus Air 128GB Refurbished / HarborPhone Plus Pro 64GB Dual‑SIM / SummitPhone Plus Plus 256GB Starter Kit,Topaz Vault,Lighthouse Labs Inc.
CopperBeam Plus Mini / JadeBeam Plus Lite,Maple Module Arc,Lighthouse Labs Inc.
KairoWatch SE,Azure Engine,Nebula Industries Inc.
SparkBeam Air,Graphite Matrix,Astra Manufacturing Inc.
Sierra Spark StonebridgSU,Sierra Spark,Stonebridge Industries Inc.
TopazWatch Pro SE,Graphite Layer,Northwind Electronics Inc.
Silver Stack EchoLabs,Silver Stack,EchoLabs Systems Inc.
Umber Kernel EchoLabs,Umber Kernel,EchoLabs Systems Inc.
Luna Grid EchoLabs,Luna Grid,EchoLabs Systems Inc.
Quartz Shield EchoLabs,Quartz Shield,EchoLabs Systems Inc.
Ruby Sync EchoLabs,Ruby Sync,EchoLabs Systems Inc.
Cerulean Spark EchoLabs,Cerulean Spark,EchoLabs Systems Inc.
Cinder Flow EchoLabs,Cinder Flow,EchoLabs Systems Inc.
Indigo Vector EchoLabs,Indigo Vector,EchoLabs Systems Inc.
Nimbus Frame EchoLabs,Nimbus Frame,EchoLabs Systems Inc.
Teal Module Dock EchoLabs,Teal Module Dock,EchoLabs Systems Inc.
Onyx Fabric Edge EchoLabs,Onyx Fabric Edge,EchoLabs Systems Inc.
SignalCam Edge Mini,Golden Matrix Flow,EchoLabs Systems Inc.
Pearl Link Pulse EchoLabs,Pearl Link Pulse,EchoLabs Systems Inc.
CitrineRouter Edge Mini,Nimbus Frame,Northwind Technologies Inc.
SonicCase Gen Max,Coral Vector,Seabird Electronics Inc.
PearlCharge Plus,Crimson Flow,Saffron Components Inc.
JadeCharge Lite,Maple Dock,Meadow Networks Inc.
OnyxRouter Lite / IndigoRouter Lite,Argo Dock,Arbor Group Inc.
PearlPad SE,Sierra Flex,Mosaic Holdings Inc.
AzureCase Ultra,Jade Signal,Clearwater Labs Inc.
AzureCase Ultra,Jade Signal,Clearwater Labs Inc.
MiraDrive Mini 64GB Starter Kit,Orion Module,BrightWave Labs Inc.
NebulaStand Max,Aero Signal,Meadow Works Inc.
SenseStand Edge Gen Lite,Magenta Layer,Sunpeak Holdings Inc.
ZenithDrive Ultra Gen,Argo Engine,Aurora Components Inc.
Sol Edge Riverstone,Sol Edge,Riverstone Networks Inc.
Violet Hub Riverstone,Violet Hub,Riverstone Networks Inc.
DriveSpeaker Air Gen,Auric Vault,Copperline Holdings Inc.
Argo Core Beam Riverstone,Argo Core Beam,Riverstone Networks Inc.
Ivory Fabric Engine Riverstone,Ivory Fabric Engine,Riverstone Networks Inc.
Frost Mesh Harbor,Frost Mesh,Harbor Group Inc.
Silver Layer and Azure Grid Beam,Silver Layer; Azure Grid Beam,Arbor Devices Inc.
JadeKey Pro / CrimsonKey Pro,Terra Pulse,Atlas Works Inc.
Terra Bridge Zenith,Terra Bridge,Zenith Holdings Inc.
WaveDrive Plus / CodaLink Plus,Terra Bridge,Zenith Holdings Inc.
Sonic Grid RedStone,Sonic Grid,RedStone Labs Inc.
Frost Mesh RedStone,Frost Mesh,RedStone Labs Inc.
Sonic Grid Clearwater,Sonic Grid,Clearwater Manufacturing Inc.
Frost Mesh Evergreen,Frost Mesh,Evergreen Industries Inc.
BridgeBeam Plus Pro,Helio Shield,Windmill Networks Inc.
QuartzCharge Pro Ultra,Opal Sync,Summit Technologies Inc.
SparkNode Gen Ultra,Saffron Flex,Summit Technologies Inc.
LyraDrive Pro Max,Delta Arc,Nightfall Networks Inc.
LumenBeam Gen Pro,Zen Engine Bridge,Windmill Networks Inc.
SonicBuds Plus,Ruby Layer,Windmill Networks Inc.
LyraDrive Pro Max,Delta Arc,Nightfall Networks Inc.
GoldenHub SE Mini and LyraHub Edge / JadeHub SE Gen / IndigoPad SE Max Ultra,Ivory Spark,Lighthouse Works Inc.
GoldenHub SE Mini and LyraHub Edge / JadeHub SE Gen / IndigoPad SE Max Ultra / SyncHub SE Edge,Ivory Spark,Lighthouse Works Inc.
SummitBuds Mini Max,Cobalt Vault,Quantum Manufacturing Inc.
SignalBook Air Air / IndigoStand Mini Plus Pro,Silver Hub,Glacier Technologies Inc.
GlacierCam Lite 64GB Starter Kit,Graphite Sync,Glacier Technologies Inc.
Lime Mesh BrightWave,Lime Mesh,BrightWave Networks Inc.
DriveStand Ultra,Terra Dock,Starlight Group Inc.
Crimson Shield StonebridgQA,Crimson Shield,Stonebridge Holdings Inc.
Echo Dock StonebridgQA,Echo Dock,Stonebridge Holdings Inc.
BeamDrive Pro Gen,Jade Fabric Mesh & Opal Pulse Beam,Photon Labs Inc.
CoreKey Pro Max,Citrine Edge,Saffron Devices Inc.
HelioCharge SE Lite Mini,Ember Core,RedStone Works Inc.
AstraBuds Mini,"Echo Layer, Coral Core",RedStone Works Inc.
PulsePad Gen Mini,Pulse Module,RedStone Works Inc.
FlexCase Max / EdgeCase Max,Sable Wave,RedStone Works Inc.
BeamCase Max,Sable Wave and Cerulean Hub,Meadow Electronics Inc.
HelioKey Gen Air,Sierra Dock,Arbor Components Inc.
MiraKey Gen Pro,Sierra Dock,Meadow Electronics Inc.
CopperKey Mini SE Air,Golden Dock,Evergreen Holdings Inc.
GlacierNode Mini Pro,Sable Flex,Arbor Components Inc.
TealCharge SE Air,Nova Layer,Arbor Components Inc.
GoldenCase Lite Mini,Coda Wave Mesh,RedStone Works Inc.
CrimsonNode Lite Lite,Umber Wave Link,RedStone Works Inc.
Pearl Kernel Drive Mosaic,Pearl Kernel Drive,Mosaic Group Inc.
JadePad Lite Ultra,Delta Drive,Evergreen Holdings Inc.
NebulaStand SE Air / CrownStand Pro Max,Nova Engine Module,Cinder Labs Inc.
VectorCam Ultra Mini,Cerulean Stack Stack,Evergreen Devices Inc.
PearlStand Lite Mini,Cerulean Kernel,Evergreen Holdings Inc.
CobaltStand Edge Gen,Cerulean Kernel & Astra Vault,Lumen Manufacturing Inc.
OnyxStand Gen Lite,Cerulean Kernel and Astra Vault,Lumen Manufacturing Inc.
FlexSpeaker Mini Ultra Edge,Ember Arc,Lumen Manufacturing Inc.
SolStand Mini SE,Luna Engine Engine,Evergreen Holdings Inc.
HarborStand Plus Pro,Nova Engine Module,Lumen Manufacturing Inc.
HelioBook Edge,Frost Module Sense,Crown Holdings Inc.
AzureDrive Edge Edge,Pearl Kernel Drive,Atlas Networks Inc.
MintDrive Edge Lite,Pearl Kernel Drive,Lumen Manufacturing Inc.
BeamNode Mini Air Plus,Umber Kernel Hub,Skylark Manufacturing Inc.
SignalSpeaker Ultra Edge Gen,Cedar Grid Arc,Lumen Manufacturing Inc.
TealPad Lite Pro / PhotonPhone Mini SE,Astra Flex,Atlas Networks Inc.
AuroraDrive Lite Ultra,Azure Wave + Coral Pulse + Coral Shield + Helio Node Engine,Evergreen Holdings Inc.
WaveSpeaker Ultra Edge,"Coral Pulse, Violet Wave",Skyforge Technologies Inc.
BeamSpeaker Ultra Gen,Azure Wave,Evergreen Holdings Inc.
MintBook Air,Quanta Drive,RedStone Works Inc.
ZenithSpeaker Edge,Slate Module,Evergreen Holdings Inc.
AuroraCase Gen Lite,Sierra Fabric,RedStone Works Inc.
PulseLink Ultra Lite,Lime Shield,Aurora Devices Inc.
AuroraPhone Edge,Sonic Kernel Layer,RedStone Works Inc.
NebulaPhone Edge,Atlas Kernel Core,Aurora Devices Inc.
AzureBook SE Plus Pro,Silver Grid Stack,Arbor Devices Inc.
PulseLink Ultra Lite / BridgeHub Edge,Lime Shield,Aurora Devices Inc.
PulseLink Ultra Lite / BridgeHub Edge,Lime Shield,Aurora Devices Inc.
AtlasPad Gen Max,Atlas Stack,NovaWorks Systems Inc.
JadePad SE Mini SE,Golden Kernel and Helio Arc and Sable Stack Grid and Topaz Link Flex,NovaWorks Systems Inc.
SenseCam Edge,Topaz Kernel,NovaWorks Systems Inc.
TealBeam Mini Air Plus,"Cobalt Wave, Pulse Node",NovaWorks Systems Inc.
TerraBeam Max,Mira Node,Evergreen Holdings Inc.
VectorNode Air Air,Nova Signal,NovaWorks Systems Inc.
FlexWatch SE Edge Gen,Golden Flow,Crown Industries Inc.
VegaCam SE Edge Gen,Atlas Drive Fabric,Highland Industries Inc.
EchoKey Pro Plus,Argo Stack; Sierra Kernel; Jade Core Frame,Windmill Electronics Inc.
SummitSpeaker Air Pro and OrionLink SE,Argo Stack & Mira Vault,Windmill Electronics Inc.
Terra Kernel Lighthouse,Terra Kernel,Lighthouse Networks Inc.
Ruby Grid Lighthouse,Ruby Grid,Lighthouse Networks Inc.
Ruby Grid Nebula,Ruby Grid; Sable Grid,Nebula Group Inc.
Vega Mesh Astra,Vega Mesh,Astra Works Inc.
TerraHub Lite SE 512GB Refurbished,Ruby Fabric Link,Mountain Industries Inc.
TealNode Ultra Edge,Ember Dock,Glacier Manufacturing Inc.
NebulaKey Mini,Helio Vector,Glacier Manufacturing Inc.
SonicBuds Edge,Helio Vector,Glacier Manufacturing Inc.
AtlasCam SE Mini SE,Helio Vector,Glacier Manufacturing Inc.
DriveStand Edge / NimbusDock Lite Ultra,Graphite Pulse Shield,Crown Systems Inc.
Atlas Wave Skylark,Atlas Wave,Skylark Technologies Inc.
PhotonSpeaker Edge,Sierra Drive,Arbor Devices Inc.
Beryl Hub Sunpeak,Beryl Hub,Sunpeak Devices Inc.
CrownLink SE Lite and CrimsonBuds Mini SE,Beryl Hub; Coral Flow,Arbor Devices Inc.
Pearl Flex Sunpeak,Pearl Flex,Sunpeak Devices Inc.
Sol Flow Sunpeak,Sol Flow,Sunpeak Devices Inc.
Vega Vault Skylark,Vega Vault,Skylark Technologies Inc.
Delta Engine Spark Skylark,Delta Engine Spark,Skylark Technologies Inc.
Sonic Fabric Matrix Sunpeak,Sonic Fabric Matrix,Sunpeak Devices Inc.
Auric Fabric Sync Sunpeak,Auric Fabric Sync,Sunpeak Devices Inc.
LumenCharge Gen SE,Pulse Link Sense,Arbor Devices Inc.
JadePad Pro Max Ultra Edge,Vega Node Wave,Astra Works Inc.
Beryl Signal Bridge Skylark,Beryl Signal Bridge,Skylark Technologies Inc.
Magenta Pulse Engine BrightWave,Magenta Pulse Engine,BrightWave Electronics Inc.
Atlas Wave Starlight,Atlas Wave,Starlight Components Inc.
PhotonSpeaker Edge,Sierra Drive,Arbor Devices Inc.
CrownLink SE Lite and CrimsonBuds Mini SE,"Beryl Hub, Coral Flow",Arbor Devices Inc.
Topaz Sync Nightfall,Topaz Sync,Nightfall Networks Inc.
Pearl Flex Nightfall,Pearl Flex,Nightfall Networks Inc.
Sol Flow Nightfall,Sol Flow,Nightfall Networks Inc.
Jade Arc Nightfall,Jade Arc,Nightfall Networks Inc.
Teal Layer Nightfall,Teal Layer,Nightfall Networks Inc.
Nova Core Matrix Nightfall,Nova Core Matrix,Nightfall Networks Inc.
Sonic Fabric Matrix Nightfall,Sonic Fabric Matrix,Nightfall Networks Inc.
Auric Fabric Sync Nightfall,Auric Fabric Sync,Nightfall Networks Inc.
Pearl Kernel Drive Nightfall,Pearl Kernel Drive,Nightfall Networks Inc.
Frost Pulse Arc Nightfall,Frost Pulse Arc,Nightfall Networks Inc.
Lime Wave Spark Nightfall,Lime Wave Spark,Nightfall Networks Inc.
JadePad Pro Max Ultra Edge,Vega Node Wave,Astra Works Inc.
Azure Signal Edge Nightfall,Azure Signal Edge,Nightfall Networks Inc.
Silver Drive Flow Nightfall,Silver Drive Flow,Nightfall Networks Inc.
Silver Drive Flow StonebridgUS,Silver Drive Flow,Stonebridge Group Inc.
CitrineNode Lite Ultra,Cedar Node Frame,Photon Works Inc.
IndigoLink Ultra,Mira Engine,EchoLabs Holdings Inc.
QuartzNode Lite Max,Echo Matrix,Northwind Labs Inc.
OpalNode Lite Pro,Maple Arc,Northwind Labs Inc.
RubyLink Ultra,Argo Module Drive,Northwind Labs Inc.
TopazNode Edge Edge,Nova Bridge Drive,Northwind Labs Inc.
SilverNode Lite / SilverStand Gen Ultra 1TB Dual‑SIM,Cerulean Link Dock,Northwind Labs Inc.
CitrineLink Ultra,Pearl Wave Stack,Northwind Labs Inc.
AzureBuds Mini Mini / SyncPad Max / BridgeDock Ultra,Umbral Grid,DeepField Industries Inc.
UmberBuds Mini Mini / NebulaPad Plus Gen / ArgoCam SE Gen,Umber Spark,Seabird Manufacturing Inc.
CopperRouter Edge Lite,Maple Fabric,Aurora Systems Inc.
VectorBeam SE,Quartz Shield,Copperline Group Inc.
Nimbus Frame 1TB Starter Kit Cinder,Nimbus Frame,Cinder Works Inc.
SonicPad Edge,Auric Bridge Signal,Catalyst Holdings Inc.
Silver Layer SilverLine,Silver Layer,SilverLine Industries Inc.
Silver Layer Skyforge,Silver Layer,Skyforge Manufacturing Inc.
Jade Flex Aurora,Jade Flex,Aurora Systems Inc.
Cerulean Core Grid Aurora,Cerulean Core Grid,Aurora Systems Inc.
CobaltPad SE Edge Gen,Opal Bridge Vault,Riverstone Technologies Inc.
Coda Core Sense 64GB Refurbished Harbor,Coda Core Sense,Harbor Devices Inc.
Umbral Dock RedStone,Umbral Dock,RedStone Networks Inc.
Umbral Dock Evergreen,Umbral Dock,Evergreen Group Inc.
SlateNode Mini SE Air 256GB Refurbished / OpalNode Air Plus Pro,Indigo Core,Clearwater Works Inc.
CrownCam Pro / ZenithCharge SE Ultra Edge / GlacierCam Pro,Aero Link,Clearwater Works Inc.
NovaCharge SE SE Air / CrownCam Pro,Aero Link,Clearwater Works Inc.
EchoCharge SE Air Plus / GlacierCam Pro,Aero Link,Clearwater Works Inc.
NimbusCharge SE Edge Gen / TerraCharge SE Gen Lite,Aero Link and Ruby Fabric Link,Clearwater Works Inc.
SlateLink Gen Lite,Cedar Grid & Sol Flow,Clearwater Works Inc.
AtlasCam Pro,Vega Beam,Clearwater Works Inc.
EchoKey Air Plus / MintPad Plus Ultra,Vega Beam,Clearwater Works Inc.
PearlLink Edge Gen,Sol Flow,Clearwater Works Inc.
WaveWatch Air Edge,Luna Vector,Clearwater Works Inc.
QuartzNode Mini SE Air,Luna Vector,Clearwater Works Inc.
QuartzNode Mini SE Air / BeamWatch Air Gen,Luna Vector,Clearwater Works Inc.
ZenithCase Mini Mini SE,Vega Frame and Ivory Module Bridge,Clearwater Works Inc.
NovaCharge SE SE Air / AstraBuds Pro / OnyxCam Mini / MiraBook 128GB Dual‑SIM / SaffronCam Mini / JadeCam Mini,Aero Link,Clearwater Works Inc.
NovaCharge SE SE Air / AstraBuds Pro / OnyxCam Mini / MiraBook 128GB Dual‑SIM / SaffronCam Mini / JadeCam Mini,Aero Link,Clearwater Works Inc.
"ZenithCharge SE Ultra Edge / EchoCharge SE Air Plus / EchoCharge SE Air Plus, WaveHub SE Mini",Aero Link,NovaWorks Industries Inc.
TerraKey Max Edge / NimbusKey Max Ultra / UmberPad Air Max / HelioKey Max Gen,Frost Sense,NovaWorks Industries Inc.
Pulse Edge Ironwood,Pulse Edge,Ironwood Systems Inc.
SparkHub SE Lite,Silver Vault,Windmill Technologies Inc.
Opal Stack Link SpringboarGZ,Opal Stack Link,Springboard Devices Inc.
Silver Beam Nebula,Silver Beam,Nebula Components Inc.
Coda Drive Astra,Coda Drive,Astra Networks Inc.
Coda Drive Pinecone,Coda Drive,Pinecone Group Inc.
SlateBook SE,Coda Kernel Frame,Quantum Works Inc.
LyraLink Mini Edge 256GB Dual‑SIM / SlateCharge SE Lite and LumenCase Ultra Edge / SlateCharge SE Lite and MiraCase Ultra Plus / SyncCam Mini / JadeNode Mini Mini 64GB Starter Kit,Frost Flow + Sable Fabric Pulse,Glacier Labs Inc.
LyraLink Mini Edge 256GB Dual‑SIM / SlateCharge SE Lite and LumenCase Ultra Edge / SlateCharge SE Lite and MiraCase Ultra Plus / JadeNode Mini Mini 64GB Starter Kit,Frost Flow & Sable Fabric Pulse,Glacier Labs Inc.
SyncRouter SE Gen,Orion Stack Fabric,Starlight Devices Inc.
PhotonBeam Plus Plus,Atlas Flex,Nightfall Electronics Inc.
MiraDrive Mini 64GB Starter Kit,Orion Module,BrightWave Labs Inc.
MintStand Gen Plus 64GB Refurbished,Umber Link Shield,Arbor Devices Inc.
CobaltCase Plus Pro / GlacierCase Plus Air / OrionStand Gen Mini / SaffronCase Plus Plus / NimbusStand Gen SE / SignalBeam Plus Edge,Kairo Signal,Arbor Systems Inc.
CobaltCase Plus Pro / GlacierCase Plus Air / OrionStand Gen Mini / SaffronCase Plus Plus / NimbusStand Gen SE / OrionStand Gen Mini 128GB Bundle / SignalBeam Plus Edge,Kairo Signal,Arbor Systems Inc.
CobaltCase Plus Pro / GlacierCase Plus Air / OrionStand Gen Mini / SaffronCase Plus Plus / NimbusStand Gen SE / OrionStand Gen Mini 128GB Bundle / SignalBeam Plus Edge,Kairo Signal,Arbor Systems Inc.
CobaltCase Plus Pro / GlacierCase Plus Air / OrionStand Gen Mini / SaffronCase Plus Plus / NimbusStand Gen SE / OrionStand Gen Mini 128GB Bundle / SignalBeam Plus Edge,Kairo Signal,Arbor Systems Inc.
AuroraHub Plus Pro / CoreWatch Air / QuartzCharge Max Ultra Edge / VectorPad Air Max / SparkSpeaker Gen Air / MintCam Mini / MiraCharge Lite / PhotonPhone Mini SE Air and SaffronPad Mini Gen Lite / PulseBook 512GB Bundle / SonicCase SE Air Plus / TopazKey Gen and SolWatch Mini SE Air 512GB Starter Kit / SyncDock Edge / ZenithPhone SE SE / LumenCase Plus / ArgoBuds Ultra / SummitKey Edge Edge / AstraSpeaker Lite 1TB Starter Kit / CobaltRouter Edge,Azure Grid Beam,Copperline Components Inc.
AuroraHub Plus Pro / CoreWatch Air / QuartzCharge Max Ultra Edge / SparkSpeaker Gen Air / MintCam Mini / MiraCharge Lite / PhotonPhone Mini SE Air and SaffronPad Mini Gen Lite / PulseBook 512GB Bundle / SonicCase SE Air Plus / TopazKey Gen and SolWatch Mini SE Air 512GB Starter Kit / SyncDock Edge / ZenithPhone SE SE / ArgoBuds Ultra / AstraSpeaker Lite 1TB Starter Kit / LumenCase Plus / CobaltRouter Edge,Azure Grid Beam,Copperline Components Inc.
AuroraHub Plus Pro / CoreWatch Air / QuartzCharge Max Ultra Edge / SparkSpeaker Gen Air / MintCam Mini / MiraCharge Lite / PhotonPhone Mini SE Air and SaffronPad Mini Gen Lite / PulseBook 512GB Bundle / SonicCase SE Air Plus / TopazKey Gen and SolWatch Mini SE Air 512GB Starter Kit / SyncDock Edge / ZenithPhone SE SE / NebulaHub Plus Max / ArgoBuds Ultra / AstraSpeaker Lite 1TB Starter Kit / LumenCase Plus / CobaltRouter Edge,Azure Grid Beam,Copperline Components Inc.
BridgeHub Lite Mini / OpalHub Air Plus and RubyHub Ultra / JadeSpeaker Mini,Golden Grid & Vega Beam,Cinder Networks Inc.
JadeDrive Pro Max Ultra / AuroraPhone Gen 1TB Starter Kit / AuroraPhone Gen 128GB Dual‑SIM / SlatePad Air Gen / TopazPad Air Lite,Frost Sense,SilverLine Holdings Inc.
AuroraHub Plus Pro / CoreWatch Air / QuartzCharge Max Ultra Edge / VectorPad Air Max / SparkSpeaker Gen Air / MintCam Mini / MiraCharge Lite / PhotonPhone Mini SE Air and SaffronPad Mini Gen Lite / PulseBook 512GB Bundle / SonicCase SE Air Plus / TopazKey Gen and SolWatch Mini SE Air 512GB Starter Kit / SyncDock Edge / ZenithPhone SE SE / LumenCase Plus / ArgoBuds Ultra / AstraSpeaker Lite 1TB Starter Kit / SummitKey Edge Edge / AuroraCase Lite / CobaltRouter Edge,Azure Grid Beam,Copperline Components Inc.
AuroraHub Plus Pro / CoreWatch Air / QuartzCharge Max Ultra Edge / VectorPad Air Max / SparkSpeaker Gen Air / MintCam Mini / PhotonPhone Mini SE Air and SaffronPad Mini Gen Lite / PulseBook 512GB Bundle / SonicCase SE Air Plus / TopazKey Gen and SolWatch Mini SE Air 512GB Starter Kit / SyncDock Edge / ZenithPhone SE SE / LumenCase Plus / ArgoBuds Ultra / AstraSpeaker Lite 1TB Starter Kit / SummitKey Edge Edge / MiraCharge Lite / AuroraCase Lite / CobaltRouter Edge,Azure Grid Beam,Copperline Components Inc.
AuroraHub Plus Pro / CoreWatch Air / QuartzCharge Max Ultra Edge / VectorPad Air Max / SparkSpeaker Gen Air / MintCam Mini / MiraCharge Lite / PhotonPhone Mini SE Air and SaffronPad Mini Gen Lite / PulseBook 512GB Bundle / SonicCase SE Air Plus / TopazKey Gen and SolWatch Mini SE Air 512GB Starter Kit / SyncDock Edge / ZenithPhone SE SE / LumenCase Plus / ArgoBuds Ultra / AstraSpeaker Lite 1TB Starter Kit / SummitKey Edge Edge / AuroraCase Lite / CobaltRouter Edge,Azure Grid Beam,Copperline Components Inc.
AuroraHub Plus Pro / CoreWatch Air / QuartzCharge Max Ultra Edge / SparkSpeaker Gen Air / MintCam Mini / MiraCharge Lite / PhotonPhone Mini SE Air and SaffronPad Mini Gen Lite / PulseBook 512GB Bundle / SonicCase SE Air Plus / TopazKey Gen and SolWatch Mini SE Air 512GB Starter Kit / SyncDock Edge / ZenithPhone SE SE / ArgoBuds Ultra / AstraSpeaker Lite 1TB Starter Kit / SummitKey Edge Edge / AuroraCase Lite / LumenCase Plus / CobaltRouter Edge,Azure Grid Beam,Copperline Components Inc.
AzureCam Mini / NovaCharge Max Ultra Edge and ZenithCam Max / PhotonCam Mini,Frost Flow; Sable Fabric Pulse,Atlas Technologies Inc.
AzureCam Mini / NovaCharge Max Ultra Edge and ZenithCam Max / PhotonCam Mini / TealCam Mini,Frost Flow and Sable Fabric Pulse,Atlas Technologies Inc.
Ivory Fabric Highland,Ivory Fabric,Highland Group Inc.
Sable Node Highland,Sable Node,Highland Group Inc.
Sol Grid Highland,Sol Grid,Highland Group Inc.
Copper Module Matrix Highland,Copper Module Matrix,Highland Group Inc.
"SenseBook Plus, SparkDock and OrionWatch Plus","Indigo Core, Lyra Kernel, Sierra Kernel",BlueRiver Technologies Inc.
AzureBuds Air Plus and SparkDock,Indigo Core + Topaz Hub,NovaWorks Holdings Inc.
EchoWatch Max Air and SparkDock RevB,"Indigo Core, Citrine Core Dock",Aurora Industries Inc.
EchoWatch Max Air and SparkDock RevA,Indigo Core & Citrine Core Dock,Aurora Industries Inc.
Indigo Stack 512GB Starter Kit NovaWorks,Indigo Stack,NovaWorks Holdings Inc.
Luna Matrix Summit,Luna Matrix,Summit Works Inc.
Atlas Wave BlueRiver,Atlas Wave,BlueRiver Labs Inc.
Indigo Node Summit,Indigo Node,Summit Works Inc.
VegaPad Ultra and MiraCase Ultra Plus 64GB Refurbished/EchoPhone 512GB Starter Kit,"Beryl Node, Sable Fabric Pulse",Summit Works Inc.
Violet Node NovaWorks,Violet Node,NovaWorks Holdings Inc.
AzureBuds Air Plus and VegaBook Pro Max,"Indigo Core, Topaz Hub",NovaWorks Holdings Inc.
AstraWatch Pro Max,Helio Beam,Astra Works Inc.
Magenta Beam NovaWorks,Magenta Beam,NovaWorks Holdings Inc.
Magenta Sync NovaWorks,Magenta Sync,NovaWorks Holdings Inc.
Aero Spark NovaWorks,Aero Spark,NovaWorks Holdings Inc.
RubySpeaker Air Ultra,Cobalt Vault,Ironwood Devices Inc.
Cobalt Vault Summit,Cobalt Vault,Summit Works Inc.
Cobalt Vault NovaWorks,Cobalt Vault,NovaWorks Holdings Inc.
Topaz Core Sense NovaWorks,Topaz Core Sense,NovaWorks Holdings Inc.
Citrine Core Dock NovaWorks,Citrine Core Dock,NovaWorks Holdings Inc.
Citrine Core Dock Summit,Citrine Core Dock,Summit Works Inc.
Umbral Core Sync NovaWorks,Umbral Core Sync,NovaWorks Holdings Inc.
CatalystSpeaker SE Mini,Opal Module Node,Summit Works Inc.
Opal Module Node NovaWorks,Opal Module Node,NovaWorks Holdings Inc.
Opal Module Node BlueRiver,Opal Module Node,BlueRiver Labs Inc.
Umber Fabric Arc NovaWorks,Umber Fabric Arc,NovaWorks Holdings Inc.
Umbral Link Frame NovaWorks,Umbral Link Frame,NovaWorks Holdings Inc.
SlateBook Mini Edge Gen,Silver Signal Core,NovaWorks Holdings Inc.
VectorHub Pro 512GB Starter Kit / JadeCam Mini,Argo Link,Ironwood Industries Inc.
Citrine Core Dock Windmill,Citrine Core Dock,Windmill Manufacturing Inc.
MintSpeaker Max,Zen Kernel,Lighthouse Technologies Inc.
CitrinePhone Pro Air,Echo Flex,Astra Electronics Inc.
UmberHub Ultra Max,Kairo Vector,Lighthouse Technologies Inc.
TopazPhone Gen,Auric Grid Frame,Pinecone Devices Inc.
IndigoDrive Mini Edge,Jade Node,Pinecone Components Inc.
ZenithCharge Lite 64GB Dual‑SIM / CobaltSpeaker Lite 256GB Bundle / TopazKey Gen and IndigoWatch Max Ultra Edge / ArgoCase Plus 1TB Refurbished / BridgeSpeaker Gen Lite 1TB Dual‑SIM / OnyxCharge Mini SE Air 256GB Bundle / SignalWatch Air 1TB Refurbished / SenseLink Air Mini 256GB Starter Kit / PhotonPhone Mini SE Air and AtlasPad Mini Mini SE 256GB Dual‑SIM / HelioBuds Ultra / TopazKey Gen and IndigoWatch Max Ultra Edge 64GB Dual‑SIM / IndigoBuds Mini Gen Lite / TealCharge Lite Plus 256GB Starter Kit / PhotonDock Edge 1TB Dual‑SIM,Topaz Vault,Quantum Networks Inc.
UmberSpeaker Ultra SE 128GB Starter Kit,Umber Flex,Glacier Works Inc.
SonicLink Pro Ultra,Indigo Layer,Glacier Works Inc.
WaveLink Pro SE 1TB Starter Kit / VectorWatch Air,Umber Spark,Crown Holdings Inc.
LumenCharge Lite / SlateWatch Air / VectorBook Ultra / EdgeSpeaker SE Air Plus / JadeCam Mini,Jade Spark,BrightWave Manufacturing Inc.
LumenCharge Lite / SlateWatch Air / VectorBook Ultra / EdgeSpeaker SE Air Plus / JadeCam Mini,Jade Spark,BrightWave Manufacturing Inc.
LumenCharge Lite / SlateWatch Air / VectorBook Ultra / EdgeSpeaker SE Air Plus / JadeCam Mini,Jade Spark,BrightWave Manufacturing Inc.
CodaCharge Lite / TopazSpeaker Air and VectorBook Mini Pro / DriveWatch Air / SparkKey Plus Plus / TopazKey Gen and TealWatch Lite Mini SE Air / OnyxRouter Edge / CitrineCharge Ultra Edge Gen / PhotonPhone Mini SE Air and IndigoPad Mini Edge Gen / PhotonPhone Mini SE Air and CobaltPad Mini Lite Mini / JadeCharge Lite Max / AuroraCase Plus / GlacierLink Mini SE 64GB Refurbished,Lime Frame,Nightfall Technologies Inc.
CodaCharge Lite / TopazSpeaker Air and VectorBook Mini Pro / DriveWatch Air / SparkKey Plus Plus / TopazKey Gen and TealWatch Lite Mini SE Air / OnyxRouter Edge / CitrineCharge Ultra Edge Gen / PhotonPhone Mini SE Air and IndigoPad Mini Edge Gen / PhotonPhone Mini SE Air and CobaltPad Mini Lite Mini / PearlWatch Air Plus / JadeCharge Lite Max / AuroraCase Plus / GlacierLink Mini SE 64GB Refurbished,Lime Frame,Nightfall Technologies Inc.
UmberCam Mini and ZenithCam Max / HelioLink Mini Ultra 256GB Dual‑SIM / AzureCharge Lite Air / NovaCharge Max Ultra Edge and ZenithCam Max / QuartzCharge SE SE / SaffronBuds Mini and LumenCam Max 512GB Dual‑SIM / CopperNode Mini Mini / PhotonCam Mini / OpalSpeaker Gen Air and ZenithCam Max / PhotonCam Mini 64GB Refurbished / PhotonKey Max Plus / TopazKey Gen and HarborWatch Plus Pro Max 64GB Starter Kit / SaffronSpeaker Lite / AstraCase Plus and ZenithCam Max / DriveDock Edge and ZenithCam Max,Frost Flow and Sable Fabric Pulse,Aurora Holdings Inc.
UmberCam Mini and ZenithCam Max / HelioLink Mini Ultra 256GB Dual‑SIM / NovaCharge Max Ultra Edge and ZenithCam Max / QuartzCharge SE SE / SaffronBuds Mini and LumenCam Max 512GB Dual‑SIM / CopperNode Mini Mini / PhotonCam Mini / OpalSpeaker Gen Air and ZenithCam Max / PhotonCam Mini 64GB Refurbished / PhotonKey Max Plus / TopazKey Gen and HarborWatch Plus Pro Max 64GB Starter Kit / SaffronSpeaker Lite / AstraCase Plus and ZenithCam Max / DriveDock Edge and ZenithCam Max,Frost Flow + Sable Fabric Pulse,Aurora Holdings Inc.
UmberCam Mini and ZenithCam Max / HelioLink Mini Ultra 256GB Dual‑SIM / NovaCharge Max Ultra Edge and ZenithCam Max / QuartzCharge SE SE / SaffronBuds Mini and LumenCam Max 512GB Dual‑SIM / CopperNode Mini Mini / PhotonCam Mini / OpalSpeaker Gen Air and ZenithCam Max / PhotonCam Mini 64GB Refurbished / PhotonKey Max Plus / TopazKey Gen and HarborWatch Plus Pro Max 64GB Starter Kit / SaffronSpeaker Lite / AstraCase Plus and ZenithCam Max / DriveDock Edge and ZenithCam Max,Frost Flow & Sable Fabric Pulse,Aurora Holdings Inc.
JadeSpeaker Lite / JadeCam Mini / VectorBook Ultra / LumenCase Plus / QuartzSpeaker Gen Plus / SlateWatch Air / DriveBeam Plus Pro / EchoCharge Ultra Edge Gen / SlateCharge SE Lite,Frost Flow,DeepField Group Inc.
JadeSpeaker Lite / JadeCam Mini / VectorBook Ultra / LumenCase Plus / QuartzSpeaker Gen Plus / SlateWatch Air / DriveBeam Plus Pro / EchoCharge Ultra Edge Gen / SlateCharge SE Lite,Frost Flow,DeepField Group Inc.
JadeSpeaker Lite / JadeCam Mini / VectorBook Ultra / LumenCase Plus / QuartzSpeaker Gen Plus / SlateWatch Air / DriveBeam Plus Pro / SummitRouter Edge / EchoCharge Ultra Edge Gen / SlateCharge SE Lite,Frost Flow,DeepField Group Inc.
SparkSpeaker Lite / CodaRouter Edge / TealWatch Air / NovaBuds Ultra / EchoKey Ultra / SparkDock and OpalHub Air Plus / AtlasCharge Mini SE Air / CodaCam Max Edge / TopazKey Gen and OpalWatch SE Air Plus / EchoBuds Ultra / UmberDock Edge / FlexSpeaker Lite / QuartzRouter Edge / NovaKey Ultra / UmberPad Plus Plus / BeamDrive Ultra / SonicCharge Mini SE Air,Indigo Core & Vega Beam,Arbor Industries Inc.
SparkSpeaker Lite / CodaRouter Edge / TealWatch Air / NovaBuds Ultra / EchoKey Ultra / SparkDock and OpalHub Air Plus / AtlasCharge Mini SE Air / CodaCam Max Edge / TopazKey Gen and OpalWatch SE Air Plus / EchoBuds Ultra / UmberDock Edge / FlexSpeaker Lite / QuartzRouter Edge / NovaKey Ultra / SyncNode Mini Lite / PulseCase Plus / UmberPad Plus Plus / BeamDrive Ultra / SonicCharge Mini SE Air,Indigo Core; Vega Beam,Arbor Industries Inc.
SparkSpeaker Lite / CodaRouter Edge / TealWatch Air / NovaBuds Ultra / EchoKey Ultra / SparkDock and OpalHub Air Plus / AtlasCharge Mini SE Air / CodaCam Max Edge / TopazKey Gen and OpalWatch SE Air Plus / EchoBuds Ultra / UmberDock Edge / FlexSpeaker Lite / QuartzRouter Edge / NovaKey Ultra / UmberPad Plus Plus / BeamDrive Ultra / SonicCharge Mini SE Air,Indigo Core + Vega Beam,Arbor Industries Inc.
SparkSpeaker Lite / CodaRouter Edge / TealWatch Air / NovaBuds Ultra / EchoKey Ultra / SparkDock and OpalHub Air Plus / AtlasCharge Mini SE Air / CodaCam Max Edge / TopazKey Gen and OpalWatch SE Air Plus / EchoBuds Ultra / UmberDock Edge / FlexSpeaker Lite / QuartzRouter Edge / NovaKey Ultra / PulseCase Plus / UmberPad Plus Plus / BeamDrive Ultra / SonicCharge Mini SE Air,Indigo Core and Vega Beam,Arbor Industries Inc.
MiraWatch Lite,Indigo Module,Pinecone Industries Inc.
LumenCam SE Edge Gen,Copper Bridge,DeepField Components Inc.
Auric Link Wave Lighthouse,Auric Link Wave,Lighthouse Manufacturing Inc.
TopazPhone Mini Edge Gen,Quartz Dock,Skylark Works Inc.
Aero Vault Starlight,Aero Vault,Starlight Industries Inc.
"SenseBook Plus, SparkDock and OrionWatch Plus",Indigo Core + Lyra Kernel + Sierra Kernel,BlueRiver Technologies Inc.
"SenseBook Plus, SparkDock, and OrionWatch Plus",Indigo Core & Lyra Kernel & Sierra Kernel,Nightfall Technologies Inc.
"AuroraBook Ultra, SenseDrive Mini, CrownBook Ultra and AstraKey Mini",Sol Module & Frost Module & Azure Node & Violet Node,SilverLine Systems Inc.
Frost Module StonebridgFE,Frost Module,Stonebridge Systems Inc.
Terra Stack StonebridgFE,Terra Stack,Stonebridge Systems Inc.
AuroraPad Air RevB,Echo Fabric,Stonebridge Systems Inc.
AuroraPad Air RevA,Astra Fabric,Stonebridge Systems Inc.
Nova Kernel and Astra Frame,Nova Kernel; Astra Frame,Stonebridge Systems Inc.
Frost Link StonebridgFE,Frost Link,Stonebridge Systems Inc.
Azure Link StonebridgFE,Azure Link,Stonebridge Systems Inc.
Onyx Pulse StonebridgFE,Onyx Pulse,Stonebridge Systems Inc.
Ivory Wave StonebridgFE,Ivory Wave,Stonebridge Systems Inc.
Sable Node StonebridgFE,Sable Node,Stonebridge Systems Inc.
Mira Signal StonebridgFE,Mira Signal,Stonebridge Systems Inc.
Golden Shield StonebridgFE,Golden Shield,Stonebridge Systems Inc.
Maple Drive StonebridgFE,Maple Drive,Stonebridge Systems Inc.
Frost Sense StonebridgFE,Frost Sense,Stonebridge Systems Inc.
Coral Sense StonebridgFE,Coral Sense,Stonebridge Systems Inc.
MiraCharge Gen,Cedar Mesh,BlueRiver Technologies Inc.
Pearl Mesh StonebridgFE,Pearl Mesh,Stonebridge Systems Inc.
Slate Mesh StonebridgFE,Slate Mesh,Stonebridge Systems Inc.
DriveDrive Lite,Sable Dock,Evergreen Industries Inc.
Terra Flex StonebridgFE,Terra Flex,Stonebridge Systems Inc.
Cedar Flex StonebridgFE,Cedar Flex,Stonebridge Systems Inc.
Cedar Spark StonebridgFE,Cedar Spark,Stonebridge Systems Inc.
Silver Spark StonebridgFE,Silver Spark,Stonebridge Systems Inc.
GoldenHub SE Mini,Ivory Spark,Lighthouse Works Inc.
Violet Spark StonebridgFE,Violet Spark,Stonebridge Systems Inc.
Argo Flow StonebridgFE,Argo Flow & Crimson Kernel Edge,Stonebridge Systems Inc.
Frost Flow StonebridgFE,Frost Flow,Stonebridge Systems Inc.
Cerulean Arc StonebridgFE,Cerulean Arc,Stonebridge Systems Inc.
Nova Vault StonebridgFE,Nova Vault,Stonebridge Systems Inc.
MiraSpeaker Air Plus,Pulse Vault,Stonebridge Systems Inc.
CodaSpeaker Air Pro,Pulse Vault,Stonebridge Systems Inc.
Cobalt Vault StonebridgFE,Cobalt Vault,Stonebridge Systems Inc.
Topaz Vector StonebridgFE,Topaz Vector,Stonebridge Systems Inc.
Teal Layer StonebridgFE,Teal Layer,Stonebridge Systems Inc.
Cedar Core Core StonebridgFE,Cedar Core Core,Stonebridge Systems Inc.
Topaz Core Sense StonebridgFE,Topaz Core Sense,Stonebridge Systems Inc.
Magenta Module Sync StonebridgFE,Magenta Module Sync,Stonebridge Systems Inc.
PulseRouter Ultra Air,Quanta Fabric Layer,Stonebridge Systems Inc.
Ivory Fabric Engine StonebridgFE,Ivory Fabric Engine,Stonebridge Systems Inc.
Citrine Pulse Flex StonebridgFE,Citrine Pulse Flex,Stonebridge Systems Inc.
Golden Signal Engine StonebridgFE,Golden Signal Engine,Stonebridge Systems Inc.
Mint Signal Sense StonebridgFE,Mint Signal Sense,Stonebridge Systems Inc.
Azure Link EchoLabs,Azure Link,EchoLabs Devices Inc.
Kairo Grid EchoLabs,Kairo Grid,EchoLabs Devices Inc.
LyraDrive SE Mini,Onyx Flow,Cinder Manufacturing Inc.
Pearl Vector EchoLabs,Pearl Vector,EchoLabs Devices Inc.
Sonic Core Mesh EchoLabs,Sonic Core Mesh,EchoLabs Devices Inc.
Delta Engine Spark EchoLabs,Delta Engine Spark,EchoLabs Devices Inc.
Cobalt Fabric Sense EchoLabs,Cobalt Fabric Sense,EchoLabs Devices Inc.
Pulse Matrix Flow EchoLabs,Pulse Matrix Flow,EchoLabs Devices Inc.
Sol Grid Northwind,Sol Grid,Northwind Electronics Inc.
CitrineRouter Mini Plus Pro,Argo Shield Wave,Astra Networks Inc.
Jade Fabric Mesh Saffron,Jade Fabric Mesh,Saffron Group Inc.
Terra Flex Meadow,Terra Flex,Meadow Works Inc.
"SenseBook Plus, OrionLink SE, and OrionWatch Plus",Argo Stack and Lyra Kernel and Sierra Kernel,Arbor Holdings Inc.
Golden Spark Orion,Golden Spark,Orion Labs Inc.
ZenithBeam Max / NimbusBeam Max,Jade Module Flex,GoldenGate Manufacturing Inc.
OnyxNode Lite Mini SE,Saffron Wave Bridge,GoldenGate Manufacturing Inc.
LumenKey Plus / IndigoLink Mini SE,Cedar Node Frame,GoldenGate Manufacturing Inc.
PearlPhone SE Plus Pro,Zen Drive Vault,GoldenGate Manufacturing Inc.
SenseBook Plus and SparkDock / QuartzHub Mini,Indigo Core & Lyra Kernel,Cinder Technologies Inc.
Sonic Signal Cinder,Sonic Signal,Cinder Technologies Inc.
ZenithCam and CrownStand Mini Air,Kairo Core and Maple Flex,GoldenGate Technologies Inc.
UmberLink SE,Ember Stack,GoldenGate Technologies Inc.
CitrineDrive SE,Pearl Stack,Arbor Devices Inc.
"Citrine Signal, Coral Shield and Echo Node Fabric","Citrine Signal, Coral Shield, Echo Node Fabric",Arbor Devices Inc.
"Citrine Signal, Maple Flex and Echo Node Fabric",Citrine Signal; Maple Flex; Echo Node Fabric,Lumen Electronics Inc.
Coral Shield and Echo Node Fabric,Coral Shield + Echo Node Fabric,Arbor Devices Inc.
Mira Mesh Lumen,Mira Mesh,Lumen Electronics Inc.
Frost Edge Lumen,Frost Edge,Lumen Electronics Inc.
Argo Flow and Crimson Kernel Edge,"Argo Flow, Crimson Kernel Edge",Arbor Devices Inc.
Astra Vault Lumen,Astra Vault,Lumen Electronics Inc.
VegaKey Pro Max Ultra,Cedar Core Core,Harbor Components Inc.
Pulse Stack Core Lumen,Pulse Stack Core,Lumen Electronics Inc.
Lyra Bridge Spark and Azure Signal Edge,"Lyra Bridge Spark, Azure Signal Edge",Arbor Devices Inc.
Golden Signal Engine Lumen,Golden Signal Engine,Lumen Electronics Inc.
Lyra Bridge Spark and Azure Signal Edge,"Lyra Bridge Spark, Azure Signal Edge",Arbor Devices Inc.
Cedar Sense Skyforge,Cedar Sense,Skyforge Networks Inc.
Frost Sense Atlas,Frost Sense,Atlas Labs Inc.
NebulaCam,Cinder Module + Auric Grid + Citrine Grid + Indigo Grid,Zenith Industries Inc.
GraphiteDrive Max,Sierra Wave,Zenith Industries Inc.
SparkCase Plus,Cobalt Spark,Zenith Industries Inc.
WaveCase Plus / SparkCase Plus,Cobalt Spark,Zenith Industries Inc.
PulsePad Air SE,Cedar Fabric Dock,Zenith Industries Inc.
UmberHub Ultra and AtlasCase SE,Silver Stack + Graphite Grid,Catalyst Industries Inc.
Slate Fabric Evergreen,Slate Fabric,Evergreen Systems Inc.
Terra Bridge Evergreen,Terra Bridge,Evergreen Systems Inc.
SummitCharge Pro,Citrine Link,Arbor Components Inc.
Mira Pulse Evergreen,Mira Pulse,Evergreen Systems Inc.
Pulse Signal Evergreen,Pulse Signal,Evergreen Systems Inc.
ZenithCharge Ultra and SaffronDock Air Plus Pro,"Pulse Signal, Azure Node Spark",Evergreen Systems Inc.
Sable Drive Evergreen,Sable Drive,Evergreen Systems Inc.
Topaz Mesh Evergreen,Topaz Mesh,Evergreen Systems Inc.
Sol Edge Evergreen,Sol Edge,Evergreen Systems Inc.
Argo Dock Evergreen,Argo Dock,Evergreen Systems Inc.
Beryl Hub Evergreen,Beryl Hub,Evergreen Systems Inc.
Terra Beam Evergreen,Terra Beam,Evergreen Systems Inc.
Silver Beam Evergreen,Silver Beam,Evergreen Systems Inc.
Argo Flex Evergreen,Argo Flex,Evergreen Systems Inc.
Jade Flex Evergreen,Jade Flex,Evergreen Systems Inc.
Coda Spark Evergreen,Coda Spark,Evergreen Systems Inc.
Cinder Flow Evergreen,Cinder Flow,Evergreen Systems Inc.
Cerulean Vault Evergreen,Cerulean Vault,Evergreen Systems Inc.
Teal Frame Evergreen,Teal Frame,Evergreen Systems Inc.
Silver Layer Evergreen,Silver Layer,Evergreen Systems Inc.
Cedar Core Core Evergreen,Cedar Core Core,Evergreen Systems Inc.
Copper Core Node Evergreen,Copper Core Node,Evergreen Systems Inc.
Topaz Core Sense Evergreen,Topaz Core Sense,Evergreen Systems Inc.
Auric Fabric Sync Evergreen,Auric Fabric Sync,Evergreen Systems Inc.
Umber Node Matrix Evergreen,Umber Node Matrix,Evergreen Systems Inc.
Nimbus Shield Vector Evergreen,Nimbus Shield Vector,Evergreen Systems Inc.
NimbusPad Lite / TerraPad Lite 128GB Refurbished,Topaz Edge,Highland Devices Inc.
Mint Layer Highland,Mint Layer,Highland Devices Inc.
Argo Flex Summit,Argo Flex,Summit Electronics Inc.
Mint Layer Summit,Mint Layer,Summit Electronics Inc.
Cedar Sense NovaWorks,Cedar Sense,NovaWorks Components Inc.
EchoDrive Air SE 1TB Starter Kit,Quartz Hub,BlueRiver Networks Inc.
EchoDrive Air SE 1TB Starter Kit / CopperBuds Ultra Edge 256GB Starter Kit,Quartz Hub,BlueRiver Networks Inc.
AtlasDock Ultra SE,Quartz Hub & Luna Fabric Flex,Saffron Holdings Inc.
SenseWatch Plus Mini,Violet Vector,Saffron Holdings Inc.
SummitCharge Air / HarborCharge Air,Orion Pulse Mesh,Springboard Holdings Inc.
SummitStand Mini Mini SE,Maple Core,Pinecone Systems Inc.
SignalCam Gen,Helio Fabric,Crown Components Inc.
PhotonKey Lite Ultra,Aero Matrix & Cedar Kernel,Crown Components Inc.
VectorWatch Edge,Aero Matrix and Maple Kernel,BrightWave Works Inc.
LumenBeam,Golden Grid Fabric,Crown Components Inc.
UmberNode Mini,Ember Node,Glacier Electronics Inc.
CitrineDrive SE,Pearl Stack,Arbor Devices Inc.
SolCase Pro Max,Vega Pulse Sense,EchoLabs Systems Inc.
PhotonPhone SE Mini SE,Mint Wave Flow,Glacier Networks Inc.
"SenseBook Plus, OrionLink SE, and OrionWatch Plus",Argo Stack & Lyra Kernel & Sierra Kernel,Arbor Holdings Inc.
AzureBuds Air Plus and OrionLink SE,"Indigo Core, Topaz Hub",NovaWorks Holdings Inc.
BridgeCharge SE,Argo Stack and Lyra Kernel and Sierra Kernel and Jade Pulse,Saffron Components Inc.
"SenseBook Plus, SparkDock, and OrionWatch Plus / SenseBook Plus, SparkDock, OrionWatch Plus",Indigo Core and Lyra Kernel and Sierra Kernel,Nightfall Technologies Inc.
FlexPad Air Lite,Echo Grid + Astra Grid,GoldenGate Labs Inc.
CitrineHub Max,Golden Sync,GoldenGate Labs Inc.
CatalystDrive Max,Golden Sync,GoldenGate Labs Inc.
EdgeLink Pro Plus 128GB Dual‑SIM / EdgeLink Pro Plus 64GB Bundle / EdgeLink Pro Plus 128GB Starter Kit,Copper Sync,Atlas Labs Inc.
EdgeLink Pro Plus 128GB Dual‑SIM / EdgeLink Pro Plus 128GB Starter Kit / EdgeLink Pro Plus 64GB Bundle,Copper Sync,Atlas Labs Inc.
Auric Link Wave GoldenGate,Auric Link Wave,GoldenGate Labs Inc.
CrimsonDrive Plus Air,Nova Mesh,Copperline Industries Inc.
Crimson Core Catalyst,Crimson Core,Catalyst Systems Inc.
SaffronDock Mini,Cerulean Engine,Catalyst Systems Inc.
Nimbus Module Catalyst,Nimbus Module,Catalyst Systems Inc.
CitrineDrive SE,Pearl Stack,Arbor Devices Inc.
Silver Stack Catalyst,Silver Stack,Catalyst Systems Inc.
Orion Fabric Catalyst,Orion Fabric,Catalyst Systems Inc.
Aero Kernel Catalyst,Aero Kernel,Catalyst Systems Inc.
Quartz Kernel Catalyst,Quartz Kernel,Catalyst Systems Inc.
Cinder Link Catalyst,Cinder Link,Catalyst Systems Inc.
Mira Pulse Catalyst,Mira Pulse,Catalyst Systems Inc.
Quartz Grid Catalyst,Quartz Grid,Catalyst Systems Inc.
Frost Sense Catalyst,Frost Sense,Catalyst Systems Inc.
Cedar Sense Catalyst,Cedar Sense,Catalyst Systems Inc.
Sol Edge Catalyst,Sol Edge,Catalyst Systems Inc.
Argo Dock Catalyst,Argo Dock,Catalyst Systems Inc.
Citrine Dock Catalyst,Citrine Dock,Catalyst Systems Inc.
LumenDock Pro Air and CrimsonBuds Mini SE,"Beryl Hub, Nova Core Matrix",Catalyst Systems Inc.
CodaPhone Mini SE Air and CrimsonBuds Mini SE,"Beryl Hub, Lime Wave Spark",Arbor Components Inc.
Cerulean Spark Catalyst,Cerulean Spark,Catalyst Systems Inc.
Citrine Vault Catalyst,Citrine Vault,Catalyst Systems Inc.
OrionBook Plus Gen 512GB Dual‑SIM,Graphite Vector,Catalyst Systems Inc.
JadeCharge Plus Ultra,Cinder Frame,Zenith Holdings Inc.
Nova Core Matrix Catalyst,Nova Core Matrix,Catalyst Systems Inc.
Coda Core Sense 64GB Refurbished Catalyst,Coda Core Sense,Catalyst Systems Inc.
Delta Engine Spark Catalyst,Delta Engine Spark,Catalyst Systems Inc.
Sable Module Drive Catalyst,Sable Module Drive,Catalyst Systems Inc.
Quanta Fabric Layer Catalyst,Quanta Fabric Layer,Catalyst Systems Inc.
Golden Fabric Vector Catalyst,Golden Fabric Vector,Catalyst Systems Inc.
Coral Matrix Wave Catalyst,Coral Matrix Wave,Catalyst Systems Inc.
Sierra matrix Node Catalyst,Sierra Matrix Node,Catalyst Systems Inc.
EdgeBeam Edge Max,Mint Kernel Kernel,Catalyst Systems Inc.
Cedar Pulse Fabric Catalyst,Cedar Pulse Fabric,Catalyst Systems Inc.
Lime Wave Spark Catalyst,Lime Wave Spark,Catalyst Systems Inc.
Frost Shield Node Catalyst,Frost Shield Node,Catalyst Systems Inc.
Citrine Vault Lumen,Citrine Vault,Lumen Technologies Inc.
Teal Module SilverLine,Teal Module,SilverLine Devices Inc.
Silver Stack SilverLine,Silver Stack,SilverLine Devices Inc.
Nimbus Frame SilverLine,Nimbus Frame,SilverLine Devices Inc.
Kairo Layer SilverLine,Kairo Layer,SilverLine Devices Inc.
Mint Layer SilverLine,Mint Layer,SilverLine Devices Inc.
Sol Grid Drive SilverLine,Sol Grid Drive,SilverLine Devices Inc.
Coda Layer Skyforge,Coda Layer,Skyforge Electronics Inc.
Mint Layer Riverstone,Mint Layer,Riverstone Networks Inc.
Umber Flex Harbor,Umber Flex,Harbor Group Inc.
Ember Link Atlas,Ember Link,Atlas Works Inc.
Coda Grid Zenith,Coda Grid,Zenith Holdings Inc.
Pulse Pulse RedStone,Pulse Pulse,RedStone Labs Inc.
Astra Vault Evergreen,Astra Vault,Evergreen Industries Inc.
GlacierNode / CobaltNode / SolNode,Vega Beam,Clearwater Manufacturing Inc.
"SlateNode and OpalHub Air Plus 128GB Dual‑SIM, SyncNode Pro / PearlNode, SolKey Lite Mini SE Air / PearlNode, BridgeLink Max / PearlNode",Silver Grid; Vega Beam,Highland Systems Inc.
AzurePad Plus Pro,Vega Beam,Summit Technologies Inc.
"CrimsonKey Plus Gen 128GB Refurbished, WaveHub SE Mini / CatalystKey Plus Gen / PhotonKey Plus Edge / BridgeKey Plus Mini / AzureKey Plus Mini / SyncKey Plus SE / CrimsonKey Plus Gen 256GB Bundle, WaveHub SE Mini / CrimsonKey Plus Gen 256GB Dual‑SIM / SilverKey Plus Pro / CopperKey Plus Plus / FlexKey Plus Air",Lime Frame,NovaWorks Devices Inc.
"LyraKey Max Lite / LyraKey Max Lite, SolKey Lite Mini SE Air / SenseDrive Ultra","Saffron Kernel, Frost Sense, Aero Arc",BlueRiver Electronics Inc.
DriveHub SE Plus / SignalCam Plus Edge / TopazCam Mini / BeamKey Plus / ArgoBook Air Mini / EdgeKey Plus / GraphiteCam Plus Air / SparkHub Air / SignalCam Plus Edge/ CodaCam Max Edge,Lyra Frame,Ironwood Components Inc.
DriveHub SE Plus / SignalCam Plus Edge / TopazCam Mini / BeamKey Plus / ArgoBook Air Mini / EdgeKey Plus / GraphiteCam Plus Air / SparkHub Air / SignalCam Plus Edge/ CodaCam Max Edge / CodaBook Air Ultra,Lyra Frame,Ironwood Components Inc.
DriveHub SE Plus / SignalCam Plus Edge / TopazCam Mini / BeamKey Plus / ArgoBook Air Mini / EdgeKey Plus / GraphiteCam Plus Air / SparkHub Air / SignalCam Plus Edge/ CodaCam Max Edge / CodaBook Air Ultra,Lyra Frame,Ironwood Components Inc.
Atlas Layer Lighthouse,Atlas Layer,Lighthouse Works Inc.
Ruby Core Hub Lighthouse,Ruby Core Hub,Lighthouse Works Inc.
VegaPad Pro Mini 128GB Dual‑SIM,Mira Layer,Nebula Holdings Inc.
VegaPad Pro Mini 128GB Dual‑SIM / VegaPad Pro Mini 128GB Refurbished,Mira Layer,Nebula Holdings Inc.
Quanta Engine Astra,Quanta Engine,Astra Labs Inc.
Umbral Dock Astra,Umbral Dock,Astra Labs Inc.
Quanta Engine Pinecone,Quanta Engine,Pinecone Industries Inc.
DriveBook SE SE Air,Mint Grid Dock,Sunpeak Components Inc.
RubyLink Max / TopazWatch SE Edge / SparkCam Mini,Aero Link,BrightWave Networks Inc.
RubyLink Max / TopazWatch SE Edge / SparkCam Mini / JadeCam Mini,Aero Link,BrightWave Networks Inc.
RubyLink Max / JadeCam Mini / OnyxCam Mini / AstraBuds Pro / LumenKey Max Plus / SonicBook Air Mini / CatalystBeam Mini Mini SE / MintBuds Plus / LumenBuds Pro / LumenBuds Pro 512GB Refurbished / ArgoCam Mini Mini SE 512GB Dual‑SIM / EchoBuds Pro / FlexKey Plus / SyncKey Plus / PhotonRouter Max,Aero Link,BrightWave Networks Inc.
RubyLink Max / JadeCam Mini / OnyxCam Mini / AstraBuds Pro / LumenKey Max Plus / SonicBook Air Mini / CatalystBeam Mini Mini SE / MintBuds Plus / LumenBuds Pro / LumenBuds Pro 512GB Refurbished / ArgoCam Mini Mini SE 512GB Dual‑SIM / EchoBuds Pro / FlexKey Plus / SyncKey Plus / PhotonRouter Max,Aero Link,BrightWave Networks Inc.
RubyLink Max / JadeCam Mini / OnyxCam Mini / AstraBuds Pro / LumenKey Max Plus / SonicBook Air Mini / CatalystBeam Mini Mini SE / MintBuds Plus / LumenBuds Pro / LumenBuds Pro 512GB Refurbished / ArgoCam Mini Mini SE 512GB Dual‑SIM / EchoBuds Pro / FlexKey Plus / SyncKey Plus / PhotonRouter Max,Aero Link,BrightWave Networks Inc.
RubyLink Max / OnyxCam Mini / AstraBuds Pro / JadeCam Mini / LumenKey Max Plus / SonicBook Air Mini / CatalystBeam Mini Mini SE / MintBuds Plus / LumenBuds Pro / LumenBuds Pro 512GB Refurbished / ArgoCam Mini Mini SE 512GB Dual‑SIM / EchoBuds Pro / FlexKey Plus / SyncKey Plus / PhotonRouter Max,Aero Link,BrightWave Networks Inc.
QuartzLink Max / AuroraPhone Gen / ArgoCase Lite / LyraSpeaker,Frost Sense,DeepField Systems Inc.
QuartzLink Max / AtlasNode Mini Edge Gen 128GB Bundle / AuroraPhone Gen / AtlasNode Mini Edge Gen 128GB Refurbished / ArgoCase Lite / TerraSpeaker,Frost Sense,DeepField Systems Inc.
QuartzLink Max / AtlasNode Mini Edge Gen 128GB Bundle / AuroraPhone Gen / AtlasNode Mini Edge Gen 128GB Refurbished / ArgoCase Lite / LyraSpeaker,Frost Sense,DeepField Systems Inc.
QuartzLink Max / AtlasNode Mini Edge Gen 128GB Bundle / AuroraPhone Gen / AtlasNode Mini Edge Gen 128GB Refurbished / ArgoCase Lite / LyraSpeaker,Frost Sense,DeepField Systems Inc.
QuartzLink Max / AtlasNode Mini Edge Gen 128GB Bundle / AuroraPhone Gen / AtlasNode Mini Edge Gen 128GB Refurbished / ArgoCase Lite / LyraSpeaker,Frost Sense,DeepField Systems Inc.
UmberCharge Air / PhotonBook Ultra / JadeCam Mini / SenseDock Edge / ZenithNode Mini Ultra Edge / MiraBook 128GB Dual‑SIM / OnyxRouter Edge Max / VectorStand Edge / ZenithLink Mini Plus / QuartzPhone Lite Air / EchoBuds Pro / IndigoNode Mini Pro / QuartzSpeaker Gen Plus / LumenBuds Pro / LumenCase Plus / OnyxWatch Air / AzureSpeaker Lite / VectorCam Mini and SenseKey Pro Edge / KairoWatch Air Plus / PhotonPhone Mini SE Air and SignalPhone Mini Max Ultra / AuroraCharge Lite / SaffronCam Mini / EdgeSpeaker SE Air Plus / CobaltDock Edge / LumenSpeaker Lite / TopazSpeaker Air and IndigoBook Mini Air,Aero Link,Arbor Components Inc.
UmberCharge Air / PhotonBook Ultra / JadeCam Mini / SenseDock Edge / ZenithNode Mini Ultra Edge / MiraBook 128GB Dual‑SIM / OnyxRouter Edge Max / VectorStand Edge / ZenithLink Mini Plus / QuartzPhone Lite Air / EchoBuds Pro / IndigoNode Mini Pro / QuartzSpeaker Gen Plus / LumenBuds Pro / LumenCase Plus / OnyxWatch Air / AzureSpeaker Lite / VectorCam Mini and SenseKey Pro Edge / KairoWatch Air Plus / PhotonPhone Mini SE Air and SignalPhone Mini Max Ultra / SaffronCam Mini / SonicWatch Air SE / EdgeSpeaker SE Air Plus / CobaltDock Edge / LumenSpeaker Lite / TopazSpeaker Air and IndigoBook Mini Air,Aero Link,Arbor Components Inc.
UmberCharge Air / PhotonBook Ultra / JadeCam Mini / SenseDock Edge / ZenithNode Mini Ultra Edge / MiraBook 128GB Dual‑SIM / OnyxRouter Edge Max / VectorStand Edge / ZenithLink Mini Plus / QuartzPhone Lite Air / EchoBuds Pro / IndigoNode Mini Pro / QuartzSpeaker Gen Plus / LumenBuds Pro / LumenCase Plus / OnyxWatch Air / AzureSpeaker Lite / VectorCam Mini and SenseKey Pro Edge / KairoWatch Air Plus / PhotonPhone Mini SE Air and SignalPhone Mini Max Ultra / SaffronCam Mini / EdgeSpeaker SE Air Plus / CobaltDock Edge / LumenSpeaker Lite / TopazSpeaker Air and IndigoBook Mini Air,Aero Link,Arbor Components Inc.
UmberCharge Air / PhotonBook Ultra / JadeCam Mini / SenseDock Edge / ZenithNode Mini Ultra Edge / MiraBook 128GB Dual‑SIM / OnyxRouter Edge Max / VectorStand Edge / ZenithLink Mini Plus / QuartzPhone Lite Air / EchoBuds Pro / IndigoNode Mini Pro / QuartzSpeaker Gen Plus / LumenBuds Pro / LumenCase Plus / OnyxWatch Air / AzureSpeaker Lite / VectorCam Mini and SenseKey Pro Edge / KairoWatch Air Plus / PhotonPhone Mini SE Air and SignalPhone Mini Max Ultra / SaffronCam Mini / SonicWatch Air SE / EdgeSpeaker SE Air Plus / CobaltDock Edge / LumenSpeaker Lite / TopazSpeaker Air and IndigoBook Mini Air,Aero Link,Arbor Components Inc.
UmberCharge Air / PhotonBook Ultra / SenseDock Edge / ZenithNode Mini Ultra Edge / MiraBook 128GB Dual‑SIM / OnyxRouter Edge Max / VectorStand Edge / ZenithLink Mini Plus / QuartzPhone Lite Air / EchoBuds Pro / IndigoNode Mini Pro / QuartzSpeaker Gen Plus / JadeCam Mini / LumenBuds Pro / LumenCase Plus / OnyxWatch Air / AzureSpeaker Lite / VectorCam Mini and SenseKey Pro Edge / KairoWatch Air Plus / PhotonPhone Mini SE Air and SignalPhone Mini Max Ultra / SaffronCam Mini / SonicWatch Air SE / EdgeSpeaker SE Air Plus / CobaltDock Edge / LumenSpeaker Lite / TopazSpeaker Air and IndigoBook Mini Air,Aero Link,Arbor Components Inc.
UmberCharge Air / PhotonBook Ultra / SenseDock Edge / ZenithNode Mini Ultra Edge / MiraBook 128GB Dual‑SIM / OnyxRouter Edge Max / VectorStand Edge / JadeCam Mini / ZenithLink Mini Plus / QuartzPhone Lite Air / EchoBuds Pro / IndigoNode Mini Pro / QuartzSpeaker Gen Plus / LumenBuds Pro / OnyxWatch Air / AzureSpeaker Lite / VectorCam Mini and SenseKey Pro Edge / KairoWatch Air Plus / PhotonPhone Mini SE Air and SignalPhone Mini Max Ultra / SaffronCam Mini / SonicWatch Air SE / EdgeSpeaker SE Air Plus / CobaltDock Edge / LumenSpeaker Lite / TopazSpeaker Air and IndigoBook Mini Air,Aero Link,Arbor Components Inc.
UmberCharge Air / PhotonBook Ultra / SenseDock Edge / ZenithNode Mini Ultra Edge / MiraBook 128GB Dual‑SIM / OnyxRouter Edge Max / VectorStand Edge / JadeCam Mini / ZenithLink Mini Plus / QuartzPhone Lite Air / EchoBuds Pro / IndigoNode Mini Pro / QuartzSpeaker Gen Plus / LumenBuds Pro / LumenCase Plus / OnyxWatch Air / AzureSpeaker Lite / VectorCam Mini and SenseKey Pro Edge / KairoWatch Air Plus / PhotonPhone Mini SE Air and SignalPhone Mini Max Ultra / SaffronCam Mini / SonicWatch Air SE / EdgeSpeaker SE Air Plus / CobaltDock Edge / LumenSpeaker Lite / TopazSpeaker Air and IndigoBook Mini Air,Aero Link,Arbor Components Inc.
UmberCharge Air / PhotonBook Ultra / SenseDock Edge / MiraBook 128GB Dual‑SIM / OnyxRouter Edge Max / VectorStand Edge / JadeCam Mini / ZenithLink Mini Plus / QuartzPhone Lite Air / EchoBuds Pro / IndigoNode Mini Pro / QuartzSpeaker Gen Plus / LumenBuds Pro / LumenCase Plus / OnyxWatch Air / AzureSpeaker Lite / VectorCam Mini and SenseKey Pro Edge / KairoWatch Air Plus / PhotonPhone Mini SE Air and SignalPhone Mini Max Ultra / SaffronCam Mini / SonicWatch Air SE / EdgeSpeaker SE Air Plus / CobaltDock Edge / LumenSpeaker Lite / TopazSpeaker Air and IndigoBook Mini Air,Aero Link,Arbor Components Inc.
Nova Bridge Skyforge,Nova Bridge,Skyforge Technologies Inc.
Copper Signal Skyforge,Copper Signal,Skyforge Technologies Inc.
Coda Drive Skyforge,Coda Drive,Skyforge Technologies Inc.
NovaBuds Mini,Ember Mesh,Skyforge Technologies Inc.
Pulse Vault Skyforge,Pulse Vault,Skyforge Technologies Inc.
SummitNode Plus Ultra,Cedar Layer,Skyforge Technologies Inc.
Pearl Link Pulse Skyforge,Pearl Link Pulse,Skyforge Technologies Inc.
Azure Grid Beam Skyforge,Azure Grid Beam,Skyforge Technologies Inc.
Quanta Shield Core 64GB Refurbished Skyforge,Quanta Shield Core,Skyforge Technologies Inc.
SenseCase Mini Mini SE,Beryl Flex,Skylark Manufacturing Inc.
NimbusBook Edge,Umber Module & Umber Kernel & Luna Arc & Indigo Signal Vault & Opal Stack Link & Pearl Link Pulse & Auric Link Wave & Ruby Link Vault,Evergreen Holdings Inc.
JadeDrive SE Mini,Lime Engine Hub,Clearwater Labs Inc.
GlacierCharge Pro Lite,Zen Pulse,NovaWorks Systems Inc.
SummitPhone Pro SE,Coral Signal,NovaWorks Systems Inc.
NebulaBeam Mini Max Ultra,Echo Drive,BrightWave Works Inc.
SaffronBook Gen Lite,Jade Shield Edge,NovaWorks Systems Inc.
SonicPhone SE SE Air / LyraBuds Max Ultra Edge,Sierra Node Spark,BlueRiver Technologies Inc.
Coda Engine Ironwood,Coda Engine,Ironwood Devices Inc.
ZenithCam and CrownStand Mini Air,Kairo Core and Maple Flex,GoldenGate Technologies Inc.
"ZenithCam, CrownStand Mini Air and CodaCam SE Pro Max",Kairo Core and Maple Flex and Coral Drive Node,Lighthouse Networks Inc.
Coda Engine Lighthouse,Coda Engine,Lighthouse Networks Inc.
"CobaltLink Mini, OnyxWatch Mini Ultra Edge and CrimsonBuds Mini SE",Beryl Hub & Azure Signal Edge,Lighthouse Networks Inc.
CodaPhone Mini SE Air and CobaltLink Mini,Beryl Hub and Lime Wave Spark,Arbor Components Inc.
CobaltLink Mini and OnyxWatch Mini Ultra Edge,Nova Core Matrix,Arbor Devices Inc.
Teal Module Lighthouse,Teal Module,Lighthouse Networks Inc.
ZenithPhone Plus,Teal Module,Lighthouse Networks Inc.
CitrineDrive SE,Pearl Stack,Arbor Devices Inc.
AuroraPad Air,Echo Fabric,Arbor Devices Inc.
Aero Matrix Lighthouse,Aero Matrix,Lighthouse Networks Inc.
Pearl Matrix Lighthouse,Pearl Matrix,Lighthouse Networks Inc.
KairoNode Air,Mint Matrix,BrightWave Technologies Inc.
Mint Matrix Lighthouse,Mint Matrix,Lighthouse Networks Inc.
Violet Matrix Lighthouse,Violet Matrix,Lighthouse Networks Inc.
Aero Kernel Lighthouse,Aero Kernel,Lighthouse Networks Inc.
Ember Bridge Lighthouse,Ember Bridge,Lighthouse Networks Inc.
Sierra Bridge Lighthouse,Sierra Bridge,Lighthouse Networks Inc.
Maple Bridge Lighthouse,Maple Bridge,Lighthouse Networks Inc.
Umber Bridge Lighthouse,Umber Bridge,Lighthouse Networks Inc.
Quartz Bridge Lighthouse,Quartz Bridge,Lighthouse Networks Inc.
Mint Bridge Lighthouse,Mint Bridge,Lighthouse Networks Inc.
ArgoBook Gen,Maple Link,Arbor Devices Inc.
Zen Pulse Lighthouse,Zen Pulse,Lighthouse Networks Inc.
Quanta Pulse Lighthouse,Quanta Pulse,Lighthouse Networks Inc.
Mira Pulse Lighthouse,Mira Pulse,Lighthouse Networks Inc.
Atlas Pulse Lighthouse,Atlas Pulse,Lighthouse Networks Inc.
UmberCase Max,Magenta Wave,DeepField Holdings Inc.
Auric Node Lighthouse,Auric Node,Lighthouse Networks Inc.
Saffron Node Lighthouse,Saffron Node,Lighthouse Networks Inc.
Silver Node Lighthouse,Silver Node,Lighthouse Networks Inc.
Sonic Grid Lighthouse,Sonic Grid,Lighthouse Networks Inc.
Quartz Grid Lighthouse,Quartz Grid,Lighthouse Networks Inc.
Magenta Grid Lighthouse,Magenta Grid,Lighthouse Networks Inc.
Vega Signal Lighthouse,Vega Signal,Lighthouse Networks Inc.
Mira Signal Lighthouse,Mira Signal,Lighthouse Networks Inc.
NebulaLink Ultra,Sonic Signal,Arbor Industries Inc.
Sonic Signal Lighthouse,Sonic Signal,Lighthouse Networks Inc.
Coral Signal Lighthouse,Coral Signal,Lighthouse Networks Inc.
AzureCase Ultra,Jade Signal,Clearwater Labs Inc.
Coral Shield and Echo Node Fabric,Coral Shield + Echo Node Fabric,Arbor Devices Inc.
PhotonSpeaker Edge,Sierra Drive,Arbor Devices Inc.
Jade Drive Lighthouse,Jade Drive,Lighthouse Networks Inc.
Topaz Drive Lighthouse,Topaz Drive,Lighthouse Networks Inc.
Umbral Drive Lighthouse,Umbral Drive,Lighthouse Networks Inc.
Lime Drive Lighthouse,Lime Drive,Lighthouse Networks Inc.
GlacierBeam Gen,Azure Drive + Pearl Layer,Lighthouse Networks Inc.
Frost Sense Lighthouse,Frost Sense,Lighthouse Networks Inc.
GoldenStand Mini,Cedar Sense,Lighthouse Networks Inc.
Cedar Sense Lighthouse,Cedar Sense,Lighthouse Networks Inc.
Cedar Mesh Lighthouse,Cedar Mesh,Lighthouse Networks Inc.
Teal Mesh Lighthouse,Teal Mesh,Lighthouse Networks Inc.
Ivory Edge Lighthouse,Ivory Edge,Lighthouse Networks Inc.
SyncBeam Max Ultra and CrimsonBuds Mini SE,Beryl Hub + Topaz Sync,Arbor Components Inc.
SummitRouter SE Mini and CrimsonBuds Mini SE,Beryl Hub; Magenta Spark,Arbor Components Inc.
CrownLink SE Lite and CrimsonBuds Mini SE,Beryl Hub & Coral Flow,Arbor Devices Inc.
CodaPhone Mini SE Air and CrimsonBuds Mini SE,Beryl Hub; Lime Wave Spark,Arbor Components Inc.
OnyxWatch Mini Ultra Edge and CrimsonBuds Mini SE,"Beryl Hub, Azure Signal Edge",Arbor Devices Inc.
Citrine Hub Lighthouse,Citrine Hub,Lighthouse Networks Inc.
Sable Hub Lighthouse,Sable Hub,Lighthouse Networks Inc.
Golden Beam Lighthouse,Golden Beam,Lighthouse Networks Inc.
Ivory Sync Lighthouse,Ivory Sync,Lighthouse Networks Inc.
Topaz Sync Lighthouse,Topaz Sync,Lighthouse Networks Inc.
Maple Flex Lighthouse,Maple Flex,Lighthouse Networks Inc.
Silver Flex Lighthouse,Silver Flex,Lighthouse Networks Inc.
TopazBeam Mini Pro,Graphite Flex,Lighthouse Networks Inc.
Aero Spark Lighthouse,Aero Spark,Lighthouse Networks Inc.
Sierra Spark Lighthouse,Sierra Spark,Lighthouse Networks Inc.
Cedar Spark Lighthouse,Cedar Spark,Lighthouse Networks Inc.
Golden Spark Lighthouse,Golden Spark,Lighthouse Networks Inc.
Azure Spark Lighthouse,Azure Spark,Lighthouse Networks Inc.
Coral Flow Lighthouse,Coral Flow,Lighthouse Networks Inc.
Sierra Flow Lighthouse,Sierra Flow,Lighthouse Networks Inc.
Silver Flow Lighthouse,Silver Flow,Lighthouse Networks Inc.
Auric Arc Lighthouse,Auric Arc,Lighthouse Networks Inc.
Umber Arc Lighthouse,Umber Arc,Lighthouse Networks Inc.
Cerulean Arc Lighthouse,Cerulean Arc,Lighthouse Networks Inc.
Astra Vault Lighthouse,Astra Vault,Lighthouse Networks Inc.
Helio Vector Lighthouse,Helio Vector,Lighthouse Networks Inc.
Echo Vector Lighthouse,Echo Vector,Lighthouse Networks Inc.
AstraBook Plus Ultra RevB,Graphite Vector,Lighthouse Networks Inc.
AstraBook Plus Ultra RevA,Copper Vector,Lighthouse Networks Inc.
Umbral Vector Lighthouse,Umbral Vector,Lighthouse Networks Inc.
Citrine Frame Lighthouse,Citrine Frame,Lighthouse Networks Inc.
PulseCam Mini,Orion Layer,Springboard Components Inc.
RubyBook Mini SE,Maple Layer,Lighthouse Networks Inc.
Maple Layer Lighthouse,Maple Layer,Lighthouse Networks Inc.
Silver Layer and Azure Grid Beam,Silver Layer; Azure Grid Beam,Arbor Devices Inc.
Jade Core Frame Lighthouse,Jade Core Frame,Lighthouse Networks Inc.
Cedar Core Core Lighthouse,Cedar Core Core,Lighthouse Networks Inc.
Citrine Core Dock Lighthouse,Citrine Core Dock,Lighthouse Networks Inc.
Luna Engine Engine Lighthouse,Luna Engine Engine,Lighthouse Networks Inc.
HelioCharge Max SE,Saffron Engine Stack,Aurora Components Inc.
Pulse Module Stack Lighthouse,Pulse Module Stack,Lighthouse Networks Inc.
OnyxCase Plus Max,Vega Stack Stack,Lighthouse Networks Inc.
Beryl Stack Kernel Lighthouse,Beryl Stack Kernel,Lighthouse Networks Inc.
Mira Fabric Stack Lighthouse,Mira Fabric Stack,Lighthouse Networks Inc.
SparkKey Ultra Gen,Quartz Fabric Kernel,BrightWave Electronics Inc.
VectorPhone Edge Mini,Terra Matrix Edge,Arbor Devices Inc.
Terra Matrix Edge Lighthouse,Terra Matrix Edge,Lighthouse Networks Inc.
Echo Matrix Sync Lighthouse,Echo Matrix Sync,Lighthouse Networks Inc.
Sol Matrix Matrix Lighthouse,Sol Matrix Matrix,Lighthouse Networks Inc.
Coral Matrix Wave Lighthouse,Coral Matrix Wave,Lighthouse Networks Inc.
Vega Kernel Flow Lighthouse,Vega Kernel Flow,Lighthouse Networks Inc.
Orion Kernel Arc Lighthouse,Orion Kernel Arc,Lighthouse Networks Inc.
Pearl Kernel Drive Lighthouse,Pearl Kernel Drive,Lighthouse Networks Inc.
Umber Kernel Hub Lighthouse,Umber Kernel Hub,Lighthouse Networks Inc.
Nimbus Bridge Edge Lighthouse,Nimbus Bridge Edge,Lighthouse Networks Inc.
Lyra Bridge Spark and Azure Signal Edge,Lyra Bridge Spark; Azure Signal Edge,Arbor Devices Inc.
Magenta Bridge Bridge Lighthouse,Magenta Bridge Bridge,Lighthouse Networks Inc.
Luna Link Node Lighthouse,Luna Link Node,Lighthouse Networks Inc.
LumenCharge Gen SE,Pulse Link Sense,Arbor Devices Inc.
Zen Link Mesh Lighthouse,Zen Link Mesh,Lighthouse Networks Inc.
Coda Link Flex Lighthouse,Coda Link Flex,Lighthouse Networks Inc.
Terra Wave Stack Lighthouse,Terra Wave Stack,Lighthouse Networks Inc.
Sol Node Edge Lighthouse,Sol Node Edge,Lighthouse Networks Inc.
AtlasRouter Mini SE Air,Nova Grid Core,Lighthouse Networks Inc.
Sol Grid Drive Lighthouse,Sol Grid Drive,Lighthouse Networks Inc.
Onyx Grid Flow Lighthouse,Onyx Grid Flow,Lighthouse Networks Inc.
Graphite Grid Matrix Lighthouse,Graphite Grid Matrix,Lighthouse Networks Inc.
Ivory Grid Link Lighthouse,Ivory Grid Link,Lighthouse Networks Inc.
Azure Signal Edge Lighthouse,Azure Signal Edge,Lighthouse Networks Inc.
Aero Shield Beam Lighthouse,Aero Shield Beam,Lighthouse Networks Inc.
Golden Drive Arc Lighthouse,Golden Drive Arc,Lighthouse Networks Inc.
SolPad SE Mini SE / EchoBuds SE Pro,Ember Spark,Astra Works Inc.
SolPad SE Mini SE / EchoBuds SE Pro,Ember Spark,Astra Works Inc.
Vega Mxdule and Indigo Fabric,Indigo Fabric,Clearwater Electronics Inc.
Sierra Spark Pinecone,Sierra Spark,Pinecone Holdings Inc.
Cobalt Flow Pinecone,Cobalt Flow,Pinecone Holdings Inc.
Pulse Fabric Vector Quantum,Pulse Fabric Vector,Quantum Labs Inc.
ArgoNode Gen Mini,Indigo Bridge Shield,Clearwater Works Inc.
Opal Stack Link Crown,Opal Stack Link,Crown Systems Inc.
WaveStand Gen Ultra,Nova Arc & Lime Stack Shield,Skylark Technologies Inc.
Pulse Kernel Sunpeak,Pulse Kernel,Sunpeak Devices Inc.
AstraWatch Plus Edge / MintPhone Mini,Umber Spark,BrightWave Electronics Inc.
AzureBuds Air Plus and SparkDock,Indigo Core; Topaz Hub,NovaWorks Holdings Inc.
EchoWatch Max Air and SparkDock,Indigo Core + Citrine Core Dock,Aurora Industries Inc.
CobaltLink Mini and OnyxWatch Mini Ultra Edge,Nova Core Matrix,Arbor Devices Inc.
Sonic Wave Starlight,Sonic Wave,Starlight Components Inc.
Sable Node Starlight,Sable Node,Starlight Components Inc.
Violet Node Starlight,Violet Node,Starlight Components Inc.
Nimbus Grid Starlight,Nimbus Grid,Starlight Components Inc.
Mira Signal Starlight,Mira Signal,Starlight Components Inc.
Frost Sense Starlight,Frost Sense,Starlight Components Inc.
Argo Mesh Starlight,Argo Mesh,Starlight Components Inc.
Citrine Spark Starlight,Citrine Spark,Starlight Components Inc.
SolSpeaker Air SE,Coral Vault,Starlight Components Inc.
Cobalt Vault Starlight,Cobalt Vault,Starlight Components Inc.
Auric Vault Starlight,Auric Vault,Starlight Components Inc.
Indigo Vector Starlight,Indigo Vector,Starlight Components Inc.
BeamDrive Max Ultra and GlacierCam Plus Plus,Nimbus Frame & Atlas Module Grid,Starlight Components Inc.
Coda Layer Starlight,Coda Layer,Starlight Components Inc.
Silver Layer Starlight,Silver Layer,Starlight Components Inc.
Citrine Core Dock Starlight,Citrine Core Dock,Starlight Components Inc.
Cerulean Module Kernel Starlight,Cerulean Module Kernel,Starlight Components Inc.
PulsePad Lite,"Saffron Stack Vector, Opal Stack Link, Pearl Link Pulse, Auric Link Wave",Starlight Components Inc.
MiraPad Lite,Saffron Stack Vector and Opal Stack Link and Pearl Link Pulse and Auric Link Wave and Mint Link Core,Starlight Components Inc.
Opal Stack Link Starlight,Opal Stack Link,Starlight Components Inc.
CobaltPhone Plus Gen and ArgoWatch Ultra,Ruby Link Vault and Quanta Grid and Crimson Module and Cobalt Vector and Onyx Vector,Starlight Components Inc.
Zen Signal Module Starlight,Zen Signal Module,Starlight Components Inc.
Ruby Shield Pulse Starlight,Ruby Shield Pulse,Starlight Components Inc.
Golden Drive Arc Starlight,Golden Drive Arc,Starlight Components Inc.
BeamPhone Edge Edge and CrimsonBuds Mini SE / WavePhone Edge Ultra and CrimsonBuds Mini SE,Beryl Hub + Helio Matrix Dock,Nightfall Networks Inc.
Magenta Node Arc Nightfall,Magenta Node Arc,Nightfall Networks Inc.
Magenta Kernel StonebridgHN,Magenta Kernel,Stonebridge Group Inc.
Luna Link StonebridgHN,Luna Link,Stonebridge Group Inc.
Quanta Pulse StonebridgHN,Quanta Pulse,Stonebridge Group Inc.
Sonic Signal StonebridgHN,Sonic Signal,Stonebridge Group Inc.
Mira Mesh StonebridgHN,Mira Mesh,Stonebridge Group Inc.
AzureBuds Air Plus and VegaBook Pro Max,Indigo Core; Topaz Hub,NovaWorks Holdings Inc.
Coda Layer StonebridgHN,Coda Layer,Stonebridge Group Inc.
CodaPad Lite / PulseCam Ultra Ultra 256GB Starter Kit and PearlPad Edge,Saffron Stack Vector + Opal Stack Link + Pearl Link Pulse + Auric Link Wave + Mint Link Core,Stonebridge Group Inc.
Opal Stack Link StonebridgHN,Opal Stack Link,Stonebridge Group Inc.
Ruby Shield Pulse StonebridgHN,Ruby Shield Pulse,Stonebridge Group Inc.
NovaHub Edge Lite 128GB Bundle,Frost Fabric,Evergreen Holdings Inc.
Quanta Engine Saffron,Quanta Engine,Saffron Systems Inc.
ZenithCam and CrownStand Mini Air,Kairo Core & Maple Flex,GoldenGate Technologies Inc.
OrionDock Pro Plus and CrimsonBuds Mini SE,Beryl Hub + Nova Core Matrix,Arbor Devices Inc.
"CobaltLink Mini,OnyxWatch Mini Ultra Edge and CrimsonBuds Mini SE",Beryl Hub & Azure Signal Edge,Arbor Devices Inc.
CobaltLink Mini and LumenDock Pro Air,Nova Core Matrix,Arbor Devices Inc.
CobaltLink Mini and OnyxWatch Mini Ultra Edge,Nova Core Matrix,Arbor Devices Inc.
Beryl Module Arbor,Beryl Module,Arbor Devices Inc.
Terra Stack Arbor,Terra Stack,Arbor Devices Inc.
CitrineDrive SE,Pearl Stack,Arbor Devices Inc.
Slate Kernel and Beryl Hub,Slate Kernel; Beryl Hub,Arbor Devices Inc.
"Magenta Kernel, Golden Shield and Onyx Spark","Magenta Kernel, Golden Shield, Onyx Spark",Arbor Devices Inc.
PulseBuds Pro,Nova Link,Arbor Devices Inc.
Jade Link Arbor,Jade Link,Arbor Devices Inc.
ArgoBook Gen,Maple Link,Arbor Devices Inc.
Quanta Pulse Arbor,Quanta Pulse,Arbor Devices Inc.
Indigo Pulse Arbor,Indigo Pulse,Arbor Devices Inc.
CodaDrive Max,Atlas Wave,Arbor Devices Inc.
CitrineCase Max,Mint Wave,Arbor Devices Inc.
Silver Node Arbor,Silver Node,Arbor Devices Inc.
Maple Grid Arbor,Maple Grid,Arbor Devices Inc.
Magenta Grid Arbor,Magenta Grid,Arbor Devices Inc.
HelioWatch Air Pro and BeamRouter Ultra,Cerulean Arc,Copperline Holdings Inc.
Jade Signal Arbor,Jade Signal,Arbor Devices Inc.
Citrine Signal Arbor,Citrine Signal,Arbor Devices Inc.
"Citrine Signal, Coral Shield and Echo Node Fabric",Citrine Signal and Coral Shield and Echo Node Fabric,Arbor Devices Inc.
Golden Shield Arbor,Golden Shield,Arbor Devices Inc.
PhotonSpeaker Edge,Sierra Drive,Arbor Devices Inc.
Cedar Drive Arbor,Cedar Drive,Arbor Devices Inc.
Topaz Drive Arbor,Topaz Drive,Arbor Devices Inc.
Sol Sense Arbor,Sol Sense,Arbor Devices Inc.
Argo Sense Arbor,Argo Sense,Arbor Devices Inc.
Coral Sense Arbor,Coral Sense,Arbor Devices Inc.
Cedar Sense Arbor,Cedar Sense,Arbor Devices Inc.
Slate Hub Arbor,Slate Hub,Arbor Devices Inc.
SyncBeam Max Ultra and CrimsonBuds Mini SE,Beryl Hub & Topaz Sync,Arbor Components Inc.
CrownLink SE Lite and CrimsonBuds Mini SE,Beryl Hub; Coral Flow,Arbor Devices Inc.
AtlasCase Air Plus Pro and CrimsonBuds Mini SE,"Beryl Hub, Violet Grid Sync",Arbor Devices Inc.
OnyxWatch Mini Ultra Edge and CrimsonBuds Mini SE,Beryl Hub & Azure Signal Edge,Arbor Devices Inc.
Astra Beam Arbor,Astra Beam,Arbor Devices Inc.
Topaz Sync Arbor,Topaz Sync,Arbor Devices Inc.
Cobalt Flex Arbor,Cobalt Flex,Arbor Devices Inc.
Jade Flex Arbor,Jade Flex,Arbor Devices Inc.
Maple Flex Arbor,Maple Flex,Arbor Devices Inc.
Maple Flex and Coral Drive Node,Maple Flex; Coral Drive Node,Arbor Devices Inc.
Umber Flex Arbor,Umber Flex,Arbor Devices Inc.
Jade Spark Arbor,Jade Spark,Arbor Devices Inc.
Cedar Spark Arbor,Cedar Spark,Arbor Devices Inc.
Copper Spark Arbor,Copper Spark,Arbor Devices Inc.
Citrine Spark Arbor,Citrine Spark,Arbor Devices Inc.
Argo Flow and Crimson Kernel Edge,Argo Flow; Crimson Kernel Edge,Arbor Devices Inc.
Coral Flow Arbor,Coral Flow,Arbor Devices Inc.
Cerulean Arc Arbor,Cerulean Arc,Arbor Devices Inc.
Astra Vault Arbor,Astra Vault,Arbor Devices Inc.
SparkPhone Ultra Edge and SummitRouter Air Lite,Astra Vault + Echo Stack Vector,Arbor Devices Inc.
OrionPad Ultra Edge and SummitRouter Air Lite,Echo Stack Vector,Arbor Devices Inc.
Orion Vault Arbor,Orion Vault,Arbor Devices Inc.
Maple Vector Arbor,Maple Vector,Arbor Devices Inc.
JadeCharge Plus Ultra,Cinder Frame,Zenith Holdings Inc.
Topaz Frame Arbor,Topaz Frame,Arbor Devices Inc.
Citrine Frame Arbor,Citrine Frame,Arbor Devices Inc.
Silver Layer Arbor,Silver Layer,Arbor Devices Inc.
Silver Layer and Azure Grid Beam,"Silver Layer, Azure Grid Beam",Arbor Devices Inc.
Teal Layer Arbor,Teal Layer,Arbor Devices Inc.
Nova Core Matrix Arbor,Nova Core Matrix,Arbor Devices Inc.
QuantaKey Pro Pro,Cedar Core Core,Arbor Devices Inc.
Cedar Core Core Arbor,Cedar Core Core,Arbor Devices Inc.
Cerulean Core Grid Arbor,Cerulean Core Grid,Arbor Devices Inc.
Pearl Module Vault Arbor,Pearl Module Vault,Arbor Devices Inc.
Pulse Stack Core 512GB Starter Kit Arbor,Pulse Stack Core,Arbor Devices Inc.
Opal Stack Link Arbor,Opal Stack Link,Arbor Devices Inc.
Terra Fabric Beam Arbor,Terra Fabric Beam,Arbor Devices Inc.
AtlasSpeaker Ultra Air,Atlas Fabric Kernel,Arbor Devices Inc.
Slate Fabric Module Arbor,Slate Fabric Module,Arbor Devices Inc.
Umbral Fabric Wave Arbor,Umbral Fabric Wave,Arbor Devices Inc.
VectorPhone Edge Mini,Terra Matrix Edge,Arbor Devices Inc.
Terra Matrix Edge Arbor,Terra Matrix Edge,Arbor Devices Inc.
SonicWatch Edge Air,Cobalt Matrix Signal,Arbor Devices Inc.
Onyx Kernel Grid Arbor,Onyx Kernel Grid,Arbor Devices Inc.
Umber Kernel Hub Arbor,Umber Kernel Hub,Arbor Devices Inc.
Golden Kernel Sync Arbor,Golden Kernel Sync,Arbor Devices Inc.
PhotonCase Edge Max,Graphite Kernel Flex,Arbor Devices Inc.
Graphite Kernel Flex Arbor,Graphite Kernel Flex,Arbor Devices Inc.
SolBeam Edge Mini,Mint Kernel Kernel,Arbor Devices Inc.
Lyra Bridge Spark and Azure Signal Edge,Lyra Bridge Spark and Azure Signal Edge,Arbor Devices Inc.
Helio Link Wave Arbor,Helio Link Wave,Arbor Devices Inc.
Luna Link Node Arbor,Luna Link Node,Arbor Devices Inc.
LumenCharge Gen SE,Pulse Link Sense,Arbor Devices Inc.
Zen Link Mesh Arbor,Zen Link Mesh,Arbor Devices Inc.
Terra Pulse Kernel Arbor,Terra Pulse Kernel,Arbor Devices Inc.
Terra Wave Stack Arbor,Terra Wave Stack,Arbor Devices Inc.
Lime Wave Spark Arbor,Lime Wave Spark,Arbor Devices Inc.
Echo Node Fabric Arbor,Echo Node Fabric,Arbor Devices Inc.
Citrine Node Mesh Arbor,Citrine Node Mesh,Arbor Devices Inc.
Jade Grid Spark Arbor,Jade Grid Spark,Arbor Devices Inc.
Graphite Grid Matrix Arbor,Graphite Grid Matrix,Arbor Devices Inc.
Azure Grid Beam Arbor,Azure Grid Beam,Arbor Devices Inc.
Kairo Signal Node Arbor,Kairo Signal Node,Arbor Devices Inc.
Azure Signal Edge Arbor,Azure Signal Edge,Arbor Devices Inc.
Luna Shield Spark Arbor,Luna Shield Spark,Arbor Devices Inc.
PhotonCam Mini Lite Mini,Echo Shield Arc,Arbor Devices Inc.
TerraHub Mini Gen Lite,Nimbus Shield Vector,Arbor Devices Inc.
Argo Shield Wave Arbor,Argo Shield Wave,Arbor Devices Inc.
Auric Drive Hub Arbor,Auric Drive Hub,Arbor Devices Inc.
LumenCharge Gen SE,Pulse Link Sense,Arbor Devices Inc.
ZenithSpeaker Plus,Slate Kernel,Arbor Components Inc.
Coral Shield and Echo Node Fabric,Coral Shield + Echo Node Fabric,Arbor Devices Inc.
Sierra Drive Mosaic,Sierra Drive,Mosaic Components Inc.
Silver Flow Mosaic,Silver Flow,Mosaic Components Inc.
Teal Layer Mosaic,Teal Layer,Mosaic Components Inc.
Terra Fabric Beam Mosaic,Terra Fabric Beam,Mosaic Components Inc.
Sable Matrix Kernel Mosaic,Sable Matrix Kernel,Mosaic Components Inc.
Azure Grid Beam Mosaic,Azure Grid Beam,Mosaic Components Inc.
UmberRouter Edge Pro,Mint Matrix Pulse,Copperline Group Inc.
VectorStand Gen Mini and IndigoStand Gen Lite,"Maple Link Link, Quartz Link Flow",Catalyst Holdings Inc.
VectorStand Gen Mini and IndigoStand Gen Lite,"Maple Link Link, Quartz Link Flow",Catalyst Holdings Inc.
Maple Matrix SilverLine,Maple Matrix,SilverLine Industries Inc.
Ruby Wave SilverLine,Ruby Wave,SilverLine Industries Inc.
Cobalt Matrix Skyforge,Cobalt Matrix,Skyforge Manufacturing Inc.
Sonic Link Spark Aurora,Sonic Link Spark,Aurora Systems Inc.
Atlas Layer Harbor,Atlas Layer,Harbor Devices Inc.
Atlas Layer Atlas,Atlas Layer,Atlas Electronics Inc.
Atlas Layer Zenith,Atlas Layer,Zenith Components Inc.
Atlas Layer RedStone,Atlas Layer,RedStone Networks Inc.
Atlas Layer Evergreen,Atlas Layer,Evergreen Group Inc.
Atlas Layer Clearwater,Atlas Layer,Clearwater Works Inc.
HelioNode Mini SE Air,"Argo Link, Jade Pulse",Highland Holdings Inc.
NovaKey Max,Cedar Wave,BrightWave Electronics Inc.
NovaKey Max,Cedar Wave,BrightWave Electronics Inc.
Citrine Core Dock SpringboarKX,Citrine Core Dock,Springboard Devices Inc.
Orion Fabric Lighthouse,Orion Fabric,Lighthouse Electronics Inc.
Silver Flow Nebula,Silver Flow,Nebula Components Inc.
Sierra Spark Astra,Sierra Spark,Astra Networks Inc.
Pearl Pulse Kernel Pinecone,Pearl Pulse Kernel,Pinecone Group Inc.
DriveWatch Pro / PhotonPhone Mini SE Air and DrivePhone Mini Air Plus / LyraCharge Plus Pro Max / BridgeWatch Pro 256GB Refurbished / SparkBook Ultra / PhotonSpeaker Lite / CobaltCase Plus / PhotonPhone Mini SE Air and CorePhone Mini SE Air / EdgeWatch Pro / NimbusCase Plus / AzureSpeaker Gen Lite / TopazDock Edge / NebulaWatch Air Ultra / GraphiteCam Mini / QuartzWatch Air / SyncWatch Pro / GraphiteNode Mini Plus / CodaLink Mini Lite / TopazKey Gen and PearlWatch Lite Mini SE Air / NimbusNode Mini Edge Gen / LyraSpeaker Lite,Aero Link,Copperline Industries Inc.
Orion Fabric Mountain,Orion Fabric,Mountain Holdings Inc.
BridgeCase,Lime Pulse,Glacier Labs Inc.
CitrineBook Air Plus Pro,Kairo Node Mesh,Skylark Manufacturing Inc.
EdgeHub Pro,Onyx Link,Stonebridge Components Inc.
TopazPhone Mini,Sol Sync,Photon Networks Inc.
SparkDrive Mini Plus,Cinder Node Beam,DeepField Holdings Inc.
SparkDrive Mini Plus / IndigoPhone Mini SE Air,Cinder Node Beam,DeepField Holdings Inc.
Orion Engine Seabird,Orion Engine,Seabird Labs Inc.
AzureCase Ultra,Jade Signal,Clearwater Labs Inc.
Maple Signal Saffron,Maple Signal,Saffron Industries Inc.
Sol Flow 256GB Bundle Saffron,Sol Flow,Saffron Industries Inc.
SolSpeaker Pro Gen 256GB Refurbished,Atlas Core Edge,BlueRiver Networks Inc.
Atlas Fabric Kernel Saffron,Atlas Fabric Kernel,Saffron Industries Inc.
Orion Frame GoldenGate,Orion Frame,GoldenGate Electronics Inc.
Maple Engine Frame Copperline,Maple Engine Frame,Copperline Components Inc.
LyraBeam Edge SE,Citrine Kernel Engine,Cinder Electronics Inc.
Sable Engine Skyforge,Sable Engine,Skyforge Labs Inc.
Mint Vector Aurora,Mint Vector,Aurora Industries Inc.
Opal Stack Link 512GB Bundle Riverstone,Opal Stack Link,Riverstone Manufacturing Inc.
Jade Spark Harbor,Jade Spark,Harbor Systems Inc.
Umbral Link Frame Atlas,Umbral Link Frame,Atlas Technologies Inc.
Ivory Node Zenith,Ivory Node,Zenith Devices Inc.
Jade Flex Zenith,Jade Flex,Zenith Devices Inc.
Cerulean Core Grid Zenith,Cerulean Core Grid,Zenith Devices Inc.
Coral Stack and Cinder Link,Coral Stack and Cinder Link,Copperline Systems Inc.
Ivory Node Evergreen,Ivory Node,Evergreen Components Inc.
Ivory Node Clearwater,Ivory Node,Clearwater Networks Inc.
Umbral Fabric Wave Highland,Umbral Fabric Wave,Highland Group Inc.
Ivory Node Summit,Ivory Node,Summit Works Inc.
SilverPhone Ultra,Silver Node,Catalyst Systems Inc.
Azure Sync NovaWorks,Azure Sync,NovaWorks Holdings Inc.
Astra Vault NovaWorks,Astra Vault,NovaWorks Holdings Inc.
TerraHub Mini Gen Lite,Nimbus Shield Vector,Arbor Devices Inc.
Argo Shield Wave NovaWorks,Argo Shield Wave,NovaWorks Holdings Inc.
Mint Kernel BlueRiver,Mint Kernel,BlueRiver Labs Inc.
Crimson Core Ironwood,Crimson Core,Ironwood Industries Inc.
Coda Grid Windmill,Coda Grid,Windmill Manufacturing Inc.
Lime Drive Lighthouse,Lime Drive,Lighthouse Technologies Inc.
Azure Sync Nebula,Azure Sync,Nebula Devices Inc.
Sol Sense Astra,Sol Sense,Astra Electronics Inc.
OnyxSpeaker Max,Orion Wave,Pinecone Components Inc.
OnyxSpeaker Max / NovaCase Ultra Pro,Orion Wave,Pinecone Components Inc.
MiraDrive Mini 64GB Starter Kit,Orion Module,BrightWave Labs Inc.
Helio Bridge Sunpeak,Helio Bridge,Sunpeak Industries Inc.
Umbral Dock Sunpeak,Umbral Dock,Sunpeak Industries Inc.
Citrine Wave EchoLabs,Citrine Wave,EchoLabs Components Inc.
SyncLink Gen Lite,Golden Drive,EchoLabs Components Inc.
TopazStand Mini,Azure Drive; Umber Bridge Mesh,EchoLabs Components Inc.
HelioBuds Gen,Indigo Sense,EchoLabs Components Inc.
Quartz Dock EchoLabs,Quartz Dock,EchoLabs Components Inc.
VegaHub SE Air,Quartz Dock,EchoLabs Components Inc.
VegaHub SE Air / BeamDrive Lite,Quartz Dock,EchoLabs Components Inc.
OnyxNode Gen Air,Sonic Wave Edge,EchoLabs Components Inc.
Cobalt Wave Frame Northwind,Cobalt Wave Frame,Northwind Networks Inc.
SenseBook Plus and SparkDock,Indigo Core; Lyra Kernel,Cinder Technologies Inc.
"SenseBook Plus, SparkDock and OrionWatch Plus",Indigo Core and Lyra Kernel and Sierra Kernel,BlueRiver Technologies Inc.
Jade Grid DeepField,Jade Grid,DeepField Group Inc.
RubyLink Air,Golden Drive + Indigo Fabric Flex,Seabird Works Inc.
TopazStand Mini,Azure Drive + Umber Bridge Mesh,EchoLabs Components Inc.
Luna Flex Meadow,Luna Flex,Meadow Labs Inc.
Ember Link Arbor,Ember Link,Arbor Industries Inc.
MiraSpeaker Lite Mini SE Air,Astra Flex,Arbor Industries Inc.
Zen Vault Arbor,Zen Vault,Arbor Industries Inc.
Zen Vault Orion,Zen Vault,Orion Manufacturing Inc.
Astra Module Mosaic,Astra Module,Mosaic Systems Inc.
Umbral Spark Mosaic,Umbral Spark,Mosaic Systems Inc.
Sonic Wave Edge Mosaic,Sonic Wave Edge,Mosaic Systems Inc.
SolDock Edge,Cerulean Fabric,EchoLabs Systems Inc.
Violet Matrix Cinder,Violet Matrix,Cinder Electronics Inc.
Quanta Pulse Cinder,Quanta Pulse,Cinder Electronics Inc.
Mira Signal Cinder,Mira Signal,Cinder Electronics Inc.
Cinder Drive Cinder,Cinder Drive,Cinder Electronics Inc.
Mint Grid Catalyst,Mint Grid,Catalyst Components Inc.
TealRouter Plus,Maple Layer,Catalyst Components Inc.
SolSpeaker Edge,Maple Layer,Catalyst Components Inc.
Magenta Pulse Engine Lumen,Magenta Pulse Engine,Lumen Networks Inc.
SyncLink Gen Lite,Golden Drive,EchoLabs Components Inc.
MiraDrive Mini 64GB Starter Kit,Orion Module,BrightWave Labs Inc.
NebulaDock Pro 1TB Refurbished,Cedar Link,Harbor Industries Inc.
MintStand Gen Plus 64GB Refurbished,Umber Link Shield,Arbor Devices Inc.
IndigoNode Mini Pro Max,Aero Matrix and Onyx Kernel,Atlas Manufacturing Inc.
SignalCharge SE,Orion Stack,Zenith Systems Inc.
Mint Signal Sense RedStone,Mint Signal Sense,RedStone Technologies Inc.
Jade Flex Evergreen,Jade Flex,Evergreen Devices Inc.
Quartz Bridge Clearwater,Quartz Bridge,Clearwater Electronics Inc.
Cerulean Spark Summit,Cerulean Spark,Summit Networks Inc.
MintNode Mini Lite Mini,Mira Bridge Flow,Northwind Manufacturing Inc.
CatalystSpeaker Pro Pro,Opal Module,Astra Technologies Inc.
RubyPad Edge,Golden Drive,Lumen Manufacturing Inc.
RubyDock Max,Quartz Hub,Lumen Manufacturing Inc.
LumenHub Edge,Quartz Hub; Luna Fabric Flex,Lumen Manufacturing Inc.
ArgoLink Ultra SE,Quartz Hub and Luna Fabric Flex,Lumen Manufacturing Inc.
OpalHub Ultra,Zen Core Wave,Lumen Manufacturing Inc.
HelioNode Max,Pulse Module Stack,Lumen Manufacturing Inc.
AtlasPhone Edge,Golden Drive Arc,Lumen Manufacturing Inc.
LyraBeam Ultra / HelioPad Air and JadeCharge Gen,"Luna Fabric, Copper Mesh",Catalyst Industries Inc.
JadeNode Gen Max / TealCase Plus,Zen Bridge,BrightWave Labs Inc.
JadeNode Gen Max / TealCase Plus,Zen Bridge,BrightWave Labs Inc.
SensePhone Lite / SolSpeaker Max,Vega Wave,BrightWave Labs Inc.
Sonic Core Mesh and Pearl Link Pulse,"Sonic Core Mesh, Pearl Link Pulse",Arbor Devices Inc.
Silver Stack Northwind,Silver Stack,Northwind Electronics Inc.
Umber Kernel Northwind,Umber Kernel,Northwind Electronics Inc.
Auric Link Wave Northwind,Auric Link Wave,Northwind Electronics Inc.
AstraWatch Lite Ultra,Echo Drive Flex,Atlas Technologies Inc.
GlacierWatch Edge Mini,Atlas Vault,Seabird Networks Inc.
SlateCharge Lite,Umbral Grid Mesh,Saffron Group Inc.
SilverWatch Lite,Nova Module,Meadow Works Inc.
BeamBeam,Onyx Sync,Arbor Holdings Inc.
SlateWatch Plus Air,Maple Node Layer,Orion Labs Inc.
UmberDrive Mini SE 512GB Refurbished,Azure Beam,Mosaic Industries Inc.
ArgoStand Max,Indigo Sync,Mosaic Industries Inc.
NebulaBook Pro,Pearl Wave Stack,GoldenGate Manufacturing Inc.
PulseStand Mini SE Air,Golden Mesh,Atlas Works Inc.
CrimsonDrive Mini SE 1TB Refurbished,Violet Beam,Copperline Systems Inc.
Sol Layer Lumen,Sol Layer,Lumen Electronics Inc.
Quanta Engine SilverLine,Quanta Engine,SilverLine Components Inc.
Golden Vector Atlas,Golden Vector,Atlas Labs Inc.
OrionPad Mini,Quanta Grid Kernel,RedStone Manufacturing Inc.
GoldenSpeaker SE Edge Gen,Vega Stack Stack,Evergreen Systems Inc.
VegaLink Plus Ultra,"Argo Mesh, Umber Frame",Highland Devices Inc.
LyraCase Pro / MiraCase Pro,Pulse Pulse,BlueRiver Networks Inc.
Aero Shield Beam Summit,Aero Shield Beam,Summit Electronics Inc.
HarborDrive Lite Lite / CodaSpeaker Gen,Argo Mesh,NovaWorks Components Inc.
LyraCase Pro / HarborCase Pro / MiraCase Pro,Pulse Pulse,BlueRiver Networks Inc.
TerraCam Edge Mini,Mira Link,Astra Manufacturing Inc.
VegaLink Gen / HarborBook Air / CodaCam Air / GraphiteBeam Ultra Edge / LyraBeam Mini / TopazNode Mini / SignalKey Ultra Max / QuantaBeam Ultra 1TB Dual‑SIM / SignalWatch Gen Air 64GB Bundle / SummitBook Air / QuartzNode Mini 128GB Refurbished / EchoKey Plus / MiraBeam Mini / OpalNode Mini,Mira Link,Pinecone Systems Inc.
VegaLink Gen / HarborBook Air / CodaCam Air / GraphiteBeam Ultra Edge / LyraBeam Mini / TopazNode Mini / SignalWatch Gen Air 64GB Bundle / SignalKey Ultra Max / QuantaBeam Ultra 1TB Dual‑SIM / SummitBook Air / QuartzNode Mini 128GB Refurbished / EchoKey Plus / MiraBeam Mini / OpalNode Mini,Mira Link,Pinecone Systems Inc.
TopazCase Air,Copper Spark,Mountain Devices Inc.
SenseSpeaker Gen Gen,Azure Hub,Atlas Electronics Inc.
SaffronCase Max Mini,Citrine Link Arc,Cinder Works Inc.
HelioCase Gen Gen and CatalystPad Max / UmberNode Mini Ultra and CatalystPad Max / QuartzCam Mini and CatalystPad Max / SilverWatch Mini and LyraCase Lite / UmberCharge Mini SE Air and CatalystPad Max / SilverWatch Mini and PhotonPad Max / ZenithHub Lite Mini 64GB Refurbished,Lyra Frame & Ruby Fabric Link,Sunpeak Group Inc.
SenseLink Air Mini 256GB Starter Kit / ZenithCharge Lite 64GB Dual‑SIM / CobaltSpeaker Lite 256GB Bundle / TopazKey Gen and IndigoWatch Max Ultra Edge / ArgoCase Plus 1TB Refurbished / BridgeSpeaker Gen Lite 1TB Dual‑SIM / OnyxCharge Mini SE Air 256GB Bundle / SignalWatch Air 1TB Refurbished / PhotonPhone Mini SE Air and AtlasPad Mini Mini SE 256GB Dual‑SIM / HelioBuds Ultra / TopazKey Gen and IndigoWatch Max Ultra Edge 64GB Dual‑SIM / IndigoBuds Mini Gen Lite / TealCharge Lite Plus 256GB Starter Kit / PhotonDock Edge 1TB Dual‑SIM,Topaz Vault,Astra Manufacturing Inc.
SummitHub Plus Ultra / KairoCharge Lite 1TB Starter Kit / NimbusHub Lite Mini SE 512GB Starter Kit / TerraCase Ultra Mini / FlexSpeaker Gen Lite Mini 1TB Starter Kit / AstraPad 256GB Refurbished / OnyxNode Mini Edge 512GB Bundle / SaffronDock Edge 128GB Starter Kit / HelioHub Lite Air 64GB Dual‑SIM / SolCase Plus and CodaCase Gen Mini / QuantaCase Gen Air and TerraCam Max / TopazSpeaker Lite / CitrineRouter Edge 128GB Starter Kit / HarborHub Plus Edge,Ruby Fabric Link,Starlight Holdings Inc.
HelioCam Pro / PhotonPhone Mini SE Air and SensePhone Mini Plus Pro / TopazKey Gen and SlateWatch Mini SE Air / QuartzCase Plus / CrimsonWatch Air / HelioCam Pro 64GB Refurbished / AtlasCam Pro / PearlRouter Edge Ultra / TealSpeaker Gen Mini / QuantaCharge Edge Gen Lite / BeamNode Mini Air / TerraCase Plus / CodaSpeaker Lite / VectorSpeaker Lite,Vega Beam,Astra Labs Inc.
HelioCam Pro / PhotonPhone Mini SE Air and SensePhone Mini Plus Pro / TopazKey Gen and SlateWatch Mini SE Air / QuartzCase Plus / QuartzDock Edge / CrimsonWatch Air / HelioCam Pro 64GB Refurbished / AtlasCam Pro / PearlRouter Edge Ultra / TealSpeaker Gen Mini / QuantaCharge Edge Gen Lite / SonicRouter Edge / TerraCase Plus / VectorSpeaker Lite,Vega Beam,Astra Labs Inc.
HelioCam Pro / PhotonPhone Mini SE Air and SensePhone Mini Plus Pro / TopazKey Gen and SlateWatch Mini SE Air / QuartzCase Plus / QuartzDock Edge / CrimsonWatch Air / HelioCam Pro 64GB Refurbished / AtlasCam Pro / PearlRouter Edge Ultra / TealSpeaker Gen Mini / QuantaCharge Edge Gen Lite / SonicRouter Edge / BeamNode Mini Air / TerraCase Plus / CodaSpeaker Lite / VectorSpeaker Lite,Vega Beam,Astra Labs Inc.
HelioCam Pro / PhotonPhone Mini SE Air and SensePhone Mini Plus Pro / TopazKey Gen and SlateWatch Mini SE Air / QuartzCase Plus / QuartzDock Edge / TerraCase Plus / CrimsonWatch Air / HelioCam Pro 64GB Refurbished / AtlasCam Pro / PearlRouter Edge Ultra / TealSpeaker Gen Mini / QuantaCharge Edge Gen Lite / SonicRouter Edge / BeamNode Mini Air / CodaSpeaker Lite / VectorSpeaker Lite,Vega Beam,Astra Labs Inc.
HelioCam Pro / PhotonPhone Mini SE Air and SensePhone Mini Plus Pro / TopazKey Gen and SlateWatch Mini SE Air / QuartzCase Plus / QuartzDock Edge / TerraCase Plus / CrimsonWatch Air / HelioCam Pro 64GB Refurbished / PearlRouter Edge Ultra / TealSpeaker Gen Mini / QuantaCharge Edge Gen Lite / SonicRouter Edge / BeamNode Mini Air / AtlasCam Pro / CodaSpeaker Lite / VectorSpeaker Lite,Vega Beam,Astra Labs Inc.
HelioCam Pro / PhotonPhone Mini SE Air and SensePhone Mini Plus Pro / TopazKey Gen and SlateWatch Mini SE Air / QuartzCase Plus / QuartzDock Edge / TerraCase Plus / CrimsonWatch Air / HelioCam Pro 64GB Refurbished / AtlasCam Pro / PearlRouter Edge Ultra / TealSpeaker Gen Mini / QuantaCharge Edge Gen Lite / SonicRouter Edge / BeamNode Mini Air / CodaSpeaker Lite / VectorSpeaker Lite,Vega Beam,Astra Labs Inc.
SolSpeaker Pro Gen / SenseWatch Air / TopazRouter Edge,Atlas Core Edge,BlueRiver Networks Inc.
Helio Kernel GoldenGate,Helio Kernel,GoldenGate Labs Inc.
Sable Grid GoldenGate,Sable Grid,GoldenGate Labs Inc.
Kairo Edge GoldenGate,Kairo Edge,GoldenGate Labs Inc.
CodaCam SE Pro,Pearl Spark,Copperline Industries Inc.
Auric Frame GoldenGate,Auric Frame,GoldenGate Labs Inc.
Ivory Node Node GoldenGate,Ivory Node Node,GoldenGate Labs Inc.
Teal Core Copperline,Teal Core,Copperline Industries Inc.
Opal Engine Copperline,Opal Engine,Copperline Industries Inc.
Crimson Stack Copperline,Crimson Stack,Copperline Industries Inc.
Magenta Stack Copperline,Magenta Stack,Copperline Industries Inc.
CitrineDock Air,Crimson Fabric,Copperline Industries Inc.
Cobalt Matrix Copperline,Cobalt Matrix,Copperline Industries Inc.
Orion Kernel Copperline,Orion Kernel,Copperline Industries Inc.
Orion Pulse Copperline,Orion Pulse,Copperline Industries Inc.
Sonic Wave Copperline,Sonic Wave,Copperline Industries Inc.
Cobalt Wave Copperline,Cobalt Wave,Copperline Industries Inc.
Auric Wave Copperline,Auric Wave,Copperline Industries Inc.
Umber Wave Copperline,Umber Wave,Copperline Industries Inc.
Ruby Wave Copperline,Ruby Wave,Copperline Industries Inc.
Zen Node Copperline,Zen Node,Copperline Industries Inc.
Indigo Node Copperline,Indigo Node,Copperline Industries Inc.
HelioBook Ultra,Ruby Node,Copperline Components Inc.
Ruby Grid Copperline,Ruby Grid,Copperline Industries Inc.
Vega Signal Copperline,Vega Signal,Copperline Industries Inc.
NebulaLink Ultra,Sonic Signal,Arbor Industries Inc.
Crimson Shield Copperline,Crimson Shield,Copperline Industries Inc.
Nova Drive Copperline,Nova Drive,Copperline Industries Inc.
Astra Sense Copperline,Astra Sense,Copperline Industries Inc.
Jade Mesh Copperline,Jade Mesh,Copperline Industries Inc.
UmberHub Max,Nimbus Edge,Copperline Industries Inc.
Sol Edge Copperline,Sol Edge,Copperline Industries Inc.
Ivory Edge Copperline,Ivory Edge,Copperline Industries Inc.
SolBuds Lite,Ruby Edge,Catalyst Group Inc.
Argo Dock Copperline,Argo Dock,Copperline Industries Inc.
Ruby Dock Copperline,Ruby Dock,Copperline Industries Inc.
Azure Dock Copperline,Azure Dock,Copperline Industries Inc.
Slate Hub Copperline,Slate Hub,Copperline Industries Inc.
Argo Beam Copperline,Argo Beam,Copperline Industries Inc.
Helio Flex Copperline,Helio Flex,Copperline Industries Inc.
Coda Spark Copperline,Coda Spark,Copperline Industries Inc.
CodaCam SE Pro,Pearl Spark,Copperline Industries Inc.
Azure Spark Copperline,Azure Spark,Copperline Industries Inc.
Ember Vault Copperline,Ember Vault,Copperline Industries Inc.
LyraLink Air Plus,Slate Vault,Copperline Industries Inc.
Aero Vector Copperline,Aero Vector,Copperline Industries Inc.
Orion Vector Copperline,Orion Vector,Copperline Industries Inc.
TerraStand Air Plus,Mira Vector,Copperline Industries Inc.
Topaz Vector Copperline,Topaz Vector,Copperline Industries Inc.
Silver Frame Copperline,Silver Frame,Copperline Industries Inc.
Umbral Frame Copperline,Umbral Frame,Copperline Industries Inc.
Cedar Layer Copperline,Cedar Layer,Copperline Industries Inc.
Azure Core Arc 1TB Bundle Copperline,Azure Core Arc,Copperline Industries Inc.
Nimbus Engine Matrix Copperline,Nimbus Engine Matrix,Copperline Industries Inc.
JadeLink Max Gen,Helio Module Vector,BrightWave Electronics Inc.
Sable Module Drive Copperline,Sable Module Drive,Copperline Industries Inc.
Sol Stack Node Copperline,Sol Stack Node,Copperline Industries Inc.
Silver Matrix Spark Copperline,Silver Matrix Spark,Copperline Industries Inc.
Sierra matrix Node Copperline,Sierra Matrix Node,Copperline Industries Inc.
Ruby Kernel Module Copperline,Ruby Kernel Module,Copperline Industries Inc.
Beryl Link Sync Copperline,Beryl Link Sync,Copperline Industries Inc.
Cedar Pulse Fabric Copperline,Cedar Pulse Fabric,Copperline Industries Inc.
Sable Node Dock Copperline,Sable Node Dock,Copperline Industries Inc.
Aero Shield Beam Copperline,Aero Shield Beam,Copperline Industries Inc.
Vega Shield Engine Copperline,Vega Shield Engine,Copperline Industries Inc.
Ruby Shield Pulse Copperline,Ruby Shield Pulse,Copperline Industries Inc.
Umber Drive Spark Copperline,Umber Drive Spark,Copperline Industries Inc.
Astra Sense Cinder,Astra Sense,Cinder Manufacturing Inc.
Beryl Link Sync Catalyst,Beryl Link Sync,Catalyst Systems Inc.
SolBuds Lite,Ruby Edge,Catalyst Group Inc.
Silver Core Link SilverLine,Silver Core Link,SilverLine Devices Inc.
Sonic Wave Skyforge,Sonic Wave,Skyforge Electronics Inc.
LumenCase Air,Jade Matrix,Aurora Components Inc.
Silver Core Link Riverstone,Silver Core Link,Riverstone Networks Inc.
Azure Dock Harbor,Azure Dock,Harbor Group Inc.
JadeLink Max Gen,Helio Module Vector,BrightWave Electronics Inc.
Quartz Layer Atlas,Quartz Layer,Atlas Works Inc.
ArgoRouter Max / BridgeDrive Pro / JadeCam Mini / SignalCam Mini / SlateCharge SE Lite / OnyxCam Mini / CopperDrive Max Ultra,Frost Flow,Clearwater Manufacturing Inc.
ArgoRouter Max / BridgeDrive Pro / PhotonBeam Mini Lite Mini / JadeCam Mini / SignalCam Mini / SlateCharge SE Lite / OnyxCam Mini / CopperDrive Max Ultra,Frost Flow,Clearwater Manufacturing Inc.
ArgoRouter Max / BridgeDrive Pro / PhotonBeam Mini Lite Mini / JadeCam Mini / SignalCam Mini / SlateCharge SE Lite / OnyxCam Mini / CopperDrive Max Ultra,Frost Flow,Clearwater Manufacturing Inc.
ArgoRouter Max / BridgeDrive Pro / PhotonBeam Mini Lite Mini / JadeCam Mini / SignalCam Mini / SlateCharge SE Lite / OnyxCam Mini / CopperDrive Max Ultra,Frost Flow,Clearwater Manufacturing Inc.
ArgoRouter Max / BridgeDrive Pro / PhotonBeam Mini Lite Mini / JadeCam Mini / SignalCam Mini / SlateCharge SE Lite / OnyxCam Mini / CopperDrive Max Ultra,Frost Flow,Clearwater Manufacturing Inc.
NimbusCam Air,Argo Node,Summit Technologies Inc.
HarborBuds Mini Ultra Edge,"Violet Arc, Ivory Signal Matrix",Summit Technologies Inc.
SolLink Gen Lite Mini,Crimson Vault,Summit Technologies Inc.
KairoKey Air Air,Helio Vector,Mountain Systems Inc.
SummitDrive Pro Edge,Sierra Core Arc,Summit Technologies Inc.
FlexCharge Mini SE,Delta Core Vault,Summit Technologies Inc.
GoldenRouter Edge Mini,Echo Kernel Dock,Photon Networks Inc.
DriveBook Edge RevA,Sable Module,Skylark Electronics Inc.
CodaNode Mini SE Air,Pearl Fabric,Crown Devices Inc.
SilverCharge Mini Plus,Citrine Fabric; Magenta Engine Flow,Skylark Electronics Inc.
MintHub SE Edge Gen,Orion Matrix,Crown Devices Inc.
OrionSpeaker Plus,Sonic Bridge,Crown Devices Inc.
SparkWatch SE Gen Lite,Cerulean Bridge and Onyx Wave Core,Crown Devices Inc.
SolCam Edge Mini,Saffron Beam and Ivory Matrix Frame,Crown Devices Inc.
LyraCharge Ultra Mini,Golden Link + Saffron Beam,Skylark Electronics Inc.
NebulaWatch Edge,Helio Pulse,Nightfall Works Inc.
TealPhone Ultra Pro,Luna Signal,Crown Devices Inc.
QuartzBeam Max,"Luna Signal, Maple Flex, Nova Node Stack",Crown Devices Inc.
PhotonWatch SE SE Air,Astra Shield & Pearl Dock,Crown Devices Inc.
WaveBuds Lite Lite,Argo Drive,Crown Devices Inc.
UmberCam Gen Ultra,Argo Drive & Astra Vault,Crown Devices Inc.
BeamBuds Lite Mini,"Argo Drive, Frost Link Frame",Crown Devices Inc.
EchoCam Ultra,Ruby Sense,Skylark Electronics Inc.
DriveBook Edge RevB,Terra Edge,Skylark Electronics Inc.
AzureCam Lite Max,Quanta Flex,Skylark Electronics Inc.
SparkSpeaker Ultra Ultra,Quanta Spark,Crown Devices Inc.
OrionBook Mini Plus,Frost Link Frame & Echo Vault,Crown Devices Inc.
CodaBook Mini Mini,Astra Vault & Coral Link Engine,Skylark Electronics Inc.
AzureCharge Mini Lite,Magenta Engine Flow,Crown Devices Inc.
QuantaPad Pro Lite,Beryl Stack Kernel,Starlight Group Inc.
WaveNode Plus Pro,Sonic Matrix Module,Crown Devices Inc.
PulseBook Mini Mini,Frost Link Frame,Starlight Group Inc.
MintBeam Air,Saffron Pulse Wave,Crown Devices Inc.
CoreHub Air,Teal Pulse Frame,Skylark Electronics Inc.
GoldenPhone SE Air Plus,Violet Wave Vector,Skylark Electronics Inc.
BeamSpeaker Mini Lite Mini,Cinder Shield Grid,Skylark Manufacturing Inc.
QuartzDock SE Max Ultra,Sable Shield Wave,Skylark Electronics Inc.
QuantaPad Pro Lite / AstraHub Ultra Air,Beryl Stack Kernel,Starlight Group Inc.
SyncCase Gen Gen,Cerulean Wave Signal,Crown Devices Inc.
QuartzRouter Pro Max,Mint Link + Saffron Signal Frame,EchoLabs Industries Inc.
PulseCase SE,Umber Stack,Northwind Manufacturing Inc.
Nimbus Grid Northwind,Nimbus Grid,Northwind Manufacturing Inc.
JadeCam Gen Mini,Quartz Vault,Northwind Manufacturing Inc.
GoldenKey Air,Frost Drive Link,DeepField Systems Inc.
LyraKey Mini,Graphite Wave,Arbor Components Inc.
CatalystLink Max,Argo Dock,Arbor Components Inc.
OrionDrive Mini SE,Onyx Spark,Mountain Group Inc.
QuartzPhone SE Edge Gen,Umber Matrix,Orion Networks Inc.
Ruby Core Hub Cinder,Ruby Core Hub,Cinder Labs Inc.
PearlBook Mini,Ruby Core Hub,Catalyst Industries Inc.
Atlas Layer Lumen,Atlas Layer,Lumen Manufacturing Inc.
Ruby Core Hub Lumen,Ruby Core Hub,Lumen Manufacturing Inc.
Helio Bridge SilverLine,Helio Bridge,SilverLine Systems Inc.
TerraBeam Mini Air Plus,Sol Matrix Matrix,Aurora Devices Inc.
VectorKey Ultra Plus / BridgeKey Ultra Pro 512GB Dual‑SIM,Nimbus Vault,Riverstone Electronics Inc.
Frost Shield Node Harbor,Frost Shield Node,Harbor Components Inc.
NimbusKey Mini,Coral Module,Meadow Technologies Inc.
NimbusKey Mini,Coral Module,Meadow Technologies Inc.
VectorCharge SE,Cedar Stack Sync,RedStone Works Inc.
Delta Engine Spark Evergreen,Delta Engine Spark,Evergreen Holdings Inc.
Orion Fabric Clearwater,Orion Fabric,Clearwater Labs Inc.
Mint Kernel Highland,Mint Kernel,Highland Industries Inc.
Orion Bridge Summit,Orion Bridge,Summit Manufacturing Inc.
Atlas Pulse Summit,Atlas Pulse,Summit Manufacturing Inc.
Lime Fabric Node Summit,Lime Fabric Node,Summit Manufacturing Inc.
Indigo Vault NovaWorks,Indigo Vault,NovaWorks Systems Inc.
Delta Flex BlueRiver,"Delta Flex, Cobalt Flex",BlueRiver Technologies Inc.
Topaz Mesh Ironwood,Topaz Mesh,Ironwood Devices Inc.
SummitCharge Pro,Citrine Link,Arbor Components Inc.
CoreBuds Lite SE,Quartz Stack,Springboard Components Inc.
OnyxDrive SE Air Plus and SparkDock,"Indigo Core, Graphite Grid Matrix",Ironwood Components Inc.
Crimson Core Nebula,Crimson Core,Nebula Group Inc.
TealHub Pro and CrownLink Mini,"Nimbus Module, Orion Link",GoldenGate Electronics Inc.
CobaltLink Mini and LumenDock Pro Air,Nova Core Matrix,Arbor Devices Inc.
Coda Module Nebula,Coda Module,Nebula Group Inc.
Coda Module and Magenta Link,Coda Module and Magenta Link,Harbor Devices Inc.
Teal Module Nebula,Teal Module,Nebula Group Inc.
Argo Stack and Ivory Grid,Argo Stack and Ivory Grid,Meadow Manufacturing Inc.
CitrineDrive SE,Pearl Stack,Arbor Devices Inc.
Orion Fabric Nebula,Orion Fabric,Nebula Group Inc.
Atlas Matrix Nebula,Atlas Matrix,Nebula Group Inc.
Opal Matrix Nebula,Opal Matrix,Nebula Group Inc.
Pulse Kernel Nebula,Pulse Kernel,Nebula Group Inc.
Nova Bridge Nebula,Nova Bridge,Nebula Group Inc.
Quartz Bridge Nebula,Quartz Bridge,Nebula Group Inc.
MintHub Pro and AstraCase Pro,Lyra Link; Nova Pulse,Nebula Group Inc.
Astra Pulse Nebula,Astra Pulse,Nebula Group Inc.
Zen Pulse Nebula,Zen Pulse,Nebula Group Inc.
Quanta Pulse Nebula,Quanta Pulse,Nebula Group Inc.
Mira Pulse Nebula,Mira Pulse,Nebula Group Inc.
Vega Wave Nebula,Vega Wave,Nebula Group Inc.
Graphite Wave Nebula,Graphite Wave,Nebula Group Inc.
Golden Grid Nebula,Golden Grid,Nebula Group Inc.
Pulse Signal 64GB Bundle Nebula,Pulse Signal,Nebula Group Inc.
Pulse Signal and Azure Node Spark,Pulse Signal + Azure Node Spark,Nebula Group Inc.
Pulse Signal and Azure Node Spark 512GB Bundle,Pulse Signal & Azure Node Spark,Nebula Group Inc.
Frost Sense Nebula,Frost Sense,Nebula Group Inc.
Maple Sense Nebula,Maple Sense,Nebula Group Inc.
MiraCharge Gen,Cedar Mesh,BlueRiver Technologies Inc.
Teal Mesh Nebula,Teal Mesh,Nebula Group Inc.
Argo Flex Nebula,Argo Flex,Nebula Group Inc.
Coral Flow Nebula,Coral Flow,Nebula Group Inc.
Auric Arc Nebula,Auric Arc,Nebula Group Inc.
Astra Vault Nebula,Astra Vault,Nebula Group Inc.
Vega Vault Nebula,Vega Vault,Nebula Group Inc.
Indigo Vault Nebula,Indigo Vault,Nebula Group Inc.
SaffronDrive Air Pro,Quartz Vault,Clearwater Labs Inc.
Quanta Vector Nebula,Quanta Vector,Nebula Group Inc.
Topaz Frame Nebula,Topaz Frame,Nebula Group Inc.
Coda Layer Nebula,Coda Layer,Nebula Group Inc.
Nova Core Matrix Nebula,Nova Core Matrix,Nebula Group Inc.
Pulse Stack Core Nebula,Pulse Stack Core,Nebula Group Inc.
Zen Stack Engine Nebula,Zen Stack Engine,Nebula Group Inc.
Kairo Matrix Fabric Nebula,Kairo Matrix Fabric,Nebula Group Inc.
Coral Matrix Wave Nebula,Coral Matrix Wave,Nebula Group Inc.
SonicWatch Edge Air,Cobalt Matrix Signal,Arbor Devices Inc.
Copper Kernel Spark Nebula,Copper Kernel Spark,Nebula Group Inc.
Nimbus Bridge Edge Nebula,Nimbus Bridge Edge,Nebula Group Inc.
Helio Link Wave Nebula,Helio Link Wave,Nebula Group Inc.
Coda Link Flex Nebula,Coda Link Flex,Nebula Group Inc.
Cedar Pulse Fabric Nebula,Cedar Pulse Fabric,Nebula Group Inc.
Nimbus Wave Pulse Nebula,Nimbus Wave Pulse,Nebula Group Inc.
Lime Wave Spark Nebula,Lime Wave Spark,Nebula Group Inc.
Azure Node Spark Nebula,Azure Node Spark,Nebula Group Inc.
Sol Grid Drive Nebula,Sol Grid Drive,Nebula Group Inc.
Citrine Grid Shield Nebula,Citrine Grid Shield,Nebula Group Inc.
Sierra Spark Astra,Sierra Spark,Astra Works Inc.
Beryl Link Sync Astra,Beryl Link Sync,Astra Works Inc.
Slate Grid Pulse Astra,Slate Grid Pulse,Astra Works Inc.
Azure Grid Beam Mountain,Azure Grid Beam,Mountain Industries Inc.
QuantaDrive Mini Ultra / ArgoCase Mini SE Air,Azure Grid Beam,Glacier Manufacturing Inc.
Helio Bridge Skylark,Helio Bridge,Skylark Technologies Inc.
Atlas Layer Sunpeak,Atlas Layer,Sunpeak Devices Inc.
Atlas Layer BrightWave,Atlas Layer,BrightWave Electronics Inc.
Atlas Layer Starlight,Atlas Layer,Starlight Components Inc.
Atlas Layer Nightfall,Atlas Layer,Nightfall Networks Inc.
Atlas Layer StonebridgTJ,Atlas Layer,Stonebridge Group Inc.
Atlas Layer Photon,Atlas Layer,Photon Works Inc.
Jade Link Matrix Northwind,Jade Link Matrix,Northwind Labs Inc.
Sonic Signal Pulse Northwind,Sonic Signal Pulse,Northwind Labs Inc.
Jade Link Matrix DeepField,Jade Link Matrix,DeepField Industries Inc.
GoldenPad Gen,Graphite Drive,Seabird Manufacturing Inc.
HelioStand Mini SE,Nova Fabric Spark,Saffron Devices Inc.
AuroraDrive Mini Air,Sable Core,Harbor Systems Inc.
JadeSpeaker Max,Nimbus Link,GoldenGate Networks Inc.
CoreRouter SE Plus,Orion Arc,Copperline Group Inc.
Pearl Sense Catalyst,Pearl Sense,Catalyst Holdings Inc.
Kairo Flex Catalyst,Kairo Flex,Catalyst Holdings Inc.
SignalRouter SE Edge,Silver Core,Lumen Labs Inc.
Ruby Stack Node Lumen,Ruby Stack Node,Lumen Labs Inc.
LumenWatch Max Ultra Edge,Terra Grid Vector,Lumen Labs Inc.
EdgeDock Mini SE Air / DriveDock Air Plus Pro,Magenta Node Arc,SilverLine Industries Inc.
OrionWatch Ultra Edge Gen / LyraRouter Air Plus Pro,Terra Grid Vector,SilverLine Industries Inc.
EdgeDock Mini SE Air / DriveDock Air Plus Pro,Magenta Node Arc,SilverLine Industries Inc.
OrionWatch Ultra Edge Gen / LyraRouter Air Plus Pro,Terra Grid Vector,SilverLine Industries Inc.
Helio Bridge Aurora,Helio Bridge,Aurora Systems Inc.
GraphiteNode Max,Lyra Node,GoldenGate Networks Inc.
SignalPad Edge Gen,Copper Signal,Atlas Electronics Inc.
TerraBook Air Air / ZenithWatch Max Ultra / AuroraBeam Plus Lite / PulseWatch Max Air / NimbusBook Air SE / QuartzDrive Plus / SaffronBook Mini,Ruby Core Hub,Evergreen Group Inc.
TerraBook Air Air / ZenithWatch Max Ultra / AuroraBeam Plus Lite / PulseWatch Max Air / NimbusBook Air SE / QuartzDrive Plus / SaffronBook Mini,Ruby Core Hub,Evergreen Group Inc.
TerraBook Air Air / ZenithWatch Max Ultra / AuroraBeam Plus Lite / PulseWatch Max Air / NimbusBook Air SE / QuartzDrive Plus / SaffronBook Mini,Ruby Core Hub,Evergreen Group Inc.
Pulse Kernel Clearwater,Pulse Kernel,Clearwater Works Inc.
Quartz Bridge Highland,Quartz Bridge,Highland Holdings Inc.
JadeCharge Plus Ultra,Cinder Frame,Zenith Holdings Inc.
Teal Layer Highland,Teal Layer,Highland Holdings Inc.
Nova Core Matrix Highland,Nova Core Matrix,Highland Holdings Inc.
HelioCharge Max SE,Saffron Engine Stack,Aurora Components Inc.
Coda Matrix Engine Highland,Coda Matrix Engine,Highland Holdings Inc.
LumenCharge Gen SE,Pulse Link Sense,Arbor Devices Inc.
Lime Wave Spark Highland,Lime Wave Spark,Highland Holdings Inc.
Sol Frame Summit,Sol Frame,Summit Labs Inc.
CitrineRouter Mini Plus Pro / RubyRouter Mini Pro Max,Argo Shield Wave,Astra Networks Inc.
Atlas Dock NovaWorks,Atlas Dock,NovaWorks Industries Inc.
ArgoNode Lite,Mira Link,Lighthouse Electronics Inc.
ArgoNode Lite,Mira Link,Lighthouse Electronics Inc.
Coda Module and Magenta Link,Coda Module and Magenta Link,Harbor Devices Inc.
Maple Grid Glacier,Maple Grid,Glacier Labs Inc.
Coda Node Shield Glacier,Coda Node Shield,Glacier Labs Inc.
Atlas Fabric Kernel Crown,Atlas Fabric Kernel,Crown Industries Inc.
Jade Flex Skylark,Jade Flex,Skylark Manufacturing Inc.
Maple Grid Sunpeak,Maple Grid,Sunpeak Systems Inc.
Orion Engine BrightWave,Orion Engine,BrightWave Technologies Inc.
Cedar Core Core BrightWave,Cedar Core Core,BrightWave Technologies Inc.
Atlas Fabric Kernel BrightWave,Atlas Fabric Kernel,BrightWave Technologies Inc.
Terra Pulse Kernel BrightWave,Terra Pulse Kernel,BrightWave Technologies Inc.
Indigo Grid Layer BrightWave,Indigo Grid Layer,BrightWave Technologies Inc.
Aero Kernel Starlight,Aero Kernel,Starlight Devices Inc.
Violet Engine Nightfall,Violet Engine,Nightfall Electronics Inc.
LyraStand Mini Lite Mini,Saffron Core Kernel,DeepField Holdings Inc.
LyraCam Ultra Plus 512GB Starter Kit,Saffron Stack Vector,Highland Industries Inc.
Indigo Core Meadow,Indigo Core,Meadow Manufacturing Inc.
LyraRouter,Saffron Core,Harbor Devices Inc.
Teal Core Meadow,Teal Core,Meadow Manufacturing Inc.
CodaDock Mini,Saffron Engine,Meadow Manufacturing Inc.
Astra Module Meadow,Astra Module,Meadow Manufacturing Inc.
Cinder Module Meadow,Cinder Module,Meadow Manufacturing Inc.
Azure Module Meadow,Azure Module,Meadow Manufacturing Inc.
Orion Fabric Meadow,Orion Fabric,Meadow Manufacturing Inc.
Cobalt Matrix Meadow,Cobalt Matrix,Meadow Manufacturing Inc.
Orion Kernel Meadow,Orion Kernel,Meadow Manufacturing Inc.
AstraLink Air Edge,Auric Kernel,Meadow Manufacturing Inc.
Silver Link Meadow,Silver Link,Meadow Manufacturing Inc.
Orion Pulse Meadow,Orion Pulse,Meadow Manufacturing Inc.
QuantaStand Ultra,Atlas Pulse,Meadow Manufacturing Inc.
Sonic Wave Meadow,Sonic Wave,Meadow Manufacturing Inc.
Ruby Wave Meadow,Ruby Wave,Meadow Manufacturing Inc.
Zen Node Meadow,Zen Node,Meadow Manufacturing Inc.
Slate Node Meadow,Slate Node,Meadow Manufacturing Inc.
HelioBook Ultra,Ruby Node,Copperline Components Inc.
Ruby Node Meadow,Ruby Node,Meadow Manufacturing Inc.
GlacierLink Edge Lite 1TB Starter Kit,Pearl Grid,Meadow Manufacturing Inc.
Golden Grid Meadow,Golden Grid,Meadow Manufacturing Inc.
Ruby Grid Meadow,Ruby Grid,Meadow Manufacturing Inc.
TopazDock Ultra,Sable Grid,Copperline Components Inc.
Lyra Signal Meadow,Lyra Signal,Meadow Manufacturing Inc.
NebulaLink Ultra,Sonic Signal,Arbor Industries Inc.
Aero Drive Meadow,Aero Drive,Meadow Manufacturing Inc.
Nova Drive Meadow,Nova Drive,Meadow Manufacturing Inc.
Onyx Drive Meadow,Onyx Drive,Meadow Manufacturing Inc.
HarborDrive Edge,Sable Drive,Meadow Manufacturing Inc.
Nova Sense Meadow,Nova Sense,Meadow Manufacturing Inc.
Frost Sense Meadow,Frost Sense,Meadow Manufacturing Inc.
Maple Mesh Meadow,Maple Mesh,Meadow Manufacturing Inc.
Sable Mesh Meadow,Sable Mesh,Meadow Manufacturing Inc.
SonicCam SE / SparkLink Gen,Lime Mesh,GoldenGate Works Inc.
AzureDrive Gen,Terra Edge,Arbor Components Inc.
SolBuds Lite,Ruby Edge,Catalyst Group Inc.
Maple Dock Meadow,Maple Dock,Meadow Manufacturing Inc.
Ruby Dock Meadow,Ruby Dock,Meadow Manufacturing Inc.
Sable Dock Meadow,Sable Dock,Meadow Manufacturing Inc.
Azure Dock Meadow,Azure Dock,Meadow Manufacturing Inc.
Astra Beam Meadow,Astra Beam,Meadow Manufacturing Inc.
Mira Beam Meadow,Mira Beam,Meadow Manufacturing Inc.
Ruby Sync Meadow,Ruby Sync,Meadow Manufacturing Inc.
Helio Flex Meadow,Helio Flex,Meadow Manufacturing Inc.
Coda Spark Meadow,Coda Spark,Meadow Manufacturing Inc.
Sierra Spark Meadow,Sierra Spark,Meadow Manufacturing Inc.
SignalNode SE Ultra,Echo Arc,Astra Networks Inc.
Pulse Vault Meadow,Pulse Vault,Meadow Manufacturing Inc.
Graphite Vector Meadow,Graphite Vector,Meadow Manufacturing Inc.
Topaz Vector Meadow,Topaz Vector,Meadow Manufacturing Inc.
Nimbus Frame Meadow,Nimbus Frame,Meadow Manufacturing Inc.
Cedar Layer Meadow,Cedar Layer,Meadow Manufacturing Inc.
Quartz Layer Meadow,Quartz Layer,Meadow Manufacturing Inc.
Silver Core Link Meadow,Silver Core Link,Meadow Manufacturing Inc.
Azure Core Arc Meadow,Azure Core Arc,Meadow Manufacturing Inc.
Nimbus Engine Matrix Meadow,Nimbus Engine Matrix,Meadow Manufacturing Inc.
Vega Engine Pulse Meadow,Vega Engine Pulse,Meadow Manufacturing Inc.
Beryl Stack Kernel Meadow,Beryl Stack Kernel,Meadow Manufacturing Inc.
Pearl Fabric Beam Meadow,Pearl Fabric Beam,Meadow Manufacturing Inc.
Silver Matrix Spark Meadow,Silver Matrix Spark,Meadow Manufacturing Inc.
SonicPhone Mini Plus Pro,Quartz Matrix Stack,Meadow Manufacturing Inc.
Orion Kernel Arc Meadow,Orion Kernel Arc,Meadow Manufacturing Inc.
Sierra matrix Node Meadow,Sierra Matrix Node,Meadow Manufacturing Inc.
Ruby Kernel Module Meadow,Ruby Kernel Module,Meadow Manufacturing Inc.
Beryl Link Sync Meadow,Beryl Link Sync,Meadow Manufacturing Inc.
Slate Pulse Edge and Quanta Signal Stack,"Slate Pulse Edge, Quanta Signal Stack",Catalyst Industries Inc.
PearlPhone Lite Lite,Jade Node Vault,Meadow Manufacturing Inc.
Golden Node Bridge Meadow,Golden Node Bridge,Meadow Manufacturing Inc.
SyncRouter SE Air Plus,Argo Grid Sense,Cinder Manufacturing Inc.
Slate Grid Pulse Meadow,Slate Grid Pulse,Meadow Manufacturing Inc.
Azure Grid Beam Meadow,Azure Grid Beam,Meadow Manufacturing Inc.
Aero Shield Beam Meadow,Aero Shield Beam,Meadow Manufacturing Inc.
Vega Shield Engine Meadow,Vega Shield Engine,Meadow Manufacturing Inc.
Umber Drive Spark Meadow,Umber Drive Spark,Meadow Manufacturing Inc.
Kairo Core GoldenGate,Kairo Core,GoldenGate Electronics Inc.
Coral Core GoldenGate,Coral Core,GoldenGate Electronics Inc.
Cobalt Core GoldenGate,Cobalt Core,GoldenGate Electronics Inc.
Ivory Core GoldenGate,Ivory Core,GoldenGate Electronics Inc.
Crimson Engine GoldenGate,Crimson Engine,GoldenGate Electronics Inc.
Silver Engine GoldenGate,Silver Engine,GoldenGate Electronics Inc.
Topaz Engine GoldenGate,Topaz Engine,GoldenGate Electronics Inc.
Umbral Engine GoldenGate,Umbral Engine,GoldenGate Electronics Inc.
TealHub Pro and CrownLink Mini,Nimbus Module; Orion Link,GoldenGate Electronics Inc.
GraphiteKey Max Air and CrownLink Mini,Nimbus Module and Pearl Module Vault,GoldenGate Electronics Inc.
CobaltLink Mini and QuartzDrive SE,Nova Core Matrix,Arbor Devices Inc.
CodaPhone Mini SE Air and CobaltLink Mini,Beryl Hub; Lime Wave Spark,Arbor Components Inc.
CobaltLink Mini and OnyxWatch Mini Ultra Edge,Nova Core Matrix,Arbor Devices Inc.
Luna Stack GoldenGate,Luna Stack,GoldenGate Electronics Inc.
Coral Stack GoldenGate,Coral Stack,GoldenGate Electronics Inc.
CitrineDrive SE,Pearl Stack,Arbor Devices Inc.
Indigo Stack and Crimson Fabric Spark,Indigo Stack and Crimson Fabric Spark,GoldenGate Electronics Inc.
Luna Fabric and Ivory Mesh,"Luna Fabric, Ivory Mesh",BrightWave Electronics Inc.
AuroraPad Air,Echo Fabric,Arbor Devices Inc.
Topaz Fabric GoldenGate,Topaz Fabric,GoldenGate Electronics Inc.
Vega Matrix GoldenGate,Vega Matrix,GoldenGate Electronics Inc.
Sierra Matrix and Beryl Hub,Sierra Matrix & Beryl Hub,BlueRiver Networks Inc.
Teal Matrix GoldenGate,Teal Matrix,GoldenGate Electronics Inc.
Violet Matrix GoldenGate,Violet Matrix,GoldenGate Electronics Inc.
UmberBeam Air,Violet Matrix & Teal Mesh,GoldenGate Electronics Inc.
OnyxBook Plus and HarborCam Plus SE,"Echo Kernel, Pulse Frame",Nightfall Technologies Inc.
Vega Kernel GoldenGate,Vega Kernel,GoldenGate Electronics Inc.
Argo Kernel GoldenGate,Argo Kernel,GoldenGate Electronics Inc.
Slate Kernel GoldenGate,Slate Kernel,GoldenGate Electronics Inc.
Slate Kernel and Beryl Hub,"Slate Kernel, Beryl Hub",Arbor Devices Inc.
Magenta Kernel and Onyx Spark,Magenta Kernel + Onyx Spark,GoldenGate Electronics Inc.
Aero Link GoldenGate,Aero Link,GoldenGate Electronics Inc.
Cinder Link GoldenGate,Cinder Link,GoldenGate Electronics Inc.
Ivory Link GoldenGate,Ivory Link,GoldenGate Electronics Inc.
QuantaLink Pro,Umbral Link,Astra Networks Inc.
Astra Pulse GoldenGate,Astra Pulse,GoldenGate Electronics Inc.
Pulse Pulse GoldenGate,Pulse Pulse,GoldenGate Electronics Inc.
Sonic Pulse GoldenGate,Sonic Pulse,GoldenGate Electronics Inc.
Ember Pulse GoldenGate,Ember Pulse,GoldenGate Electronics Inc.
Maple Pulse GoldenGate,Maple Pulse,GoldenGate Electronics Inc.
GoldenDrive Max,Mint Arc,Northwind Labs Inc.
NovaKey Max,Cedar Wave,BrightWave Electronics Inc.
Citrine Wave GoldenGate,Citrine Wave,GoldenGate Electronics Inc.
EdgePad Ultra,Quartz Node,GoldenGate Electronics Inc.
Nimbus Grid GoldenGate,Nimbus Grid,GoldenGate Electronics Inc.
Sonic Grid and Quanta Vector,Sonic Grid; Quanta Vector,EchoLabs Systems Inc.
Sierra Grid GoldenGate,Sierra Grid,GoldenGate Electronics Inc.
Jade Grid GoldenGate,Jade Grid,GoldenGate Electronics Inc.
Maple Grid GoldenGate,Maple Grid,GoldenGate Electronics Inc.
Quartz Grid GoldenGate,Quartz Grid,GoldenGate Electronics Inc.
Sonic Signal GoldenGate,Sonic Signal,GoldenGate Electronics Inc.
Kairo Signal and Mint Fabric Grid,Kairo Signal & Mint Fabric Grid,Copperline Industries Inc.
Nimbus Shield GoldenGate,Nimbus Shield,GoldenGate Electronics Inc.
Coral Shield GoldenGate,Coral Shield; Atlas Kernel Core; Echo Node Fabric,GoldenGate Electronics Inc.
Coral Shield and Echo Node Fabric,Coral Shield and Echo Node Fabric,Arbor Devices Inc.
RubySpeaker Edge / CrimsonSpeaker Edge,Cinder Drive,GoldenGate Electronics Inc.
Maple Drive GoldenGate,Maple Drive,GoldenGate Electronics Inc.
Golden Drive GoldenGate,Golden Drive,GoldenGate Electronics Inc.
Topaz Drive GoldenGate,Topaz Drive,GoldenGate Electronics Inc.
TopazPad SE Mini SE,Azure Drive and Onyx Layer,GoldenGate Electronics Inc.
Astra Sense GoldenGate,Astra Sense,GoldenGate Electronics Inc.
Orion Sense GoldenGate,Orion Sense,GoldenGate Electronics Inc.
Cedar Sense GoldenGate,Cedar Sense,GoldenGate Electronics Inc.
Auric Sense GoldenGate,Auric Sense,GoldenGate Electronics Inc.
SummitHub Gen,Azure Sense,GoldenGate Electronics Inc.
SlateNode Mini Lite Mini,Ivory Mesh and Atlas Bridge Vector,GoldenGate Electronics Inc.
Slate Mesh GoldenGate,Slate Mesh,GoldenGate Electronics Inc.
Magenta Mesh GoldenGate,Magenta Mesh,GoldenGate Electronics Inc.
Frost Edge GoldenGate,Frost Edge,GoldenGate Electronics Inc.
Echo Dock GoldenGate,Echo Dock,GoldenGate Electronics Inc.
Opal Dock GoldenGate,Opal Dock,GoldenGate Electronics Inc.
Citrine Dock GoldenGate,Citrine Dock,GoldenGate Electronics Inc.
HelioCharge Air Edge and CrimsonBuds Mini SE,Beryl Hub; Saffron Vault,GoldenGate Electronics Inc.
SlatePad Lite Max and CrimsonBuds Mini SE,"Beryl Hub, Frost Pulse Arc",GoldenGate Electronics Inc.
OnyxWatch Mini Ultra Edge and CrimsonBuds Mini SE,Beryl Hub & Azure Signal Edge,Arbor Devices Inc.
Jade Beam GoldenGate,Jade Beam,GoldenGate Electronics Inc.
Maple Beam GoldenGate,Maple Beam,GoldenGate Electronics Inc.
OnyxDrive Mini,Luna Flex,GoldenGate Electronics Inc.
Kairo Flex GoldenGate,Kairo Flex,GoldenGate Electronics Inc.
Argo Flex GoldenGate,Argo Flex,GoldenGate Electronics Inc.
Umber Flex GoldenGate,Umber Flex,GoldenGate Electronics Inc.
Nova Spark GoldenGate,Nova Spark,GoldenGate Electronics Inc.
SenseBook SE Air,Cinder Spark,GoldenGate Electronics Inc.
Sierra Spark GoldenGate,Sierra Spark,GoldenGate Electronics Inc.
Golden Spark GoldenGate,Golden Spark,GoldenGate Electronics Inc.
Copper Spark GoldenGate,Copper Spark,GoldenGate Electronics Inc.
Citrine Spark GoldenGate,Citrine Spark,GoldenGate Electronics Inc.
Violet Spark GoldenGate,Violet Spark,GoldenGate Electronics Inc.
Terra Flow GoldenGate,Terra Flow,GoldenGate Electronics Inc.
Sol Flow GoldenGate,Sol Flow,GoldenGate Electronics Inc.
Frost Flow GoldenGate,Frost Flow,GoldenGate Electronics Inc.
Onyx Arc GoldenGate,Onyx Arc,GoldenGate Electronics Inc.
Teal Arc GoldenGate,Teal Arc,GoldenGate Electronics Inc.
Aero Vault GoldenGate,Aero Vault,GoldenGate Electronics Inc.
Astra Vault GoldenGate,Astra Vault,GoldenGate Electronics Inc.
QuartzWatch Gen Ultra and SolRouter Air Ultra,Jade Bridge Link,GoldenGate Electronics Inc.
SaffronSpeaker Air Gen,Atlas Vault,Copperline Components Inc.
Delta Vault GoldenGate,Delta Vault,GoldenGate Electronics Inc.
Indigo Vault GoldenGate,Indigo Vault,GoldenGate Electronics Inc.
Crimson Vault GoldenGate,Crimson Vault,GoldenGate Electronics Inc.
Saffron Vault GoldenGate,Saffron Vault,GoldenGate Electronics Inc.
KairoBeam Mini Air Plus,Topaz Vault; Silver Module Module; Cedar Drive Mesh,GoldenGate Electronics Inc.
Citrine Vault GoldenGate,Citrine Vault,GoldenGate Electronics Inc.
Pulse Vector GoldenGate,Pulse Vector,GoldenGate Electronics Inc.
Topaz Vector GoldenGate,Topaz Vector,GoldenGate Electronics Inc.
Topaz Frame GoldenGate,Topaz Frame,GoldenGate Electronics Inc.
Vega Layer GoldenGate,Vega Layer,GoldenGate Electronics Inc.
Kairo Layer GoldenGate,Kairo Layer,GoldenGate Electronics Inc.
Pearl Layer GoldenGate,Pearl Layer,GoldenGate Electronics Inc.
Teal Layer GoldenGate,Teal Layer,GoldenGate Electronics Inc.
Delta Engine Spark GoldenGate,Delta Engine Spark,GoldenGate Electronics Inc.
HelioCharge Max SE,Saffron Engine Stack,Aurora Components Inc.
SparkBeam Max / AuroraDrive Max Plus,Nimbus Module Module,GoldenGate Electronics Inc.
AzureCase Max SE,Lime Module Mesh,GoldenGate Electronics Inc.
Orion Stack Fabric GoldenGate,Orion Stack Fabric,GoldenGate Electronics Inc.
Opal Stack Link GoldenGate,Opal Stack Link,GoldenGate Electronics Inc.
NebulaDock Ultra Max,Astra Fabric Arc,Copperline Components Inc.
Quanta Fabric Layer GoldenGate,Quanta Fabric Layer,GoldenGate Electronics Inc.
Sonic Fabric Matrix GoldenGate,Sonic Fabric Matrix,GoldenGate Electronics Inc.
Ivory Fabric Engine GoldenGate,Ivory Fabric Engine,GoldenGate Electronics Inc.
Vega Kernel Flow GoldenGate,Vega Kernel Flow,GoldenGate Electronics Inc.
Kairo Kernel Engine GoldenGate,Kairo Kernel Engine,GoldenGate Electronics Inc.
Silver Kernel Beam GoldenGate,Silver Kernel Beam,GoldenGate Electronics Inc.
Graphite Kernel Flex GoldenGate,Graphite Kernel Flex,GoldenGate Electronics Inc.
Copper Kernel Spark GoldenGate,Copper Kernel Spark,GoldenGate Electronics Inc.
Nimbus Bridge Edge GoldenGate,Nimbus Bridge Edge,GoldenGate Electronics Inc.
QuartzWatch Gen Ultra,Jade Bridge Link,GoldenGate Electronics Inc.
Maple Bridge Node GoldenGate,Maple Bridge Node,GoldenGate Electronics Inc.
Magenta Bridge Bridge GoldenGate,Magenta Bridge Bridge,GoldenGate Electronics Inc.
LumenCharge Gen SE,Pulse Link Sense,Arbor Devices Inc.
Pulse Link Sense GoldenGate,Pulse Link Sense,GoldenGate Electronics Inc.
Argo Link Vector GoldenGate,Argo Link Vector,GoldenGate Electronics Inc.
Zen Pulse Shield GoldenGate,Zen Pulse Shield,GoldenGate Electronics Inc.
Frost Pulse Arc GoldenGate,Frost Pulse Arc,GoldenGate Electronics Inc.
Pearl Pulse Kernel GoldenGate,Pearl Pulse Kernel,GoldenGate Electronics Inc.
Ruby Pulse Spark GoldenGate,Ruby Pulse Spark,GoldenGate Electronics Inc.
Umbral Pulse Arc GoldenGate,Umbral Pulse Arc,GoldenGate Electronics Inc.
Magenta Pulse Engine GoldenGate,Magenta Pulse Engine,GoldenGate Electronics Inc.
Sonic Wave Edge GoldenGate,Sonic Wave Edge,GoldenGate Electronics Inc.
Lime Wave Spark GoldenGate,Lime Wave Spark,GoldenGate Electronics Inc.
Cerulean Node Wave GoldenGate,Cerulean Node Wave,GoldenGate Electronics Inc.
Citrine Node Mesh GoldenGate,Citrine Node Mesh,GoldenGate Electronics Inc.
Azure Node Spark GoldenGate,Azure Node Spark,GoldenGate Electronics Inc.
Citrine Grid Shield 512GB Dual‑SIM GoldenGate,Citrine Grid Shield,GoldenGate Electronics Inc.
Teal Grid Hub GoldenGate,Teal Grid Hub,GoldenGate Electronics Inc.
Magenta Grid Flex GoldenGate,Magenta Grid Flex,GoldenGate Electronics Inc.
Nova Signal Vector GoldenGate,Nova Signal Vector,GoldenGate Electronics Inc.
Beryl Signal Bridge GoldenGate,Beryl Signal Bridge,GoldenGate Electronics Inc.
Azure Signal Edge GoldenGate,Azure Signal Edge,GoldenGate Electronics Inc.
TerraHub Mini Gen Lite,Nimbus Shield Vector,Arbor Devices Inc.
Frost Shield Node GoldenGate,Frost Shield Node,GoldenGate Electronics Inc.
Ruby Shield Pulse GoldenGate,Ruby Shield Pulse,GoldenGate Electronics Inc.
BridgeHub SE Max Ultra,Auric Drive Hub,Catalyst Industries Inc.
Coda Node Shield Copperline,Coda Node Shield,Copperline Components Inc.
IndigoBuds Gen / GoldenBeam SE,Onyx Node Vector,Cinder Networks Inc.
Coda Engine Catalyst,Coda Engine,Catalyst Group Inc.
SenseBook SE Air,Cinder Spark,GoldenGate Electronics Inc.
AuroraPad Air / BeamHub SE Mini SE,Echo Fabric,Arbor Devices Inc.
AzureCharge Ultra / TealCharge Ultra / MiraKey Plus,Quanta Signal,BrightWave Electronics Inc.
SaffronNode Plus Mini and CobaltDrive Edge / CobaltDrive SE Edge 512GB Refurbished/EchoPhone 1TB Dual‑SIM,"Azure Drive, Pearl Layer",Arbor Holdings Inc.
SaffronNode Plus Mini and CobaltDrive Edge / SaffronDrive SE Ultra 256GB Bundle/EchoPhone 64GB Bundle,Azure Drive & Pearl Layer,Arbor Holdings Inc.
EchoSpeaker Plus,Argo Arc,Harbor Systems Inc.
Golden Drive and Pearl Layer,"Golden Drive, Pearl Layer",Copperline Systems Inc.
NebulaPhone Mini,Maple Layer,Quantum Networks Inc.
CitrineDrive Pro / OnyxPhone SE Air Plus,Saffron Module & Magenta Flex,Glacier Works Inc.
OnyxPhone SE Air Plus,Violet Flex,Mountain Group Inc.
AzureHub Max,"Pulse Kernel, Quanta Frame",Crown Holdings Inc.
CrimsonNode Ultra Pro,Umber Arc,Skylark Labs Inc.
OnyxNode Max Gen,Luna Node,DeepField Systems Inc.
GraphiteWatch Plus Edge,Quanta Wave,Starlight Systems Inc.
Orion Sense Nightfall,Orion Sense,Nightfall Technologies Inc.
Golden Stack Core Nightfall,Golden Stack Core,Nightfall Technologies Inc.
Pearl Module StonebridgJB,Pearl Module,Stonebridge Devices Inc.
Orion Sense StonebridgJB,Orion Sense,Stonebridge Devices Inc.
Maple Dock StonebridgJB,Maple Dock,Stonebridge Devices Inc.
Orion Spark StonebridgJB,Orion Spark,Stonebridge Devices Inc.
Golden Stack Core StonebridgJB,Golden Stack Core,Stonebridge Devices Inc.
Topaz Engine Photon,Topaz Engine,Photon Electronics Inc.
Luna Stack Photon,Luna Stack,Photon Electronics Inc.
Sierra Matrix Photon,Sierra Matrix,Photon Electronics Inc.
Nimbus Grid Photon,Nimbus Grid,Photon Electronics Inc.
Quartz Edge Photon,Quartz Edge,Photon Electronics Inc.
Kairo Layer Photon,Kairo Layer,Photon Electronics Inc.
Pearl Kernel Drive Photon,Pearl Kernel Drive,Photon Electronics Inc.
Coda Node Shield Photon,Coda Node Shield,Photon Electronics Inc.
Nimbus Grid EchoLabs,Nimbus Grid,EchoLabs Components Inc.
MiraStand Max 512GB Dual‑SIM / CopperHub Pro,Mira Link,Northwind Networks Inc.
Pulse Module Stack Meadow,Pulse Module Stack,Meadow Labs Inc.
Helio Link Wave Meadow,Helio Link Wave,Meadow Labs Inc.
Nimbus Bridge Arbor,Nimbus Bridge,Arbor Industries Inc.
Slate Fabric Orion,Slate Fabric,Orion Manufacturing Inc.
Frost Sense Orion,Frost Sense,Orion Manufacturing Inc.
Sable Mesh Orion,Sable Mesh,Orion Manufacturing Inc.
Azure Vault Orion,Azure Vault,Orion Manufacturing Inc.
Astra Kernel Hub Orion,Astra Kernel Hub,Orion Manufacturing Inc.
HarborBook Ultra,Kairo Module + Frost Module + Azure Node + Violet Node,Cinder Networks Inc.
Cedar Core Core GoldenGate,Cedar Core Core,GoldenGate Technologies Inc.
HarborBook Ultra,"Kairo Module, Frost Module, Azure Node, Violet Node",Cinder Networks Inc.
Cobalt Vault Cinder,Cobalt Vault,Cinder Electronics Inc.
UmberNode,Atlas Module,Catalyst Components Inc.
NovaRouter Max,Delta Vault,Catalyst Components Inc.
Coda Engine Atlas,Coda Engine,Atlas Manufacturing Inc.
Coda Engine Zenith,Coda Engine,Zenith Systems Inc.
GoldenBeam Lite Mini and GoldenBuds Mini,Coda Engine & Ivory Sync,Photon Networks Inc.
Argo Flex RedStone,Argo Flex,RedStone Technologies Inc.
Auric Link Wave RedStone,Auric Link Wave,RedStone Technologies Inc.
LyraCam Mini Pro Max,Nimbus Grid,Summit Networks Inc.
SparkRouter Max,Echo Wave,BlueRiver Works Inc.
SonicKey Ultra Edge,Topaz Signal Link,BlueRiver Works Inc.
AtlasKey Edge Gen,Topaz Signal Link,BlueRiver Works Inc.
Helio Bridge Lighthouse,Helio Bridge,Lighthouse Manufacturing Inc.
Quanta Engine Nebula,Quanta Engine,Nebula Systems Inc.
Violet Wave Vector Astra,Violet Wave Vector,Astra Technologies Inc.
Sol Wave Mountain,Sol Wave,Mountain Components Inc.
Nova Link Grid Glacier,Nova Link Grid,Glacier Networks Inc.
NovaBeam Ultra,Atlas Module,Skylark Works Inc.
CatalystCharge Pro Mini,Atlas Pulse,Skylark Works Inc.
FlexPhone Edge Pro,Cobalt Vault,Skylark Works Inc.
SparkPhone Edge Max,Cobalt Vault,Skylark Works Inc.
Opal Stack Link Sunpeak,Opal Stack Link,Sunpeak Holdings Inc.
ZenithBuds Edge / NimbusBuds Edge,Topaz Shield,BrightWave Labs Inc.
Echo Stack Starlight,Echo Stack,Starlight Industries Inc.
GraphiteWatch Ultra,Kairo Grid,Starlight Industries Inc.
Coral Drive Starlight,Coral Drive,Starlight Industries Inc.
Cinder Mesh Starlight,Cinder Mesh,Starlight Industries Inc.
Magenta Sync Starlight,Magenta Sync,Starlight Industries Inc.
Sierra Spark Starlight,Sierra Spark,Starlight Industries Inc.
Auric Frame Starlight,Auric Frame,Starlight Industries Inc.
Opal Stack Link Starlight,Opal Stack Link,Starlight Industries Inc.
Onyx Fabric Edge Starlight,Onyx Fabric Edge,Starlight Industries Inc.
Pearl Fabric Beam Starlight,Pearl Fabric Beam,Starlight Industries Inc.
Auric Link Wave Starlight,Auric Link Wave,Starlight Industries Inc.
Beryl Link Sync Starlight,Beryl Link Sync,Starlight Industries Inc.
Quanta Grid Kernel Starlight,Quanta Grid Kernel,Starlight Industries Inc.
Slate Grid Pulse Starlight,Slate Grid Pulse,Starlight Industries Inc.
Orion Fabric Nightfall,Orion Fabric,Nightfall Manufacturing Inc.
Ember Vault StonebridgEU,Ember Vault,Stonebridge Systems Inc.
Magenta Pulse Engine StonebridgEU,Magenta Pulse Engine,Stonebridge Systems Inc.
AzureBeam Ultra Mini / CodaWatch Air Plus Pro / ArgoBeam Ultra / CatalystLink Lite / WaveBeam Edge / SaffronRouter Max / EchoPhone Edge / RubyBeam Ultra / OrionBook Air Mini / SparkBeam Edge / EchoBook Air Edge / AstraPhone Mini Mini SE / SyncNode,Echo Drive Flex,EchoLabs Devices Inc.
AzureBeam Ultra Mini / CodaWatch Air Plus Pro / ArgoBeam Ultra / CatalystLink Lite / LyraCam Edge SE / WaveBeam Edge / GoldenDrive Plus Mini / VegaBeam Ultra / SaffronRouter Max / EchoPhone Edge / OrionBook Air Mini / SparkBeam Edge / EchoBook Air Edge / NovaDock Gen / AstraPhone Mini Mini SE / SyncNode,Echo Drive Flex,EchoLabs Devices Inc.
AzureBeam Ultra Mini / CodaWatch Air Plus Pro / ArgoBeam Ultra / CatalystLink Lite / LyraCam Edge SE / WaveBeam Edge / GoldenDrive Plus Mini / VegaBeam Ultra / SaffronRouter Max / EchoPhone Edge / RubyBeam Ultra / OrionBook Air Mini / SparkBeam Edge / EchoBook Air Edge / NovaDock Gen / AstraPhone Mini Mini SE / SyncNode,Echo Drive Flex,EchoLabs Devices Inc.
SilverBuds Mini,Coda Engine,Arbor Devices Inc.
Coral Stack Arbor,Coral Stack,Arbor Holdings Inc.
Cedar Stack Saffron,Cedar Stack,Saffron Group Inc.
Violet Kernel Saffron,Violet Kernel,Saffron Group Inc.
Quartz Bridge Saffron,Quartz Bridge,Saffron Group Inc.
Cinder Link Meadow,Cinder Link,Meadow Works Inc.
Indigo Pulse Arbor,Indigo Pulse,Arbor Holdings Inc.
Zen Node Arbor,Zen Node,Arbor Holdings Inc.
Sonic Grid Arbor,Sonic Grid; Quanta Vector,Arbor Holdings Inc.
SaffronNode Plus Mini and CobaltDrive Edge,Azure Drive; Pearl Layer,Arbor Holdings Inc.
MiraCharge Gen,Cedar Mesh,BlueRiver Technologies Inc.
Argo Dock Arbor,Argo Dock,Arbor Holdings Inc.
Crimson Vault Arbor,Crimson Vault,Arbor Holdings Inc.
Silver Frame Arbor,Silver Frame,Arbor Holdings Inc.
Quartz Matrix Stack Arbor,Quartz Matrix Stack,Arbor Holdings Inc.
Pulse Link Sense Saffron,Pulse Link Sense,Saffron Group Inc.
Cedar Pulse Fabric Arbor,Cedar Pulse Fabric,Arbor Holdings Inc.
Terra Wave Stack Saffron,Terra Wave Stack,Saffron Group Inc.
Violet Wave Vector Arbor,Violet Wave Vector,Arbor Holdings Inc.
Maple Drive Edge Arbor,Maple Drive Edge,Arbor Holdings Inc.
Mint Layer Orion,Mint Layer,Orion Labs Inc.
Frost Shield Node Orion,Frost Shield Node,Orion Labs Inc.
EdgeBook Plus Pro / CoreBook Pro Max,Slate Hub,Mosaic Industries Inc.
Mint Layer Mosaic,Mint Layer,Mosaic Industries Inc.
Kairo Grid Shield Mosaic,Kairo Grid Shield,Mosaic Industries Inc.
Atlas Fabric Kernel GoldenGate,Atlas Fabric Kernel,GoldenGate Manufacturing Inc.
Golden Kernel Sync Copperline,Golden Kernel Sync,Copperline Systems Inc.
Sable Node Cinder,Sable Node,Cinder Technologies Inc.
Quartz Bridge Catalyst,Quartz Bridge,Catalyst Devices Inc.
OrionWatch Ultra Edge,Argo Link Vector,Stonebridge Devices Inc.
Atlas Layer Riverstone,Atlas Layer,Riverstone Works Inc.
Umbral Dock Harbor,Umbral Dock,Harbor Holdings Inc.
NimbusBook Air SE / ZenithWatch Max Ultra,Ruby Core Hub,Atlas Labs Inc.
NimbusBook Air SE / ZenithWatch Max Ultra,Ruby Core Hub,Atlas Labs Inc.
Echo Stack Clearwater,Echo Stack,Clearwater Technologies Inc.
Magenta Sync Clearwater,Magenta Sync,Clearwater Technologies Inc.
Pearl Flex Clearwater,Pearl Flex,Clearwater Technologies Inc.
WaveDock Lite Mini SE Air,Azure Node Spark,Clearwater Technologies Inc.
Slate Grid Pulse Clearwater,Slate Grid Pulse,Clearwater Technologies Inc.
"PearlLink Plus Mini, NebulaCam Ultra Pro and CodaPad Ultra / AzurePad Air Ultra",Ivory Node and Umber Frame and Silver Stack Layer,Highland Devices Inc.
Ivory Fabric Engine SpringboarQU,Ivory Fabric Engine,Springboard Holdings Inc.
Indigo Vector Lighthouse,Indigo Vector,Lighthouse Labs Inc.
Onyx Kernel Pinecone,Onyx Kernel,Pinecone Systems Inc.
Quanta Pulse Astra,Quanta Pulse,Astra Manufacturing Inc.
Sable Node Pinecone,Sable Node,Pinecone Systems Inc.
ZenithDrive Edge,Cerulean Drive,Pinecone Devices Inc.
Argo Dock Astra,Argo Dock,Astra Manufacturing Inc.
CrownLink SE Lite and CrimsonBuds Mini SE,Beryl Hub; Coral Flow,Arbor Devices Inc.
Silver Layer Pinecone,Silver Layer,Pinecone Systems Inc.
Sol Node Edge Pinecone,Sol Node Edge,Pinecone Systems Inc.
IndigoRouter Edge Gen Lite,Kairo Grid Shield,BrightWave Electronics Inc.
Azure Grid Beam Pinecone,Azure Grid Beam,Pinecone Systems Inc.
Opal Stack Link Mountain,Opal Stack Link,Mountain Devices Inc.
Citrine Vault Glacier,Citrine Vault,Glacier Electronics Inc.
Sonic Grid Crown,Sonic Grid,Crown Components Inc.
Topaz Shield Skylark,Topaz Shield,Skylark Networks Inc.
Golden Drive Sunpeak,Golden Drive,Sunpeak Group Inc.
Coda Layer Sunpeak,Coda Layer,Sunpeak Group Inc.
Argo Dock BrightWave,Argo Dock,BrightWave Works Inc.
Ivory Sync BrightWave,Ivory Sync,BrightWave Works Inc.
Maple Shield Beam Starlight,Maple Shield Beam,Starlight Holdings Inc.
Sol Beam Nightfall,Sol Beam,Nightfall Labs Inc.
Coda Module and Magenta Link,Coda Module & Magenta Link,Harbor Devices Inc.
Sierra Matrix StonebridgOH,Sierra Matrix,Stonebridge Industries Inc.
Magenta Kernel StonebridgOH,Magenta Kernel,Stonebridge Industries Inc.
Vega Node StonebridgOH,Vega Node,Stonebridge Industries Inc.
ZenithDrive Edge,Cerulean Drive,Pinecone Devices Inc.
CrownLink SE Lite and CrimsonBuds Mini SE,Beryl Hub and Coral Flow,Arbor Devices Inc.
Umber Flex StonebridgOH,Umber Flex,Stonebridge Industries Inc.
Vega Vault StonebridgOH,Vega Vault,Stonebridge Industries Inc.
SenseSpeaker Pro Max Ultra,Frost Core Sync,Catalyst Industries Inc.
Coda Link Flex StonebridgOH,Coda Link Flex,Stonebridge Industries Inc.
Frost Pulse Arc StonebridgOH,Frost Pulse Arc,Stonebridge Industries Inc.
SensePad Mini SE Air,Orion Node Node,Catalyst Industries Inc.
Golden Drive Arc StonebridgOH,Golden Drive Arc,Stonebridge Industries Inc.
HelioCharge Max SE,Saffron Engine Stack,Aurora Components Inc.
EdgeDrive Edge and PearlDrive Edge / EdgeDrive Edge and OnyxDrive Edge / OnyxWatch Edge,Azure Drive; Echo Sense,EchoLabs Systems Inc.
Cedar Layer Northwind,Cedar Layer,Northwind Technologies Inc.
RubyCam Max Lite,Nimbus Engine Matrix,Arbor Devices Inc.
Maple Drive Seabird,Maple Drive,Seabird Electronics Inc.
Cedar Mesh Saffron,Cedar Mesh,Saffron Components Inc.
Quartz Grid Meadow,Quartz Grid,Meadow Networks Inc.
Pearl Flex Arbor,Pearl Flex,Arbor Group Inc.
Umber Flex Orion,Umber Flex,Orion Works Inc.
HarborCase Pro and VegaRouter Air and QuantaRouter Air,"Cerulean Fabric, Pulse Pulse",DeepField Devices Inc.
Quanta Pulse 256GB Bundle Mosaic,Quanta Pulse,Mosaic Holdings Inc.
HarborCase Pro and VegaRouter Air and QuantaRouter Air,Cerulean Fabric & Pulse Pulse,DeepField Devices Inc.
Quanta Pulse 256GB Bundle GoldenGate,Quanta Pulse,GoldenGate Labs Inc.
Aero Shield Beam Copperline,Aero Shield Beam,Copperline Industries Inc.
SyncRouter SE Air Plus,Argo Grid Sense,Cinder Manufacturing Inc.
Coral Core Lumen,Coral Core,Lumen Technologies Inc.
SaffronDrive SE,Onyx Stack,Catalyst Group Inc.
Pulse Pulse Catalyst,Pulse Pulse,Catalyst Systems Inc.
Quanta Pulse Skyforge,Quanta Pulse,Skyforge Electronics Inc.
Silver Vault SilverLine,Silver Vault,SilverLine Devices Inc.
Argo Link Vector Lumen,Argo Link Vector,Lumen Technologies Inc.
Magenta Pulse Engine Lumen,Magenta Pulse Engine,Lumen Technologies Inc.
Opal Stack Link Aurora,Opal Stack Link,Aurora Components Inc.
Orion Vault Riverstone,Orion Vault,Riverstone Networks Inc.
Sol Beam Harbor,Sol Beam,Harbor Group Inc.
Helio Kernel Atlas,Helio Kernel,Atlas Works Inc.
Crimson Shield RedStone,Crimson Shield,RedStone Labs Inc.
Delta Engine Spark Zenith,Delta Engine Spark,Zenith Holdings Inc.
Argo Link Vector Evergreen,Argo Link Vector,Evergreen Industries Inc.
Atlas Flex Clearwater,Atlas Flex,Clearwater Manufacturing Inc.
Lyra Module Link Highland,Lyra Module Link,Highland Systems Inc.
Sable Edge Summit,Sable Edge,Summit Technologies Inc.
Sierra Spark NovaWorks,Sierra Spark,NovaWorks Devices Inc.
Echo Stack BlueRiver,Echo Stack,BlueRiver Electronics Inc.
Ruby Kernel Module Ironwood,Ruby Kernel Module,Ironwood Components Inc.
Quanta Pulse Lighthouse,Quanta Pulse,Lighthouse Works Inc.
Crimson Node Lighthouse,Crimson Node,Lighthouse Works Inc.
Cobalt Vault Windmill,Cobalt Vault,Windmill Networks Inc.
NebulaBuds Plus Lite,Slate Vector,Pinecone Industries Inc.
Frost Pulse Arc SpringboarBW,Frost Pulse Arc,Springboard Group Inc.
Teal Grid Hub Lighthouse,Teal Grid Hub,Lighthouse Works Inc.
Atlas Flex Nebula,Atlas Flex,Nebula Holdings Inc.
Atlas Flex Astra,Atlas Flex,Astra Labs Inc.
ArgoNode Pro and SonicCharge Air,Aero Matrix; Frost Pulse,Aurora Group Inc.
Quanta Pulse Pinecone,Quanta Pulse,Pinecone Industries Inc.
Argo Pulse Pinecone,Argo Pulse,Pinecone Industries Inc.
Crimson Node Pinecone,Crimson Node,Pinecone Industries Inc.
NebulaBuds Plus Lite,Slate Vector,Pinecone Industries Inc.
Atlas Flex Quantum,Atlas Flex,Quantum Manufacturing Inc.
Argo Node Dock Mountain,Argo Node Dock,Mountain Systems Inc.
Sol Beam Glacier,Sol Beam,Glacier Technologies Inc.
Mira Pulse Crown,Mira Pulse,Crown Devices Inc.
Zen Dock Crown,Zen Dock,Crown Devices Inc.
Nimbus Module Skylark,Nimbus Module,Skylark Electronics Inc.
NebulaLink Ultra,Sonic Signal,Arbor Industries Inc.
Aero Vault Skylark,Aero Vault,Skylark Electronics Inc.
Coral Stack and Cinder Link,Coral Stack + Cinder Link,Copperline Systems Inc.
LyraLink Air Plus,Slate Vault,Copperline Industries Inc.
NimbusKey Mini and OrionDock Lite Pro,Coral Module,Meadow Technologies Inc.
NimbusKey Mini and OrionDock Lite Pro,Coral Module,Meadow Technologies Inc.
Aero Kernel Nightfall,Aero Kernel,Nightfall Works Inc.
Kairo Edge StonebridgWN,Kairo Edge,Stonebridge Holdings Inc.
Coda Module and Magenta Link,"Coda Module, Magenta Link",Harbor Devices Inc.
Orion Fabric EchoLabs,Orion Fabric,EchoLabs Industries Inc.
Lyra Bridge Photon,Lyra Bridge,Photon Labs Inc.
Ruby Wave Photon,Ruby Wave,Photon Labs Inc.
Delta Shield EchoLabs,Delta Shield,EchoLabs Industries Inc.
Sable Edge EchoLabs,Sable Edge,EchoLabs Industries Inc.
AstraWatch Pro Max,Helio Beam,Astra Works Inc.
Sable Module Drive Photon,Sable Module Drive,Photon Labs Inc.
VectorPhone Edge Mini,Terra Matrix Edge,Arbor Devices Inc.
"AuroraBook Ultra, SenseDrive Mini, CrownBook Ultra and AstraKey Mini",Sol Module and Frost Module and Azure Node and Violet Node,SilverLine Systems Inc.
CitrineDrive SE,Pearl Stack,Arbor Devices Inc.
Zen Pulse Meadow,Zen Pulse,Meadow Electronics Inc.
Ruby Wave Meadow,Ruby Wave,Meadow Electronics Inc.
Delta Shield 64GB Bundle Meadow,Delta Shield,Meadow Electronics Inc.
Argo Dock Meadow,Argo Dock,Meadow Electronics Inc.
Aero Vault Meadow,Aero Vault,Meadow Electronics Inc.
Cerulean Core Grid Meadow,Cerulean Core Grid,Meadow Electronics Inc.
Orion Stack Fabric Meadow,Orion Stack Fabric,Meadow Electronics Inc.
Beryl Stack Kernel Meadow,Beryl Stack Kernel,Meadow Electronics Inc.
Sierra Drive Grid Meadow,Sierra Drive Grid,Meadow Electronics Inc.
AzureDrive Gen,Terra Edge,Arbor Components Inc.
Graphite Shield Orion,Graphite Shield,Orion Networks Inc.
Sol Grid Drive 64GB Starter Kit Mosaic,Sol Grid Drive,Mosaic Group Inc.
HelioWatch Air Pro,Cerulean Arc,Copperline Holdings Inc.
HelioWatch Air Pro / MiraWatch Air Ultra,Cerulean Arc,Copperline Holdings Inc.
LyraDock Max Ultra,Delta Engine Spark,Cinder Labs Inc.
Cedar Grid Arc Catalyst,Cedar Grid Arc,Catalyst Industries Inc.
Crimson Shield Lumen,Crimson Shield,Lumen Manufacturing Inc.
CitrineDrive SE,Pearl Stack,Arbor Devices Inc.
Topaz Shield SilverLine,Topaz Shield,SilverLine Systems Inc.
Cedar Sense SilverLine,Cedar Sense,SilverLine Systems Inc.
Ruby Dock SilverLine,Ruby Dock,SilverLine Systems Inc.
Cerulean Spark SilverLine,Cerulean Spark,SilverLine Systems Inc.
Sable Module Drive SilverLine,Sable Module Drive,SilverLine Systems Inc.
VegaStand Pro,Sol Pulse,BrightWave Electronics Inc.
Frost Mesh Skyforge,Frost Mesh,Skyforge Technologies Inc.
LumenDock Pro Air and CrimsonBuds Mini SE,Beryl Hub; Nova Core Matrix,Catalyst Systems Inc.
Golden Spark Skyforge,Golden Spark,Skyforge Technologies Inc.
JadeCharge Plus Ultra,Cinder Frame,Zenith Holdings Inc.
OrionPad Ultra Edge,Echo Stack Vector,Arbor Devices Inc.
Helio Link Wave Skyforge,Helio Link Wave,Skyforge Technologies Inc.
Azure Dock Aurora,Azure Dock,Aurora Devices Inc.
CitrineDrive SE,Pearl Stack,Arbor Devices Inc.
CitrineDrive SE,Pearl Stack,Arbor Devices Inc.
Coda Module and Magenta Link,Coda Module and Magenta Link,Harbor Devices Inc.
Umbral Pulse Arc Zenith,Umbral Pulse Arc,Zenith Group Inc.
Mint Grid RedStone,Mint Grid,RedStone Works Inc.
NovaCharge Lite Edge and SignalCam Plus Edge,Ruby Pulse Spark,BrightWave Labs Inc.
Luna Engine Engine RedStone,Luna Engine Engine,RedStone Works Inc.
Terra Wave Stack RedStone,Terra Wave Stack,RedStone Works Inc.
Orion Stack Fabric Evergreen,Orion Stack Fabric,Evergreen Holdings Inc.
Sierra Spark Clearwater,Sierra Spark,Clearwater Labs Inc.
MiraCharge Gen,Cedar Mesh,BlueRiver Technologies Inc.
Astra Vault Summit,Astra Vault,Summit Manufacturing Inc.
LumenWatch Max Pro and SparkDock,Indigo Core + Citrine Core Dock,Cinder Manufacturing Inc.
Crimson Core NovaWorks,Crimson Core,NovaWorks Systems Inc.
"SenseBook Plus, OrionLink SE, and OrionWatch Plus",Argo Stack & Lyra Kernel & Sierra Kernel,Arbor Holdings Inc.
Crimson Kernel NovaWorks,Crimson Kernel,NovaWorks Systems Inc.
Violet Kernel NovaWorks,Violet Kernel,NovaWorks Systems Inc.
Zen Bridge NovaWorks,Zen Bridge,NovaWorks Systems Inc.
QuantaDrive Ultra Max and CopperPhone Max,Terra Grid & Umber Fabric Arc,EchoLabs Systems Inc.
Citrine Wave NovaWorks,Citrine Wave,NovaWorks Systems Inc.
Astra Vault NovaWorks,Astra Vault,NovaWorks Systems Inc.
Coda Layer NovaWorks,Coda Layer,NovaWorks Systems Inc.
Luna Stack Arc NovaWorks,Luna Stack Arc,NovaWorks Systems Inc.
Zen Stack Engine NovaWorks,Zen Stack Engine,NovaWorks Systems Inc.
Umber Fabric Arc NovaWorks,Umber Fabric Arc,NovaWorks Systems Inc.
Pearl Pulse Kernel NovaWorks,Pearl Pulse Kernel,NovaWorks Systems Inc.
DrivePad Edge,Silver Node Kernel,NovaWorks Systems Inc.
VectorBuds SE Air Plus,Silver Node Kernel,Astra Works Inc.
Argo Shield Wave NovaWorks,Argo Shield Wave,NovaWorks Systems Inc.
VectorBuds SE Air Plus,Silver Node Kernel,Astra Works Inc.
"SenseBook Plus, OrionLink SE, and OrionWatch Plus",Argo Stack and Lyra Kernel and Sierra Kernel,Arbor Holdings Inc.
CatalystBeam Ultra Lite,Teal Arc,Springboard Components Inc.
OnyxPad SE Gen Lite,Azure Hub,Skylark Electronics Inc.
Orion Engine Nebula,Orion Engine,Nebula Group Inc.
Helio Module Nebula,Helio Module,Nebula Group Inc.
CitrineDrive SE,Pearl Stack,Arbor Devices Inc.
Ruby Matrix Nebula,Ruby Matrix,Nebula Group Inc.
Aero Kernel Nebula,Aero Kernel,Nebula Group Inc.
Frost Link Nebula,Frost Link,Nebula Group Inc.
Zen Pulse Nebula,Zen Pulse,Nebula Group Inc.
VegaStand Pro,Sol Pulse,BrightWave Electronics Inc.
Azure Wave Nebula,Azure Wave,Nebula Group Inc.
NovaBeam Max,Vega Node,Nebula Group Inc.
AtlasBook Ultra,Mint Node,Harbor Devices Inc.
Atlas Drive Nebula,Atlas Drive,Nebula Group Inc.
Frost Sense Nebula,Frost Sense,Nebula Group Inc.
Maple Mesh Nebula,Maple Mesh,Nebula Group Inc.
Pearl Mesh Nebula,Pearl Mesh,Nebula Group Inc.
Argo Dock Nebula,Argo Dock,Nebula Group Inc.
Citrine Dock Nebula,Citrine Dock,Nebula Group Inc.
ZenithDock Pro Pro,Beryl Hub + Nova Core Matrix,Nebula Group Inc.
Topaz Sync Nebula,Topaz Sync,Nebula Group Inc.
KairoPad Mini Mini,Pulse Flex,Arbor Devices Inc.
Jade Flex Nebula,Jade Flex,Nebula Group Inc.
Sierra Spark Nebula,Sierra Spark,Nebula Group Inc.
Topaz Spark and Astra Vault,Topaz Spark + Astra Vault,Nebula Group Inc.
Violet Spark Nebula,Violet Spark,Nebula Group Inc.
Orion Flow Nebula,Orion Flow,Nebula Group Inc.
Coral Flow Nebula,Coral Flow,Nebula Group Inc.
LumenBook Plus Edge 128GB Dual‑SIM,Copper Vector,Nebula Group Inc.
JadeCharge Plus Ultra,Cinder Frame,Zenith Holdings Inc.
Auric Frame Nebula,Auric Frame,Nebula Group Inc.
Violet Frame Nebula,Violet Frame,Nebula Group Inc.
Nova Core Matrix Nebula,Nova Core Matrix,Nebula Group Inc.
Cedar Core Core Nebula,Cedar Core Core,Nebula Group Inc.
Delta Module Beam Nebula,Delta Module Beam,Nebula Group Inc.
Sol Stack Node Nebula,Sol Stack Node,Nebula Group Inc.
Beryl Stack Kernel Nebula,Beryl Stack Kernel,Nebula Group Inc.
Quanta Fabric Layer Nebula,Quanta Fabric Layer,Nebula Group Inc.
Atlas Fabric Kernel Nebula,Atlas Fabric Kernel,Nebula Group Inc.
SparkKey Ultra Gen,Quartz Fabric Kernel,BrightWave Electronics Inc.
Lime Fabric Node Nebula,Lime Fabric Node,Nebula Group Inc.
Copper Kernel Spark Nebula,Copper Kernel Spark,Nebula Group Inc.
Nimbus Bridge Edge Nebula,Nimbus Bridge Edge,Nebula Group Inc.
Lyra Bridge Spark and Azure Signal Edge,Lyra Bridge Spark and Azure Signal Edge,Arbor Devices Inc.
Pulse Link Sense Nebula,Pulse Link Sense,Nebula Group Inc.
Zen Link Mesh Nebula,Zen Link Mesh,Nebula Group Inc.
Argo Link Vector Nebula,Argo Link Vector,Nebula Group Inc.
Terra Pulse Kernel Nebula,Terra Pulse Kernel,Nebula Group Inc.
Umbral Pulse Arc Nebula,Umbral Pulse Arc,Nebula Group Inc.
Ivory Node Node Nebula,Ivory Node Node,Nebula Group Inc.
Quartz Node Sense Nebula,Quartz Node Sense,Nebula Group Inc.
Onyx Grid Flow Nebula,Onyx Grid Flow,Nebula Group Inc.
Indigo Grid Layer Nebula,Indigo Grid Layer,Nebula Group Inc.
Jade Shield Edge Nebula,Jade Shield Edge,Nebula Group Inc.
Indigo Drive Beam Nebula,Indigo Drive Beam,Nebula Group Inc.
SenseDrive Max,Cedar Wave,Astra Works Inc.
Citrine Node Mesh Astra,Citrine Node Mesh,Astra Works Inc.
SenseDrive Max,Cedar Wave,Astra Works Inc.
Citrine Node Mesh Pinecone,Citrine Node Mesh,Pinecone Holdings Inc.
Delta Engine Spark Quantum,Delta Engine Spark,Quantum Labs Inc.
Coral Signal Mountain,Coral Signal,Mountain Industries Inc.
Coral Sense Mountain,Coral Sense,Mountain Industries Inc.
Sierra Spark Mountain,Sierra Spark,Mountain Industries Inc.
Copper Kernel Spark Mountain,Copper Kernel Spark,Mountain Industries Inc.
Coral Sense Glacier,Coral Sense,Glacier Manufacturing Inc.
Pulse Stack Core Crown,Pulse Stack Core,Crown Systems Inc.
Pulse Stack Core Skylark,Pulse Stack Core,Skylark Technologies Inc.
CitrineDrive SE,Pearl Stack,Arbor Devices Inc.
Zen Pulse Sunpeak,Zen Pulse,Sunpeak Devices Inc.
NovaBeam Max,Vega Node,Nebula Group Inc.
Atlas Drive Sunpeak,Atlas Drive,Sunpeak Devices Inc.
LumenBook Plus Edge 128GB Dual‑SIM,Copper Vector,Nebula Group Inc.
Zen Link Mesh Sunpeak,Zen Link Mesh,Sunpeak Devices Inc.
Coral Signal BrightWave,Coral Signal,BrightWave Electronics Inc.
Zen Node Starlight,Zen Node,Starlight Components Inc.
AzureDrive Gen,Terra Edge,Arbor Components Inc.
AzureDrive Gen,Terra Edge,Arbor Components Inc.
AzureDrive Gen,Terra Edge,Arbor Components Inc.
Zen Node EchoLabs,Zen Node,EchoLabs Holdings Inc.
CrownHub,Coral Core,NovaWorks Industries Inc.
SonicPad Ultra Gen,Ivory Engine,Seabird Manufacturing Inc.
OrionDrive Mini Gen Lite,Ivory Engine,GoldenGate Networks Inc.
SyncLink SE Pro,Indigo Fabric,GoldenGate Networks Inc.
AuroraBeam Edge,Vega Module and Azure Signal Edge and Beryl Hub,Seabird Manufacturing Inc.
SolBeam Edge,Zen Module and Azure Signal Edge,Seabird Manufacturing Inc.
SignalNode Pro,Astra Stack and Saffron Flow,GoldenGate Networks Inc.
TealWatch Gen Air,Quanta Stack,Seabird Manufacturing Inc.
JadeCam Mini Pro Max,Saffron Stack,GoldenGate Networks Inc.
PulseKey Gen Ultra,Kairo Fabric,Seabird Manufacturing Inc.
CitrineCharge Air,Luna Matrix,GoldenGate Networks Inc.
AtlasRouter Air,Umbral Matrix,Seabird Manufacturing Inc.
CrownCharge Edge Gen,Ivory Kernel,Seabird Manufacturing Inc.
UmberKey Lite Gen,Sable Kernel,Seabird Manufacturing Inc.
JadeNode Lite Plus,Violet Kernel,Arbor Devices Inc.
CopperNode Lite Pro,Violet Kernel,Catalyst Holdings Inc.
OnyxSpeaker SE SE Air,Teal Bridge,Seabird Manufacturing Inc.
FlexStand,Pulse Wave,Seabird Manufacturing Inc.
CrownCase Lite Mini SE,Maple Wave,Seabird Manufacturing Inc.
SummitBeam Edge,Vega Node,Seabird Manufacturing Inc.
CorePad Mini Edge,Vega Node,GoldenGate Networks Inc.
GraphiteNode Max,Lyra Node,GoldenGate Networks Inc.
SilverRouter Pro Max Ultra Edge,Ivory Node & Sol Grid Drive,Arbor Devices Inc.
SonicLink Gen,Sable Node,Skylark Technologies Inc.
LyraDrive Ultra SE,Atlas Shield,GoldenGate Networks Inc.
SummitPhone Mini,Orion Sense,Seabird Manufacturing Inc.
HarborPhone Mini,Orion Sense,GoldenGate Networks Inc.
NovaSpeaker SE Ultra Edge,Orion Sense,GoldenGate Networks Inc.
QuantaWatch Lite,Teal Sense,Seabird Manufacturing Inc.
SlateHub Ultra,Beryl Hub; Azure Signal Edge,GoldenGate Networks Inc.
CopperWatch Lite,Maple Beam,GoldenGate Networks Inc.
FlexPad SE Mini,Ruby Beam,Seabird Manufacturing Inc.
BeamNode Edge,Slate Sync,Seabird Manufacturing Inc.
PearlNode Mini SE Air,Graphite Flex,GoldenGate Networks Inc.
CrimsonPad Gen,Orion Spark,Arbor Devices Inc.
VegaPad Gen Air,Ruby Vault,Saffron Systems Inc.
HarborWatch Plus Ultra,Quartz Vector,Arbor Devices Inc.
CitrineBeam Lite Mini SE,Violet Frame,Seabird Manufacturing Inc.
UmberBuds Gen Max,Quartz Layer,GoldenGate Networks Inc.
CitrineCharge SE,Lime Layer,Saffron Systems Inc.
CitrineCharge SE / LumenCharge Mini Ultra,Lime Layer,Saffron Systems Inc.
BeamCase Gen Lite Mini,Cerulean Core Grid,Arbor Devices Inc.
HelioBeam Mini Plus Pro,Cerulean Engine Pulse,Seabird Manufacturing Inc.
GraphiteRouter Edge SE,Opal Matrix Module,GoldenGate Networks Inc.
OnyxLink Mini Pro,Nimbus Kernel Beam,Seabird Manufacturing Inc.
OnyxCam Edge,Lyra Bridge Spark; Azure Signal Edge,Seabird Manufacturing Inc.
SyncDock Max,Saffron Bridge Sense,Seabird Manufacturing Inc.
CatalystPad Air Pro,Sol Link Vault,Seabird Manufacturing Inc.
WaveRouter Pro Max Ultra Edge,Sol Grid Drive,Arbor Devices Inc.
WaveBook SE Air,Maple Grid Vault,Seabird Manufacturing Inc.
CoreBook Air Lite,Copper Grid Kernel,Seabird Manufacturing Inc.
LyraPad Edge,Aero Signal Spark,GoldenGate Networks Inc.
SaffronHub Ultra,Azure Signal Edge,Arbor Devices Inc.
EchoPad SE Plus Pro,Slate Spark,Copperline Group Inc.
OnyxPad Air Ultra,Ivory Node,Arbor Devices Inc.
CopperNode Lite Pro / NimbusLink Plus,Violet Kernel,Catalyst Holdings Inc.
NebulaCharge Pro / SummitCharge Pro and CodaPad Ultra,Citrine Link; Ivory Node,Catalyst Holdings Inc.
AuroraCharge Pro,Citrine Link; Opal Hub,Catalyst Holdings Inc.
AzurePad Air Ultra / CobaltLink Plus Gen and SummitCam Ultra Max and CodaPad Ultra,Ivory Node; Umber Frame; Silver Stack Layer,Catalyst Holdings Inc.
SolKey Edge Pro,Cobalt Vault,Catalyst Holdings Inc.
WaveBook SE Air,Maple Grid Vault,Seabird Manufacturing Inc.
KairoKey Gen Lite Mini / SummitKey SE Air Plus 64GB Refurbished,Citrine Grid Shield,Catalyst Holdings Inc.
HarborCam Edge Pro,Umber Drive Spark,Catalyst Holdings Inc.
LumenWatch Lite Edge 256GB Dual‑SIM / LumenWatch Lite Edge 256GB Dual‑SIM / LumenWatch Lite Edge 512GB Bundle,Vega Wave Signal,SilverLine Industries Inc.
Saffron Node Aurora,Saffron Node,Aurora Systems Inc.
AzureBuds Air Plus and VegaBook Pro Max,"Indigo Core, Topaz Hub",NovaWorks Holdings Inc.
Citrine Core Dock Aurora,Citrine Core Dock,Aurora Systems Inc.
PulseCam Ultra Ultra 256GB Starter Kit and PearlPad Edge,Saffron Stack Vector + Opal Stack Link + Pearl Link Pulse + Auric Link Wave + Mint Link Core,Aurora Systems Inc.
Sonic Grid Riverstone,Sonic Grid,Riverstone Technologies Inc.
Frost Mesh Riverstone,Frost Mesh,Riverstone Technologies Inc.
Quanta Signal Stack Riverstone,Quanta Signal Stack,Riverstone Technologies Inc.
Quanta Vector Harbor,Quanta Vector,Harbor Devices Inc.
HarborCam Gen Air,Mira Stack,Atlas Electronics Inc.
VegaPhone SE Mini SE,Teal Node,Atlas Electronics Inc.
MiraWatch Max/CobaltNode Plus Mini,Golden Drive; Pearl Layer,Atlas Electronics Inc.
Sierra Matrix Zenith,Sierra Matrix,Zenith Components Inc.
Ember Link Zenith,Ember Link,Zenith Components Inc.
Frost Pulse Zenith,Frost Pulse,Zenith Components Inc.
Kairo Grid Zenith,Kairo Grid,Zenith Components Inc.
Saffron Drive Zenith,Saffron Drive,Zenith Components Inc.
Cobalt Sense Zenith,Cobalt Sense,Zenith Components Inc.
Cerulean Spark Zenith,Cerulean Spark,Zenith Components Inc.
Maple Vault Zenith,Maple Vault,Zenith Components Inc.
Beryl Module Pulse Zenith,Beryl Module Pulse,Zenith Components Inc.
Quanta Fabric Layer Zenith,Quanta Fabric Layer,Zenith Components Inc.
Umbral Fabric Wave Zenith,Umbral Fabric Wave,Zenith Components Inc.
SolNode Ultra Gen,Lime Fabric Node,Zenith Components Inc.
Cerulean Bridge Sync Zenith,Cerulean Bridge Sync,Zenith Components Inc.
ZenithKey Ultra Edge Gen,Beryl Grid Wave,Seabird Technologies Inc.
Nimbus Signal Core Zenith,Nimbus Signal Core,Zenith Components Inc.
Quanta Signal Stack Zenith,Quanta Signal Stack,Zenith Components Inc.
Ember Link RedStone,Ember Link,RedStone Networks Inc.
Cerulean Spark Evergreen,Cerulean Spark,Evergreen Group Inc.
Atlas Mesh Clearwater,Atlas Mesh,Clearwater Works Inc.
LyraCam Mini,Topaz Pulse,BlueRiver Manufacturing Inc.
QuartzBuds Mini Max Ultra,Golden Drive,Highland Holdings Inc.
CitrineCam Gen,Mira Sync,BlueRiver Manufacturing Inc.
OpalPad SE SE Air 128GB Dual‑SIM/BridgeBook 512GB Dual‑SIM,Coda Sync & Azure Spark,BlueRiver Manufacturing Inc.
OrionBuds SE Edge,Sonic Sync,BlueRiver Manufacturing Inc.
BridgePhone Pro Edge 64GB Dual‑SIM/EchoPhone 1TB Dual‑SIM,Sol Sync,Highland Holdings Inc.
SignalPhone Pro Gen,Sol Sync,Highland Holdings Inc.
SyncPhone Pro Lite,Sol Sync,Highland Holdings Inc.
CitrineWatch Gen Edge,Azure Spark,BlueRiver Manufacturing Inc.
DriveStand SE Air,Ruby Flow,Highland Holdings Inc.
QuartzCase Edge Air,Sierra Frame,Highland Holdings Inc.
SaffronWatch Max Max,Ruby Bridge Layer,BlueRiver Manufacturing Inc.
CodaPad Gen Mini,Ruby Bridge Layer,BlueRiver Manufacturing Inc.
EchoNode Mini Air Plus,Ruby Bridge Layer,BlueRiver Manufacturing Inc.
AstraBeam Gen Plus,Luna Pulse Link,BlueRiver Manufacturing Inc.
ArgoNode Plus Mini,Echo Pulse Wave,Highland Holdings Inc.
FlexPhone Pro Mini / TealCase Plus Pro / CitrineCase Gen Lite,Mira Sync; Echo Drive Flex,Summit Labs Inc.
BridgeKey Edge Gen Lite / UmberCase SE Air,Coda Sync,BlueRiver Manufacturing Inc.
TealCase Plus Pro / FlexPhone Pro Mini / CitrineCase Gen Lite,"Echo Drive Flex, Mira Sync",Summit Labs Inc.
AtlasWatch SE Pro Max,Echo Node,BlueRiver Manufacturing Inc.
Coral Core Lighthouse,Coral Core,Lighthouse Electronics Inc.
Citrine Vault Lighthouse,Citrine Vault,Lighthouse Electronics Inc.
Lyra Bridge Spark and Azure Signal Edge,Lyra Bridge Spark and Azure Signal Edge,Arbor Devices Inc.
QuantaWatch Plus Edge,Quartz Vector,Astra Works Inc.
SyncCharge Max SE,Ivory Engine Wave,BrightWave Manufacturing Inc.
Umbral Pulse Arc Nebula,Umbral Pulse Arc,Nebula Components Inc.
RubyDrive Mini Ultra Edge,Crimson Shield Flow,Pinecone Group Inc.
SaffronLink Mini,Umbral Core,Aurora Holdings Inc.
AuroraNode Mini Mini SE,Copper Signal Stack,Aurora Holdings Inc.
SaffronLink Mini,Umbral Core,Aurora Holdings Inc.
SaffronLink Mini,Umbral Core,Aurora Holdings Inc.
PulseHub Pro Max,Orion Wave Shield,Starlight Devices Inc.
OnyxBook Mini / SaffronBook Mini / NimbusBook Air SE,Ruby Core Hub,Nightfall Electronics Inc.
OnyxBook Mini / NimbusBook Air SE,Ruby Core Hub,Nightfall Electronics Inc.
SenseBook Plus and SparkDock,Indigo Core and Lyra Kernel,Cinder Technologies Inc.
Violet Matrix Seabird,Violet Matrix,Seabird Labs Inc.
Nimbus Grid Seabird,Nimbus Grid,Seabird Labs Inc.
Sonic Grid Seabird,Sonic Grid,Seabird Labs Inc.
Cobalt Grid Seabird,Cobalt Grid,Seabird Labs Inc.
Jade Grid DeepField,Jade Grid,DeepField Holdings Inc.
Citrine Hub Seabird,Citrine Hub,Seabird Labs Inc.
Astra Vault Seabird,Astra Vault,Seabird Labs Inc.
Silver Vault Seabird,Silver Vault,Seabird Labs Inc.
Teal Frame Seabird,Teal Frame,Seabird Labs Inc.
Ember Module Edge Seabird,Ember Module Edge,Seabird Labs Inc.
Teal Grid Hub Seabird,Teal Grid Hub,Seabird Labs Inc.
Delta Node Flow Saffron,Delta Node Flow,Saffron Industries Inc.
Ivory Sync Meadow,Ivory Sync,Meadow Manufacturing Inc.
SignalCam Ultra / TerraKey Plus,Jade Grid,Arbor Systems Inc.
FlexStand Gen Pro / SilverLink Mini Lite,Cerulean Pulse Sense,Mosaic Devices Inc.
Astra Kernel Hub GoldenGate,Astra Kernel Hub,GoldenGate Electronics Inc.
Quanta Vault Copperline,Quanta Vault,Copperline Components Inc.
Quanta Vault Cinder,Quanta Vault,Cinder Networks Inc.
Citrine Matrix Aurora,Citrine Matrix,Aurora Industries Inc.
KairoBook Ultra,Ivory Node,Zenith Devices Inc.
SlateSpeaker Pro Gen,Kairo Core Dock,RedStone Electronics Inc.
PulseDrive Lite and SaffronBook Ultra / PulseDrive Lite and OnyxBook Ultra / PulseDrive Lite and CobaltBook Ultra,Terra Grid; Saffron Dock,Aurora Components Inc.
PulseDrive Lite and SaffronBook Ultra / EdgeBook Plus Ultra / PulseDrive Lite and OnyxBook Ultra / PulseDrive Lite and CobaltBook Ultra,"Terra Grid, Saffron Dock",Aurora Components Inc.
SenseSpeaker SE Mini and ZenithKey Gen Mini,"Cedar Grid, Sol Flow",Highland Group Inc.
Sol Sense Highland,Sol Sense,Highland Group Inc.
JadeCam Mini,Aero Link,Meadow Manufacturing Inc.
Azure Signal Edge Highland,Azure Signal Edge,Highland Group Inc.
Sonic Core Mesh BlueRiver,Sonic Core Mesh,BlueRiver Labs Inc.
Aero Link Ironwood,Aero Link,Ironwood Industries Inc.
CobaltHub Gen Lite Mini,Golden Spark,Arbor Components Inc.
Nova Bridge Mountain,Nova Bridge,Mountain Group Inc.
Sierra Spark Mountain,Sierra Spark,Mountain Group Inc.
VectorStand Gen Mini and IndigoStand Gen Lite,Maple Link Link and Quartz Link Flow,Catalyst Holdings Inc.
Nova Bridge Crown,Nova Bridge,Crown Holdings Inc.
OpalPad Pro Ultra / NimbusPhone Max,Cobalt Pulse,Skylark Labs Inc.
Azure Sync Skylark,Azure Sync,Skylark Labs Inc.
Sol Grid Sunpeak,Sol Grid,Sunpeak Industries Inc.
Pearl Link Pulse BrightWave,Pearl Link Pulse,BrightWave Manufacturing Inc.
FlexDrive Max,Aero Engine Frame,Stonebridge Devices Inc.
Sonic Signal Northwind,Sonic Signal,Northwind Networks Inc.
RubyCam SE Ultra,Graphite Spark,Clearwater Electronics Inc.
Frost Core Sync Seabird,Frost Core Sync,Seabird Works Inc.
NovaCharge Lite Edge,Ruby Pulse Spark,BrightWave Labs Inc.
Golden Node Bridge DeepField,Golden Node Bridge,DeepField Group Inc.
Topaz Vector Saffron,Topaz Vector,Saffron Holdings Inc.
Coral Module and Golden Pulse Signal,"Coral Module, Golden Pulse Signal",Crown Holdings Inc.
Coda Vault Arbor,Coda Vault,Arbor Industries Inc.
Golden Node Bridge Arbor,Golden Node Bridge,Arbor Industries Inc.
Frost Core Sync Orion,Frost Core Sync,Orion Manufacturing Inc.
Nova Bridge Mosaic,Nova Bridge,Mosaic Systems Inc.
AstraKey Plus Pro,Copper Kernel,GoldenGate Technologies Inc.
VectorDrive Mini Lite,Astra Bridge,Clearwater Technologies Inc.
BeamWatch Edge Lite,Jade Kernel,Lumen Networks Inc.
SignalPhone SE Plus Pro,Ivory Mesh,Skyforge Works Inc.
SaffronLink Mini,Umbral Core,Aurora Holdings Inc.
AuroraNode Mini Mini SE,Copper Signal Stack,Aurora Holdings Inc.
SaffronLink Mini,Umbral Core,Aurora Holdings Inc.
Cinder Drive Harbor,Cinder Drive,Harbor Industries Inc.
UmberBook SE,Helio Vector,Atlas Manufacturing Inc.
BridgeNode Ultra Ultra,Magenta Module Sync,Zenith Systems Inc.
VegaSpeaker SE Lite Mini,Nova Kernel and Astra Frame,Aurora Industries Inc.
CrimsonDrive Lite,Umbral Core,Ironwood Holdings Inc.
RubyDrive Gen,Coral Engine,Ironwood Holdings Inc.
IndigoDrive Gen,Coral Engine; Coral Link,Ironwood Holdings Inc.
GraphitePad Pro,Magenta Fabric & Terra Matrix,Ironwood Holdings Inc.
SyncKey Gen Air,Magenta Kernel & Onyx Spark,Ironwood Holdings Inc.
TealNode Mini Gen Lite,Pulse Pulse,Ironwood Holdings Inc.
LyraDrive Air / TerraDrive Air,Cobalt Node,Astra Electronics Inc.
GoldenDrive Pro,Auric Node,Ironwood Holdings Inc.
GraphiteDrive Pro 512GB Dual‑SIM,Auric Node & Sable Fabric Pulse,Ironwood Holdings Inc.
KairoKey Plus Mini,Echo Sense,Ironwood Holdings Inc.
EchoCam SE Max Ultra,Sol Sense,Ironwood Holdings Inc.
OpalBeam Mini Max Ultra,Sol Sense and Coda Link Flex,Ironwood Holdings Inc.
GlacierDrive Ultra Ultra,Lime Sense,Ironwood Holdings Inc.
GoldenDrive Ultra Pro,Lime Sense,Ironwood Holdings Inc.
BridgeLink Gen,Opal Mesh,Ironwood Holdings Inc.
NovaCase Ultra,"Teal Mesh, Coral Vector",Ironwood Holdings Inc.
Ivory Edge Ironwood,Ivory Edge,Ironwood Holdings Inc.
SparkCam Edge Gen,Beryl Hub and Coral Flow,Ironwood Holdings Inc.
WaveHub Edge Lite,Terra Sync,Ironwood Holdings Inc.
HarborRouter Max,Coral Flow,Ironwood Holdings Inc.
PearlHub Edge Max,Pulse Vector,Ironwood Holdings Inc.
SlateHub Edge Ultra,Pulse Vector,Ironwood Holdings Inc.
BeamCharge SE,Coral Vector,Ironwood Holdings Inc.
EdgeCharge SE,Coral Vector,Ironwood Holdings Inc.
DriveKey Gen Lite,Pearl Vector,Ironwood Holdings Inc.
AtlasPad Air Ultra,Graphite Kernel Flex,Ironwood Holdings Inc.
GlacierPad Air Plus,Graphite Kernel Flex,Ironwood Holdings Inc.
NimbusDock SE Mini SE,Coda Link Flex,Ironwood Holdings Inc.
VegaBeam Mini Lite Mini,Frost Wave Flex,Astra Works Inc.
GoldenCharge Pro Edge,Topaz Grid Node,Highland Industries Inc.
BridgeLink Gen,Opal Mesh,Ironwood Holdings Inc.
CatalystHub Ultra / SonicCharge Air,Aero Matrix,Springboard Industries Inc.
"AuroraBook Ultra, SenseDrive Mini, CrownBook Ultra and AstraKey Mini",Sol Module; Frost Module; Azure Node; Violet Node,SilverLine Systems Inc.
Crimson Vault Starlight,Crimson Vault,Starlight Industries Inc.
Cedar Core Core 512GB Dual‑SIM Nightfall,Cedar Core Core,Nightfall Manufacturing Inc.
TerraCharge Air Ultra,Saffron Vault + Crimson Vault,Stonebridge Systems Inc.
Citrine Node Mesh Photon,Citrine Node Mesh,Photon Technologies Inc.
PhotonCam,Terra Stack,EchoLabs Devices Inc.
PearlPad Pro Plus,Terra Grid and Nova Matrix Beam,BlueRiver Technologies Inc.
PearlPad Pro Plus,"Terra Grid, Nova Matrix Beam",BlueRiver Technologies Inc.
GoldenCam,Terra Stack,Meadow Works Inc.
BeamCam,Terra Stack,DeepField Components Inc.
Heli oPad Gen Edge,Cerulean Matrix,DeepField Components Inc.
DriveBook Plus,Orion Kernel,DeepField Components Inc.
BridgeBuds Mini Mini,Onyx Grid Flow,DeepField Components Inc.
QuartzBuds Gen Mini,Onyx Grid Flow,Meadow Works Inc.
CoreKey Pro Max Ultra,Sonic Vault,Orion Labs Inc.
SparkCam Lite Lite,Pearl Flex,GoldenGate Manufacturing Inc.
Quanta Engine Cinder,Quanta Engine,Cinder Technologies Inc.
Vega Kernel Catalyst,Vega Kernel,Catalyst Devices Inc.
Zen Bridge Catalyst,Zen Bridge,Catalyst Devices Inc.
Ivory Grid Catalyst,Ivory Grid,Catalyst Devices Inc.
Zen Dock Catalyst,Zen Dock,Catalyst Devices Inc.
Beryl Hub Catalyst,Beryl Hub,Catalyst Devices Inc.
Indigo Engine Engine Catalyst,Indigo Engine Engine,Catalyst Devices Inc.
Cobalt Fabric Sense Catalyst,Cobalt Fabric Sense,Catalyst Devices Inc.
Orion Pulse Mesh Catalyst,Orion Pulse Mesh,Catalyst Devices Inc.
Frost Pulse Arc Catalyst,Frost Pulse Arc,Catalyst Devices Inc.
Ruby Grid Drive Catalyst,Ruby Grid Drive,Catalyst Devices Inc.
Silver Beam Lumen,Silver Beam,Lumen Electronics Inc.
GlacierPad Gen Air,Quartz Module Grid,Riverstone Works Inc.
IndigoNode Ultra Edge Gen,Nimbus Shield Vector,Riverstone Works Inc.
LyraKey Air Pro / EdgeKey Plus Ultra / SparkKey Plus Plus / HelioCase Plus Edge,Lime Frame,Atlas Labs Inc.
LyraKey Air Pro / EdgeKey Plus Ultra / SparkKey Plus Plus / HelioCase Plus Edge,Lime Frame,Atlas Labs Inc.
Luna Vector Lighthouse,Luna Vector,Lighthouse Labs Inc.
Lyra Frame Astra,Lyra Frame,Astra Manufacturing Inc.
Delta Mesh Pinecone,Delta Mesh,Pinecone Systems Inc.
Lime Edge Pinecone,Lime Edge,Pinecone Systems Inc.
Cobalt Wave Frame Pinecone,Cobalt Wave Frame,Pinecone Systems Inc.
Azure Node Spark Pinecone,Azure Node Spark,Pinecone Systems Inc.
CobaltBeam Edge,Terra Kernel,Skylark Networks Inc.
Lime Core Sunpeak,Lime Core,Sunpeak Group Inc.
Lime Core and Cerulean Fabric,Lime Core; Cerulean Fabric,Lumen Manufacturing Inc.
Coda Engine Sunpeak,Coda Engine,Sunpeak Group Inc.
LyraDock Mini and SummitRouter Air Lite,Copper Engine,GoldenGate Labs Inc.
Lyra Module Sunpeak,Lyra Module,Sunpeak Group Inc.
Luna Fabric and Ivory Mesh,Luna Fabric; Ivory Mesh,BrightWave Electronics Inc.
HarborCase Pro and QuantaRouter Air,Cerulean Fabric & Pulse Pulse,DeepField Devices Inc.
Aero Matrix Sunpeak,Aero Matrix,Sunpeak Group Inc.
TealDock Plus and SonicCharge Air RevB,Aero Matrix and Onyx Kernel,Sunpeak Group Inc.
TealDock Plus and SonicCharge Air RevA,Aero Matrix + Onyx Kernel,Sunpeak Group Inc.
Helio Matrix Sunpeak,Helio Matrix,Sunpeak Group Inc.
CatalystBeam Air,Opal Matrix,Ironwood Devices Inc.
Violet Matrix Sunpeak,Violet Matrix,Sunpeak Group Inc.
SaffronDrive Lite 128GB Dual‑SIM,Coda Kernel,Sunpeak Group Inc.
Aero Link Sunpeak,Aero Link,Sunpeak Group Inc.
Crimson Link Sunpeak,Crimson Link,Sunpeak Group Inc.
Saffron Link Sunpeak,Saffron Link,Sunpeak Group Inc.
Pulse Pulse Sunpeak,Pulse Pulse,Sunpeak Group Inc.
GlacierCase Pro,Pulse Pulse,Sunpeak Group Inc.
Quanta Pulse Sunpeak,Quanta Pulse,Sunpeak Group Inc.
Sonic Wave Sunpeak,Sonic Wave,Sunpeak Group Inc.
Crimson Node Sunpeak,Crimson Node,Sunpeak Group Inc.
Saffron Node Sunpeak,Saffron Node,Sunpeak Group Inc.
Sonic Grid Sunpeak,Sonic Grid,Sunpeak Group Inc.
Golden Signal Sunpeak,Golden Signal,Sunpeak Group Inc.
OpalSpeaker Edge,Cinder Drive,Sunpeak Group Inc.
Cinder Drive Sunpeak,Cinder Drive,Sunpeak Group Inc.
Golden Drive Sunpeak,Golden Drive,Sunpeak Group Inc.
Argo Mesh Sunpeak,Argo Mesh,Sunpeak Group Inc.
Frost Mesh Sunpeak,Frost Mesh,Sunpeak Group Inc.
Auric Mesh Sunpeak,Auric Mesh,Sunpeak Group Inc.
Ivory Mesh Sunpeak,Ivory Mesh,Sunpeak Group Inc.
Lime Edge Sunpeak,Lime Edge,Sunpeak Group Inc.
Quartz Dock Sunpeak,Quartz Dock,Sunpeak Group Inc.
Opal Hub Sunpeak,Opal Hub,Sunpeak Group Inc.
Vega Beam Sunpeak,Vega Beam,Sunpeak Group Inc.
Graphite Beam Sunpeak,Graphite Beam,Sunpeak Group Inc.
Quanta Flex Sunpeak,Quanta Flex,Sunpeak Group Inc.
Atlas Flex Sunpeak,Atlas Flex,Sunpeak Group Inc.
Jade Spark Sunpeak,Jade Spark,Sunpeak Group Inc.
Aero Vault Sunpeak,Aero Vault,Sunpeak Group Inc.
Silver Vault Sunpeak,Silver Vault,Sunpeak Group Inc.
Coral Vector Sunpeak,Coral Vector,Sunpeak Group Inc.
Kairo Layer Sunpeak,Kairo Layer,Sunpeak Group Inc.
Silver Layer Sunpeak,Silver Layer,Sunpeak Group Inc.
Silver Layer and Azure Grid Beam,Silver Layer + Azure Grid Beam,Arbor Devices Inc.
Pulse Core Pulse Sunpeak,Pulse Core Pulse,Sunpeak Group Inc.
Nimbus Module Module Sunpeak,Nimbus Module Module,Sunpeak Group Inc.
Umber Fabric Arc Sunpeak,Umber Fabric Arc,Sunpeak Group Inc.
Maple Bridge Node Sunpeak,Maple Bridge Node,Sunpeak Group Inc.
Beryl Bridge Flow Sunpeak,Beryl Bridge Flow,Sunpeak Group Inc.
Cerulean Pulse Sense Sunpeak,Cerulean Pulse Sense,Sunpeak Group Inc.
Citrine Pulse Flex Sunpeak,Citrine Pulse Flex,Sunpeak Group Inc.
Magenta Pulse Engine Sunpeak,Magenta Pulse Engine,Sunpeak Group Inc.
Cobalt Wave Frame Sunpeak,Cobalt Wave Frame,Sunpeak Group Inc.
Mira Node Signal Sunpeak,Mira Node Signal,Sunpeak Group Inc.
Sol Node Edge Sunpeak,Sol Node Edge,Sunpeak Group Inc.
Azure Grid Beam Sunpeak,Azure Grid Beam,Sunpeak Group Inc.
Silver Drive Flow Sunpeak,Silver Drive Flow,Sunpeak Group Inc.
HarborCase Pro and QuantaRouter Air,Cerulean Fabric & Pulse Pulse,DeepField Devices Inc.
HarborCase Pro and QuantaRouter Air / SaffronDrive Plus Air,Cerulean Fabric and Pulse Pulse,DeepField Devices Inc.
Maple Module Arc Meadow,Maple Module Arc,Meadow Networks Inc.
Sol Node Edge Meadow,Sol Node Edge,Meadow Networks Inc.
Coda Engine Arbor,Coda Engine,Arbor Group Inc.
Coral Vector Mosaic,Coral Vector,Mosaic Holdings Inc.
LyraDock Mini / SummitDrive Plus Lite,Copper Engine,GoldenGate Labs Inc.
LyraDock Mini and OrionPad Ultra Edge / AtlasKey Pro Gen,Copper Engine,GoldenGate Labs Inc.
Coral Vector Copperline,Coral Vector,Copperline Industries Inc.
Magenta Engine Cinder,Magenta Engine,Cinder Manufacturing Inc.
Quanta Fabric Cinder,Quanta Fabric,Cinder Manufacturing Inc.
PulseLink Plus Pro,Vega Fabric; Quartz Hub; Umber Frame; Silver Stack Layer,Cinder Manufacturing Inc.
CodaLink Plus Plus,Vega Fabric; Umber Frame; Silver Stack Layer,Cinder Manufacturing Inc.
HelioCam Ultra Air,Vega Fabric & Silver Stack Layer,Cinder Manufacturing Inc.
Citrine Matrix Cinder,Citrine Matrix,Cinder Manufacturing Inc.
Teal Matrix Cinder,Teal Matrix,Cinder Manufacturing Inc.
"Azure Matrix, Terra Grid and Ruby Fabric Link","Azure Matrix, Terra Grid, Ruby Fabric Link",Cinder Manufacturing Inc.
Violet Matrix Cinder,Violet Matrix,Cinder Manufacturing Inc.
Crimson Link Cinder,Crimson Link,Cinder Manufacturing Inc.
Nimbus Pulse Cinder,Nimbus Pulse,Cinder Manufacturing Inc.
Frost Pulse Cinder,Frost Pulse,Cinder Manufacturing Inc.
CobaltLink Plus Gen and SummitCam Ultra Max and CodaPad Ultra,"Opal Hub, Umber Frame, Silver Stack Layer",Glacier Manufacturing Inc.
SyncRouter SE Air Plus and CodaPad Ultra,Argo Grid Sense,Cinder Manufacturing Inc.
Cinder Drive Cinder,Cinder Drive,Cinder Manufacturing Inc.
NovaStand Edge,Golden Drive,Cinder Manufacturing Inc.
Frost Sense Cinder,Frost Sense,Cinder Manufacturing Inc.
Terra Mesh Cinder,Terra Mesh,Cinder Manufacturing Inc.
Umbral Hub Cinder,Umbral Hub,Cinder Manufacturing Inc.
Copper Spark and Coral Fabric Signal,Copper Spark + Coral Fabric Signal,Aurora Group Inc.
Quanta Vault Cinder,Quanta Vault,Cinder Manufacturing Inc.
Quartz Vault Cinder,Quartz Vault,Cinder Manufacturing Inc.
AuroraWatch Pro SE,Silver Layer,Cinder Manufacturing Inc.
GoldenPhone Ultra Lite,Magenta Module Sync,Cinder Manufacturing Inc.
Jade Stack Hub Cinder,Jade Stack Hub,Cinder Manufacturing Inc.
Opal Stack Link Cinder,Opal Stack Link,Cinder Manufacturing Inc.
CitrineWatch Max,Maple Fabric Hub,Cinder Manufacturing Inc.
Cerulean Pulse Sense Cinder,Cerulean Pulse Sense,Cinder Manufacturing Inc.
Argo Node Dock Cinder,Argo Node Dock,Cinder Manufacturing Inc.
Teal Grid Hub Cinder,Teal Grid Hub,Cinder Manufacturing Inc.
Kairo Signal Node Cinder,Kairo Signal Node,Cinder Manufacturing Inc.
Indigo Fabric and Beryl Hub,Indigo Fabric and Beryl Hub,BrightWave Electronics Inc.
Argo Node Dock Skyforge,Argo Node Dock,Skyforge Electronics Inc.
HelioCharge Max SE / EchoNode Air,Saffron Engine Stack,Aurora Components Inc.
AuroraWatch Pro SE / KairoWatch Pro Mini,Silver Layer,Cinder Manufacturing Inc.
VegaDrive Ultra Ultra 128GB Bundle,Jade Pulse + Sable Module Drive + Umber Fabric Arc,RedStone Labs Inc.
Sable Engine Evergreen,Sable Engine,Evergreen Industries Inc.
"Azure Matrix, Terra Grid and Ruby Fabric Link",Azure Matrix & Terra Grid & Ruby Fabric Link,Cinder Manufacturing Inc.
PulsePhone Pro,Indigo Bridge,Evergreen Industries Inc.
Aero Link Evergreen,Aero Link,Evergreen Industries Inc.
Slate Link Evergreen,Slate Link,Evergreen Industries Inc.
Golden Grid Evergreen,Golden Grid,Evergreen Industries Inc.
Aero Sense Evergreen,Aero Sense,Evergreen Industries Inc.
MiraCharge Gen,Cedar Mesh,BlueRiver Technologies Inc.
Pearl Mesh Evergreen,Pearl Mesh,Evergreen Industries Inc.
Frost Edge Evergreen,Frost Edge,Evergreen Industries Inc.
Citrine Dock Evergreen,Citrine Dock,Evergreen Industries Inc.
AstraWatch Pro Max,Helio Beam,Astra Works Inc.
HelioCam Pro 256GB Bundle,Vega Beam,Astra Labs Inc.
Cedar Flex Evergreen,Cedar Flex,Evergreen Industries Inc.
Copper Spark and Coral Fabric Signal,Copper Spark & Coral Fabric Signal,Aurora Group Inc.
Cerulean Spark Evergreen,Cerulean Spark,Evergreen Industries Inc.
SolDock SE Air,Quartz Spark,Crown Components Inc.
Indigo Vector Evergreen,Indigo Vector,Evergreen Industries Inc.
Saffron Layer Evergreen,Saffron Layer,Evergreen Industries Inc.
Citrine Core Dock Evergreen,Citrine Core Dock,Evergreen Industries Inc.
Coda Fabric Fabric Evergreen,Coda Fabric Fabric,Evergreen Industries Inc.
Umber Fabric Arc Evergreen,Umber Fabric Arc,Evergreen Industries Inc.
Umber Node Matrix Evergreen,Umber Node Matrix,Evergreen Industries Inc.
Nimbus Signal Core Evergreen,Nimbus Signal Core,Evergreen Industries Inc.
Mint Signal Sense Evergreen,Mint Signal Sense,Evergreen Industries Inc.
Indigo Stack Clearwater,Indigo Stack,Clearwater Manufacturing Inc.
Golden Grid Highland,Golden Grid,Highland Systems Inc.
Aero Shield Beam Summit,Aero Shield Beam,Summit Technologies Inc.
Indigo Core and Jade Pulse,Indigo Core and Jade Pulse,Aurora Industries Inc.
AzureBuds Air Plus and SparkDock,Indigo Core and Topaz Hub,NovaWorks Holdings Inc.
Cedar Flex BlueRiver,Cedar Flex,BlueRiver Electronics Inc.
Indigo Stack Ironwood,Indigo Stack,Ironwood Components Inc.
Opal Stack Link Windmill,Opal Stack Link,Windmill Networks Inc.
Opal Stack Link SpringboarPX,Opal Stack Link,Springboard Group Inc.
Cedar Flex Lighthouse,Cedar Flex,Lighthouse Works Inc.
Echo Kernel Nebula,Echo Kernel,Nebula Holdings Inc.
OnyxBook Plus and HarborCam Plus SE,Echo Kernel & Pulse Frame,Nightfall Technologies Inc.
GlacierBeam Mini Lite Mini,Golden Matrix,Quantum Manufacturing Inc.
Graphite Grid Matrix Crown,Graphite Grid Matrix,Crown Devices Inc.
Magenta Stack Skylark,Magenta Stack,Skylark Electronics Inc.
Graphite Kernel Flex Sunpeak,Graphite Kernel Flex,Sunpeak Components Inc.
SignalRouter Edge,Lyra Drive,BrightWave Networks Inc.
GlacierPad Plus / SignalBook Plus,Quanta Kernel,Starlight Group Inc.
Coda Pulse StonebridgBL,Coda Pulse,Stonebridge Holdings Inc.
GoldenBeam,Quartz Shield,Nightfall Works Inc.
Orion Sense StonebridgBL,Orion Sense,Stonebridge Holdings Inc.
Kairo Dock StonebridgBL,Kairo Dock,Stonebridge Holdings Inc.
OrionCharge Mini Edge,Sonic Flex,Starlight Group Inc.
AstraDock Mini SE Air,Zen Signal Module,Starlight Group Inc.
Ruby Wave Photon,Ruby Wave,Photon Labs Inc.
Golden Core Pulse EchoLabs,Golden Core Pulse,EchoLabs Industries Inc.
Astra Flex Northwind,Astra Flex,Northwind Manufacturing Inc.
Sable Node DeepField,Sable Node,DeepField Systems Inc.
QuantaWatch Pro Max Ultra,Vega Core Grid,Saffron Devices Inc.
SignalBuds SE Mini SE,Aero Sense,Mosaic Group Inc.
SilverDrive Plus Lite,Frost Edge,Catalyst Industries Inc.
LumenCharge SE Pro,Sable Edge,Orion Networks Inc.
OnyxDock,"Beryl Hub, Helio Matrix Dock",Orion Networks Inc.
SaffronStand SE Air,Atlas Fabric Kernel,Copperline Holdings Inc.
CobaltDock,Helio Matrix Dock,Orion Networks Inc.
SignalBuds SE Mini SE / SlateDrive Edge,Aero Sense,Mosaic Group Inc.
SilverDrive Plus Lite / HarborNode Gen,Frost Edge,Catalyst Industries Inc.
CrownStand SE Mini / CrimsonRouter Ultra Max,Atlas Fabric Kernel,Springboard Holdings Inc.
CrownStand SE Mini / CrimsonRouter Ultra Max,Atlas Fabric Kernel,Springboard Holdings Inc.
CoreDock SE Gen,Pearl Stack,Copperline Holdings Inc.
SilverDrive Plus Lite,Frost Edge,Catalyst Industries Inc.
CrownStand SE Mini,Atlas Fabric Kernel,Springboard Holdings Inc.
SaffronStand SE Air,Atlas Fabric Kernel,Copperline Holdings Inc.
SilverDrive Plus Lite / HarborNode Gen,Frost Edge,Catalyst Industries Inc.
OnyxBeam Plus Ultra / NebulaBeam Plus Mini,Kairo Layer,Cinder Labs Inc.
FlexBook SE Ultra,Coral Bridge Fabric,Lumen Manufacturing Inc.
Indigo Kernel Riverstone,Indigo Kernel,Riverstone Electronics Inc.
Sable Engine Harbor,Sable Engine,Harbor Components Inc.
Cinder Wave Harbor,Cinder Wave,Harbor Components Inc.
TerraDock Gen,Argo Mesh,Harbor Components Inc.
IndigoSpeaker Air Edge,Cobalt Vault,Harbor Components Inc.
Atlas Fabric Kernel Harbor,Atlas Fabric Kernel,Harbor Components Inc.
Sierra Spark Atlas,Sierra Spark,Atlas Networks Inc.
Ruby Dock Evergreen,Ruby Dock,Evergreen Holdings Inc.
Cobalt Vault Highland,Cobalt Vault,Highland Industries Inc.
MiraCharge Gen,Cedar Mesh,BlueRiver Technologies Inc.
MiraDrive Mini 64GB Starter Kit,Orion Module,BrightWave Labs Inc.
MintStand Gen Plus 64GB Refurbished,Umber Link Shield,Arbor Devices Inc.
BeamHub SE Mini SE,Echo Fabric,Nightfall Networks Inc.
SparkHub SE Lite Mini,Pulse Matrix,Glacier Manufacturing Inc.
TealKey Edge,Astra Wave,Sunpeak Devices Inc.
SignalNode Mini Gen Lite,Zen Wave,Glacier Manufacturing Inc.
GraphiteKey Gen,Copper Wave,Sunpeak Devices Inc.
KairoPhone Pro Gen,Beryl Grid,Sunpeak Devices Inc.
SonicDock Plus Pro Max,Mint Grid,DeepField Industries Inc.
Lyra Signal Sunpeak,Lyra Signal,Sunpeak Devices Inc.
CodaDrive Edge,Golden Drive,Sunpeak Devices Inc.
TealWatch Air Plus,Beryl Drive + Umber Drive,Sunpeak Devices Inc.
TealBeam Plus Edge,Umbral Sense,Sunpeak Devices Inc.
AuroraBook Pro,Vega Edge,Sunpeak Devices Inc.
SolStand Max,Nova Dock,Glacier Manufacturing Inc.
Azure Dock Sunpeak,Azure Dock,Sunpeak Devices Inc.
SonicCase Mini Mini SE,Luna Beam,Nightfall Networks Inc.
QuantaRouter Ultra Edge,Argo Beam,Sunpeak Devices Inc.
ZenithKey Ultra Edge,Terra Sync,Glacier Manufacturing Inc.
MiraHub SE Lite,Golden Spark,Sunpeak Devices Inc.
WaveDrive Max,Umbral Spark,Nightfall Networks Inc.
NimbusWatch Gen Lite,Atlas Arc,Glacier Manufacturing Inc.
HelioDock Gen,Silver Vault,Arbor Devices Inc.
TopazDrive Lite Ultra,Teal Vector,Sunpeak Devices Inc.
DriveCharge Ultra Ultra,Teal Frame,Sunpeak Devices Inc.
TopazStand Max,Graphite Core Wave,Sunpeak Devices Inc.
NebulaWatch Pro Air,Quartz Engine Drive,Glacier Manufacturing Inc.
OnyxLink Air,Zen Module Fabric,Sunpeak Devices Inc.
SaffronLink Air 128GB Starter Kit/EchoPhone 1TB Bundle / CobaltLink Air,"Zen Module Fabric, Vega Module Kernel",Sunpeak Devices Inc.
ArgoRouter Mini,Sol Matrix Matrix,Sunpeak Devices Inc.
CopperPad Pro Ultra,Ember Kernel Kernel,Sunpeak Devices Inc.
NimbusPad Gen Max,Saffron Kernel Dock,Glacier Manufacturing Inc.
OnyxKey Plus Mini,Nova Pulse Pulse,Glacier Manufacturing Inc.
AstraWatch Mini,Frost Pulse Arc,Quantum Labs Inc.
CobaltBeam Mini Mini SE,Helio Wave Fabric,Sunpeak Devices Inc.
OnyxBeam Mini SE Air,Helio Wave Fabric,Glacier Manufacturing Inc.
GraphiteCase Lite Mini SE,Zen Wave Node,Glacier Manufacturing Inc.
QuartzPad Edge,Lyra Wave Drive,Seabird Manufacturing Inc.
MiraPhone SE Ultra Edge,Ember Grid Dock,DeepField Industries Inc.
GlacierDrive Max,Slate Grid Pulse,Sunpeak Devices Inc.
OnyxKey Edge Gen Lite,Topaz Grid Node,Glacier Manufacturing Inc.
SenseBuds Pro,Nimbus Shield Vector,Sunpeak Devices Inc.
Copper Fabric Layer BrightWave,Copper Fabric Layer,BrightWave Electronics Inc.
BeamHub SE Mini SE / AuroraPad Air,Echo Fabric,Nightfall Networks Inc.
BridgeSpeaker SE SE / UmberHub Ultra and AtlasCase SE,"Silver Stack, Graphite Grid",Nightfall Networks Inc.
BeamHub SE Mini SE / AuroraPad Air,Echo Fabric,Nightfall Networks Inc.
SonicCase Mini Mini SE / LumenWatch Max Ultra,Luna Beam,Nightfall Networks Inc.
WaveDrive Max / BeamDock SE Ultra,Umbral Spark,Nightfall Networks Inc.
BeamDrive Max / FlexCase Air Mini,Quanta Vector,Nightfall Networks Inc.
NimbusBook Air / PulseDock Lite SE / ZenithBook Air,Beryl Pulse Dock,Nightfall Networks Inc.
SonicRouter Edge Pro / LumenCharge Gen SE,Nimbus Link Drive,Springboard Holdings Inc.
FlexStand Air,Crimson Matrix,Glacier Manufacturing Inc.
TealDock Mini Plus Pro,Zen Sense,Glacier Manufacturing Inc.
GraphiteCharge SE Plus,Ember Flow,Photon Works Inc.
MiraHub Air Plus,Terra Engine Layer,Glacier Manufacturing Inc.
TealRouter SE Edge,Auric Kernel Sense,Glacier Manufacturing Inc.
GraphiteCase Lite Mini SE,Zen Wave Node,Glacier Manufacturing Inc.
MiraPhone SE Ultra Edge,Ember Grid Dock,DeepField Industries Inc.
CodaPhone SE Edge Gen,Coral Grid Hub,BlueRiver Works Inc.
OrionWatch SE Air Plus,Argo Drive Bridge,BlueRiver Works Inc.
SonicRouter Edge Pro,Nimbus Link Drive,Springboard Holdings Inc.
TerraPad Pro / QuantaPad Pro,Quartz Bridge,Catalyst Industries Inc.
Mint Bridge Copperline,Mint Bridge,Copperline Group Inc.
KairoLink Max Ultra,Citrine Engine Sense,Catalyst Holdings Inc.
KairoLink Max Ultra,Citrine Engine Sense,Catalyst Holdings Inc.
Cinder Flow Skyforge,Cinder Flow,Skyforge Manufacturing Inc.
Cinder Matrix Link Skyforge,Cinder Matrix Link,Skyforge Manufacturing Inc.
Silver Layer Aurora,Silver Layer,Aurora Systems Inc.
OnyxNode Plus,Opal Engine,Harbor Devices Inc.
AuroraPad Edge Mini,Magenta Module,Harbor Devices Inc.
OrionStand Lite,Nova Bridge,Harbor Devices Inc.
CatalystKey Pro,Nimbus Pulse,Harbor Devices Inc.
GraphiteKey Pro,Pulse Pulse,Harbor Devices Inc.
VectorKey Pro,Pulse Pulse,Harbor Devices Inc.
QuartzSpeaker Ultra Edge,Crimson Grid,Harbor Devices Inc.
ZenithBook Edge,Ruby Shield,Harbor Devices Inc.
LyraNode Max,Copper Drive,Harbor Devices Inc.
TopazNode Gen Max,Ruby Hub,Harbor Devices Inc.
CatalystDock Max,Mira Beam,Harbor Devices Inc.
NovaSpeaker Plus,Opal Sync,Harbor Devices Inc.
AtlasDock SE Mini,Quartz Spark,Harbor Devices Inc.
QuantaNode Max,Pearl Arc,Harbor Devices Inc.
CrimsonBook Air Mini,Jade Vault,Harbor Devices Inc.
MiraNode Max,Onyx Vault,Harbor Devices Inc.
OpalNode Gen Ultra,Cedar Vault,Harbor Devices Inc.
ArgoCase Plus Plus,Lime Frame,Harbor Devices Inc.
VegaNode Max,Argo Node Dock,Harbor Devices Inc.
PulseCharge SE Air Plus,Citrine Spark,Atlas Electronics Inc.
PhotonKey Pro / SolCase Pro,Astra Pulse,Zenith Components Inc.
PearlBook Max / SlateBook Max,Saffron Pulse,Quantum Labs Inc.
QuartzDock Max / JadeBuds Max Ultra,Opal Hub,Zenith Components Inc.
PulseCharge SE Air Plus / CrownDock SE Edge,Citrine Spark,Atlas Electronics Inc.
CrimsonBook Air Mini / JadeSpeaker Air Air,Jade Vault,Harbor Devices Inc.
FlexDrive Lite / NebulaCase Ultra Edge Gen,Magenta Grid Flex,Quantum Labs Inc.
VectorPhone Ultra / CrownSpeaker SE Air Plus,Jade Grid Spark,RedStone Networks Inc.
TopazNode Plus,Opal Engine,Evergreen Group Inc.
FlexDrive Ultra SE,Opal Engine,Highland Holdings Inc.
Coral Vault NovaWorks,Coral Vault,NovaWorks Industries Inc.
Coral Vault BlueRiver,Coral Vault,BlueRiver Manufacturing Inc.
PearlPhone Plus Mini,Umber Sense,Windmill Technologies Inc.
AstraLink Air Plus,Quanta Beam,Evergreen Holdings Inc.
OrionRouter Ultra / OpalHub Air Plus,Vega Beam,Astra Networks Inc.
OrionRouter Ultra / OpalHub Air Plus,Vega Beam,Astra Networks Inc.
OrionRouter Ultra / OpalHub Air Plus,Vega Beam,Astra Networks Inc.
OrionRouter Ultra / OpalHub Air Plus,Vega Beam,Astra Networks Inc.
TealSpeaker Air,Opal Kernel Layer,Summit Manufacturing Inc.
Cobalt Node Arc Mountain,Cobalt Node Arc,Mountain Holdings Inc.
Maple Matrix Sunpeak,Maple Matrix,Sunpeak Systems Inc.
Orion Kernel Sunpeak,Orion Kernel,Sunpeak Systems Inc.
IndigoPhone Lite,Copper Edge,Catalyst Systems Inc.
NebulaBuds Mini Pro,Echo Spark,Saffron Industries Inc.
GoldenStand Mini SE Air,Topaz Shield Matrix,Mosaic Devices Inc.
Vega Shield Engine GoldenGate,Vega Shield Engine,GoldenGate Electronics Inc.
Slate Node Copperline,Slate Node,Copperline Components Inc.
Sol Edge Copperline,Sol Edge,Copperline Components Inc.
NimbusStand Lite,Ivory Fabric Engine,Riverstone Manufacturing Inc.
LyraDrive Pro Max Ultra / MiraCharge SE and HelioHub Edge / LyraCharge SE and HelioHub Edge,Zen Stack & Citrine Shield,Harbor Systems Inc.
CrownNode Max Pro,Slate Stack Matrix,RedStone Electronics Inc.
Delta Engine Spark NovaWorks,Delta Engine Spark,NovaWorks Holdings Inc.
PhotonNode Gen,Orion Fabric,Ironwood Industries Inc.
HelioBook Ultra,Ruby Node,Copperline Components Inc.
Argo Dock Ironwood,Argo Dock,Ironwood Industries Inc.
Mint Sync Ironwood,Mint Sync,Ironwood Industries Inc.
CopperStand Edge Edge,Sierra Matrix Node,Copperline Systems Inc.
OrionBeam Gen Max / DriveRouter Gen SE,Nova Link Grid,Ironwood Industries Inc.
NebulaLink Ultra,Sonic Signal,Arbor Industries Inc.
CatalystBook Max Ultra Edge / SenseNode Gen Lite,Mint Sync,Springboard Systems Inc.
Citrine Spark Lighthouse,Citrine Spark,Lighthouse Technologies Inc.
Frost Link Nebula,Frost Link,Nebula Devices Inc.
Citrine Spark Astra,Citrine Spark,Astra Electronics Inc.
RubyCam SE Ultra,Graphite Spark,Clearwater Electronics Inc.
NovaStand Air Edge,Indigo Vector,Pinecone Components Inc.
Vega Beam Mountain,Vega Beam,Mountain Group Inc.
SolSpeaker Pro Gen / ZenithCharge Ultra Edge,Atlas Core Edge,BlueRiver Networks Inc.
SolSpeaker Pro Gen / ZenithCharge Ultra Edge,Atlas Core Edge,BlueRiver Networks Inc.
SolSpeaker Pro Gen / ZenithCharge Ultra Edge,Atlas Core Edge,BlueRiver Networks Inc.
SolSpeaker Pro Gen,Atlas Core Edge,BlueRiver Networks Inc.
OpalHub Air Plus 128GB Dual‑SIM and RubyHub Ultra 256GB Bundle / BridgeHub Lite Mini,"Frost Sense, Vega Beam",BrightWave Manufacturing Inc.
OpalHub Air Plus 128GB Dual‑SIM and RubyHub Ultra 256GB Bundle / BridgeHub Lite Mini,Frost Sense and Vega Beam,BrightWave Manufacturing Inc.
LyraDock Mini Max Ultra,Argo Stack,Photon Electronics Inc.
TopazPhone SE Max Ultra,Pulse Drive Arc and Nova Beam and Umbral Dock and Atlas Layer,EchoLabs Components Inc.
VegaStand Pro,Sol Pulse,BrightWave Electronics Inc.
CitrineCase Max,Mint Wave,Arbor Devices Inc.
Cerulean Arc Northwind,Cerulean Arc,Northwind Networks Inc.
IndigoHub SE Air Plus,Cerulean Spark,Saffron Holdings Inc.
TealDock Plus and SonicCharge Air,Aero Matrix and Onyx Kernel,Sunpeak Group Inc.
Onyx Kernel Meadow,Onyx Kernel,Meadow Labs Inc.
Pulse Pulse and Teal Grid Hub,Pulse Pulse + Teal Grid Hub,BrightWave Networks Inc.
Ivory Node Meadow,Ivory Node,Meadow Labs Inc.
Violet Node Meadow,Violet Node,Meadow Labs Inc.
Golden Drive 64GB Bundle Meadow,Golden Drive,Meadow Labs Inc.
Ivory Mesh Meadow,Ivory Mesh,Meadow Labs Inc.
SlatePad Lite Max and CrimsonBuds Mini SE,Beryl Hub & Frost Pulse Arc,GoldenGate Electronics Inc.
Maple Flex Meadow,Maple Flex,Meadow Labs Inc.
Pulse Vector Meadow,Pulse Vector,Meadow Labs Inc.
Quanta Fabric Layer Meadow,Quanta Fabric Layer,Meadow Labs Inc.
Slate Pulse Edge and Quanta Signal Stack,"Slate Pulse Edge, Quanta Signal Stack",Catalyst Industries Inc.
Citrine Pulse Flex Meadow,Citrine Pulse Flex,Meadow Labs Inc.
Sonic Node Drive Meadow,Sonic Node Drive,Meadow Labs Inc.
Sol Node Edge Meadow,Sol Node Edge,Meadow Labs Inc.
HelioCase Max and SummitRouter Air Lite / SensePhone SE SE Air,Opal Wave + Astra Vault,BlueRiver Works Inc.
CitrinePhone Mini Mini SE and NimbusDrive Mini Mini SE / OpalStand Mini,Pearl Signal Flow + Cedar Shield Hub,Skyforge Works Inc.
CitrinePhone Mini Mini SE and QuartzDrive Mini Pro Max / OpalStand Mini,Pearl Signal Flow & Cedar Shield Hub,Skyforge Works Inc.
KairoCam Mini / SparkNode Lite Pro,Maple Engine,Riverstone Labs Inc.
Silver Vault Harbor,Silver Vault,Harbor Industries Inc.
CobaltLink Mini and QuartzDrive SE / DriveBuds Plus,Nova Core Matrix,Arbor Devices Inc.
"AuroraBook Ultra, SenseDrive Mini, CrownBook Ultra, and AstraKey Mini",Sol Module; Frost Module; Azure Node; Violet Node,Arbor Industries Inc.
"AuroraBook Ultra, SenseDrive Mini, CrownBook Ultra, and AstraKey Mini / HelioBeam",Sol Module and Frost Module and Azure Node and Violet Node,Arbor Industries Inc.
OrionPad Ultra Edge and SolCam Lite / TerraKey Ultra,Echo Stack Vector,Arbor Devices Inc.
CitrineCase Max Edge and PhotonCharge Gen Lite Mini / SparkNode Ultra Mini,Opal Module Node and Cedar Grid Arc,Crown Group Inc.
HelioCase Max and SummitRouter Air Lite / SensePhone SE SE Air,Opal Wave; Astra Vault,BlueRiver Works Inc.
Sonic Kernel Lighthouse,Sonic Kernel,Lighthouse Manufacturing Inc.
SlateRouter Plus,Frost Sense,Lighthouse Manufacturing Inc.
AzureNode Ultra Ultra,Magenta Spark,Arbor Components Inc.
ArgoDock Edge,Cedar Grid Arc,Arbor Components Inc.
CodaDrive Ultra Edge Gen,Topaz Spark,Astra Technologies Inc.
DriveBook Mini Plus,"Topaz Spark, Astra Vault",Astra Technologies Inc.
NebulaLink Air Pro,Lime Wave Spark,Atlas Electronics Inc.
ArgoSpeaker Mini,Indigo Link,GoldenGate Manufacturing Inc.
CopperWatch Air / GraphiteDrive Lite / PearlPad Air Plus / CrownWatch Air Lite / CatalystDrive Lite / HelioCase Lite and ArgoSpeaker Gen Edge / SummitKey Air Ultra / EdgeBeam Lite / EdgeSpeaker Lite / PhotonPhone Mini SE Air and PulsePad Mini Max Ultra / TopazSpeaker Air and GoldenBook Mini Mini / ArgoRouter Edge / AuroraLink Mini Edge / SlateStand Max / HelioCase Lite and VegaSpeaker Gen Ultra / CrimsonSpeaker Mini SE / GoldenSpeaker Gen Pro / PhotonPhone Mini SE Air and CodaPad Mini Pro Max,Luna Vector,Crown Group Inc.
CopperWatch Air / GraphiteDrive Lite / PearlPad Air Plus / CrownWatch Air Lite / CatalystDrive Lite / HelioCase Lite and ArgoSpeaker Gen Edge / SummitKey Air Ultra / EdgeBeam Lite / EdgeSpeaker Lite / PhotonPhone Mini SE Air and PulsePad Mini Max Ultra / TopazSpeaker Air and GoldenBook Mini Mini / ArgoRouter Edge / AuroraLink Mini Edge / SlateStand Max / HelioCase Lite and VegaSpeaker Gen Ultra / CrimsonSpeaker Mini SE / GoldenSpeaker Gen Pro / PhotonPhone Mini SE Air and CodaPad Mini Pro Max,Luna Vector,Crown Group Inc.
CopperWatch Air / GraphiteDrive Lite / PearlPad Air Plus / CrownWatch Air Lite / CatalystDrive Lite / HelioCase Lite and ArgoSpeaker Gen Edge / SummitKey Air Ultra / EdgeBeam Lite / EdgeSpeaker Lite / PhotonPhone Mini SE Air and PulsePad Mini Max Ultra / TopazSpeaker Air and GoldenBook Mini Mini / ArgoRouter Edge / AuroraLink Mini Edge / SlateStand Max / CrimsonWatch Max Max 512GB Dual‑SIM / HelioCase Lite and VegaSpeaker Gen Ultra / CrimsonSpeaker Mini SE / GoldenSpeaker Gen Pro / PhotonPhone Mini SE Air and CodaPad Mini Pro Max,Luna Vector,Crown Group Inc.
CopperWatch Air / GraphiteDrive Lite / PearlPad Air Plus / CrownWatch Air Lite / CatalystDrive Lite / HelioCase Lite and ArgoSpeaker Gen Edge / SummitKey Air Ultra / EdgeBeam Lite / GraphiteSpeaker Gen Max / EdgeSpeaker Lite / PhotonPhone Mini SE Air and PulsePad Mini Max Ultra / TopazSpeaker Air and GoldenBook Mini Mini / ArgoRouter Edge / AuroraLink Mini Edge / SlateStand Max / CrimsonWatch Max Max 512GB Dual‑SIM / HelioCase Lite and VegaSpeaker Gen Ultra / CrimsonSpeaker Mini SE / GoldenSpeaker Gen Pro / PhotonPhone Mini SE Air and CodaPad Mini Pro Max,Luna Vector,Crown Group Inc.
Sonic Kernel Skylark,Sonic Kernel,Skylark Works Inc.
SolPad SE Mini SE / EchoBuds SE Pro,Ember Spark,Astra Works Inc.
Vega Beam BrightWave,Vega Beam,BrightWave Labs Inc.
Coda Engine Starlight,Coda Engine,Starlight Industries Inc.
LumenRouter Max / SignalNode Mini Gen / ArgoCharge Lite Mini SE Air / LumenCam Pro / AzureWatch Air / LyraRouter Edge / TopazKey Gen and KairoWatch Lite Mini SE Air 64GB Refurbished / SenseBook Ultra / CrimsonDock Edge / CatalystNode Mini Max / JadeSpeaker Gen SE / SyncSpeaker Lite / HarborStand Edge Lite 512GB Refurbished / UmberSpeaker Gen Gen 256GB Dual‑SIM / LyraCase Plus / OpalCase Plus / WaveBeam Mini Ultra Edge / OrionRouter Max / IndigoWatch Air / HarborKey Edge Gen / TealSpeaker Mini / NebulaCam Pro 512GB Bundle / ArgoSpeaker Lite / BeamBook Air Edge / CobaltSpeaker Gen Gen 128GB Dual‑SIM / PearlBook Ultra / PhotonPhone Mini SE Air and CatalystPhone Mini Air Plus 128GB Dual‑SIM,Terra Grid,Stonebridge Systems Inc.
LumenRouter Max / SignalNode Mini Gen / ArgoCharge Lite Mini SE Air / LumenCam Pro / AzureWatch Air / LyraRouter Edge / TopazKey Gen and KairoWatch Lite Mini SE Air 64GB Refurbished / SenseBook Ultra / CrimsonDock Edge / CatalystNode Mini Max / JadeSpeaker Gen SE / SyncSpeaker Lite / HarborStand Edge Lite 512GB Refurbished / UmberSpeaker Gen Gen 256GB Dual‑SIM / LyraCase Plus / OpalCase Plus / WaveBeam Mini Ultra Edge / IndigoWatch Air / HarborKey Edge Gen / TealSpeaker Mini / NebulaCam Pro 512GB Bundle / ArgoSpeaker Lite / BeamBook Air Edge / CobaltSpeaker Gen Gen 128GB Dual‑SIM / PearlBook Ultra / PhotonPhone Mini SE Air and CatalystPhone Mini Air Plus 128GB Dual‑SIM,Terra Grid,Stonebridge Systems Inc.
LumenRouter Max / SignalNode Mini Gen / ArgoCharge Lite Mini SE Air / LumenCam Pro / AzureWatch Air / LyraRouter Edge / TopazKey Gen and KairoWatch Lite Mini SE Air 64GB Refurbished / SenseBook Ultra / CrimsonDock Edge / CatalystNode Mini Max / JadeSpeaker Gen SE / SyncSpeaker Lite / HarborStand Edge Lite 512GB Refurbished / UmberSpeaker Gen Gen 256GB Dual‑SIM / LyraCase Plus / OpalCase Plus / WaveBeam Mini Ultra Edge / OrionRouter Max / IndigoWatch Air / HarborKey Edge Gen / TealSpeaker Mini / NebulaCam Pro 512GB Bundle / ArgoSpeaker Lite / BeamBook Air Edge / CobaltSpeaker Gen Gen 128GB Dual‑SIM / PearlBook Ultra / PhotonPhone Mini SE Air and CatalystPhone Mini Air Plus 128GB Dual‑SIM,Terra Grid,Stonebridge Systems Inc.
CopperWatch Air / GraphiteDrive Lite / CrownWatch Air Lite / CatalystDrive Lite / PearlPad Air Plus / HelioCase Lite and ArgoSpeaker Gen Edge / SummitKey Air Ultra / EdgeBeam Lite / GraphiteSpeaker Gen Max / EdgeSpeaker Lite / PhotonPhone Mini SE Air and PulsePad Mini Max Ultra / TopazSpeaker Air and GoldenBook Mini Mini / ArgoRouter Edge / AuroraLink Mini Edge / SlateStand Max / CrimsonWatch Max Max 512GB Dual‑SIM / HelioCase Lite and VegaSpeaker Gen Ultra / CrimsonSpeaker Mini SE / GoldenSpeaker Gen Pro / PhotonPhone Mini SE Air and CodaPad Mini Pro Max,Luna Vector,Crown Group Inc.
Quartz Module Grid EchoLabs,Quartz Module Grid,EchoLabs Devices Inc.
Quanta Frame Northwind,Quanta Frame,Northwind Electronics Inc.
Echo Fabric DeepField,Echo Fabric,DeepField Components Inc.
Ruby Node DeepField,Ruby Node,DeepField Components Inc.
Quanta Vault DeepField,Quanta Vault,DeepField Components Inc.
Frost Edge Seabird,Frost Edge,Seabird Networks Inc.
Jade Link Saffron,Jade Link,Saffron Group Inc.
Sierra Spark Saffron,Sierra Spark,Saffron Group Inc.
Astra Vault Saffron,Astra Vault,Saffron Group Inc.
Frost Edge Meadow,Frost Edge,Meadow Works Inc.
Orion Module 256GB Refurbished Arbor,Orion Module,Arbor Holdings Inc.
MintStand Gen Plus 64GB Refurbished,Umber Link Shield,Arbor Devices Inc.
HarborSpeaker Ultra Gen 512GB Bundle / WaveDock 64GB Dual‑SIM / EchoCharge SE / SparkDock / CrownSpeaker Ultra Lite / BeamDock,Indigo Core,Mosaic Industries Inc.
OnyxCase Lite Pro,Ivory Link,Cinder Technologies Inc.
SlateDock Gen Mini,Aero Matrix,Catalyst Devices Inc.
IndigoLink Plus Pro / GraphiteCase Pro,Quanta Pulse,Lumen Electronics Inc.
Sierra Spark SilverLine,Sierra Spark,SilverLine Components Inc.
JadeSpeaker Ultra Max / CopperSpeaker Ultra Ultra / MintSpeaker Ultra Pro,Mira Link + Violet Sync,Riverstone Works Inc.
CitrineLink SE Air,Terra Vector,Harbor Holdings Inc.
NebulaNode Edge Gen / LumenWatch Max Pro,Citrine Core Dock,Zenith Industries Inc.
MintCase Edge,Golden Spark,Evergreen Systems Inc.
JadeNode SE Air Plus,Astra Node Matrix,Clearwater Technologies Inc.
Cobalt Grid Highland,Cobalt Grid,Highland Devices Inc.
ArgoCase Air,Mint Beam,Highland Devices Inc.
Sable Module Drive Highland,Sable Module Drive,Highland Devices Inc.
QuantaPad Ultra Max and SenseBeam Lite Pro,Astra Stack Frame; Cedar Wave Engine,Astra Electronics Inc.
Slate Grid Pulse Highland,Slate Grid Pulse,Highland Devices Inc.
AzureHub Gen Air,Umbral Bridge Engine,BlueRiver Networks Inc.
TerraBuds Edge,Sonic Node,Windmill Works Inc.
PhotonCam Mini,Aero Link; Ruby Fabric Link,Quantum Technologies Inc.
JadeCam Mini / PearlWatch Air / OpalSpeaker Air / LumenCase Plus / QuartzCam Gen / LumenLink Mini SE / EchoCharge Ultra Edge Gen / PhotonPhone Mini SE Air and TopazPad Mini Air Plus / BridgeStand Edge / SlateNode Mini Lite / CatalystBook Ultra,Aero Link,Meadow Manufacturing Inc.
JadeCam Mini / PearlWatch Air / OpalSpeaker Air / MintSpeaker Lite / LumenCase Plus / QuartzCam Gen / LumenLink Mini SE / EchoCharge Ultra Edge Gen / PhotonPhone Mini SE Air and TopazPad Mini Air Plus / BridgeStand Edge / SlateNode Mini Lite / CatalystBook Ultra,Aero Link,Meadow Manufacturing Inc.
JadeCam Mini / PearlWatch Air / OpalSpeaker Air / PhotonPhone Mini SE Air and SignalPhone Mini Max Ultra / MintSpeaker Lite / LumenCase Plus / QuartzCam Gen / LumenLink Mini SE / EchoCharge Ultra Edge Gen / PhotonPhone Mini SE Air and TopazPad Mini Air Plus / BridgeStand Edge / SlateNode Mini Lite / CatalystBook Ultra,Aero Link,Meadow Manufacturing Inc.
EchoCharge SE / AstraLink SE / HelioSpeaker Lite / CrimsonSpeaker Gen Edge / TerraCharge SE Air Plus / HarborWatch Ultra / GraphiteSpeaker Lite / FlexBook Ultra / MiraLink Mini Gen / AstraRouter Edge / LumenCharge SE / PulseLink Mini Mini / CrimsonPad Plus Air / AuroraWatch Air Max / CobaltWatch Ultra / TopazSpeaker Air and UmberBook Mini Pro / ZenithCase Plus / SlateDock Edge / OpalWatch Air / PhotonPhone Mini SE Air and WavePhone Mini Lite Mini / OpalWatch Mini 128GB Bundle,Sonic Grid,BrightWave Networks Inc.
EchoCharge SE / AstraLink SE / HelioSpeaker Lite / CrimsonSpeaker Gen Edge / TerraCharge SE Air Plus / HarborWatch Ultra / GraphiteSpeaker Lite / FlexBook Ultra / MiraLink Mini Gen / AstraRouter Edge / LumenCharge SE / PulseLink Mini Mini / CrimsonPad Plus Air / AuroraWatch Air Max / TopazSpeaker Air and UmberBook Mini Pro / ZenithCase Plus / SlateDock Edge / OpalWatch Air / PhotonPhone Mini SE Air and WavePhone Mini Lite Mini / OpalWatch Mini 128GB Bundle,Sonic Grid,BrightWave Networks Inc.
EchoCharge SE / AstraLink SE / HelioSpeaker Lite / CrimsonSpeaker Gen Edge / TerraCharge SE Air Plus / HarborWatch Ultra / GraphiteSpeaker Lite / FlexBook Ultra / MiraLink Mini Gen / AstraRouter Edge / LumenCharge SE / PulseLink Mini Mini / CrimsonPad Plus Air / PhotonPhone Mini SE Air and WavePhone Mini Lite Mini / AuroraWatch Air Max / CobaltWatch Ultra / TopazSpeaker Air and UmberBook Mini Pro / ZenithCase Plus / SlateDock Edge / OpalWatch Air / OpalWatch Mini 128GB Bundle,Sonic Grid,BrightWave Networks Inc.
EchoCharge SE / AstraLink SE / HelioSpeaker Lite / CrimsonSpeaker Gen Edge / TerraCharge SE Air Plus / HarborWatch Ultra / GraphiteSpeaker Lite / LumenCharge SE / FlexBook Ultra / MiraLink Mini Gen / AstraRouter Edge / PulseLink Mini Mini / CrimsonPad Plus Air / PhotonPhone Mini SE Air and WavePhone Mini Lite Mini / AuroraWatch Air Max / CobaltWatch Ultra / TopazSpeaker Air and UmberBook Mini Pro / ZenithCase Plus / SlateDock Edge / OpalWatch Air / OpalWatch Mini 128GB Bundle,Sonic Grid,BrightWave Networks Inc.
EchoCharge SE / AstraLink SE / HelioSpeaker Lite / CrimsonSpeaker Gen Edge / TerraCharge SE Air Plus / NimbusCharge Mini SE Air / HarborWatch Ultra / GraphiteSpeaker Lite / LumenCharge SE / FlexBook Ultra / MiraLink Mini Gen / AstraRouter Edge / PulseLink Mini Mini / CrimsonPad Plus Air / PhotonPhone Mini SE Air and WavePhone Mini Lite Mini / AuroraWatch Air Max / CobaltWatch Ultra / TopazSpeaker Air and UmberBook Mini Pro / TopazKey Gen and OnyxWatch Gen Lite Mini / ZenithCase Plus / SlateDock Edge / OpalWatch Air / OpalWatch Mini 128GB Bundle,Sonic Grid,BrightWave Networks Inc.
WaveWatch Pro / JadeCam Mini / VectorBeam Mini Mini SE / EdgeWatch Pro / AstraCam Pro / LumenBuds Pro / SaffronCam Mini / NebulaKey Edge Ultra,Aero Link,Skylark Networks Inc.
MiraDrive Plus Gen,Copper Frame,Skyforge Labs Inc.
Coral Node Nightfall,Coral Node,Nightfall Labs Inc.
Astra Vault StonebridgEB,Astra Vault,Stonebridge Industries Inc.
Mint Kernel Kernel Photon,Mint Kernel Kernel,Photon Manufacturing Inc.
AuroraPad Air,Echo Fabric,Arbor Devices Inc.
Terra Mesh Northwind,Terra Mesh,Northwind Technologies Inc.
AtlasDrive Lite,Silver Dock,BlueRiver Works Inc.
Topaz Pulse Hub Northwind,Topaz Pulse Hub,Northwind Technologies Inc.
Golden Drive Seabird,Golden Drive,Seabird Electronics Inc.
Umbral Link Frame DeepField,Umbral Link Frame,DeepField Devices Inc.
Golden Signal Engine DeepField,Golden Signal Engine,DeepField Devices Inc.
Luna Frame Saffron,Luna Frame,Saffron Components Inc.
SolSpeaker SE Plus Pro,Luna Frame,Saffron Components Inc.
FlexCam Ultra Edge,Topaz Hub,Meadow Networks Inc.
OrionWatch Max Max / AstraWatch Max Plus,Citrine Core Dock,Arbor Group Inc.
TerraBuds Plus / OnyxBook Plus,Nova Kernel,Orion Works Inc.
Quanta Engine Mosaic,Quanta Engine,Mosaic Holdings Inc.
EchoDrive Mini Max Ultra,Jade Shield Edge,Copperline Industries Inc.
Violet Arc Catalyst,Violet Arc,Catalyst Systems Inc.
Violet Arc Lumen,Violet Arc,Lumen Technologies Inc.
Aero Kernel Aurora,Aero Kernel,Aurora Components Inc.
Ivory Edge Aurora,Ivory Edge,Aurora Components Inc.
Sol Beam Aurora,Sol Beam,Aurora Components Inc.
RubyCam Max Lite,Nimbus Engine Matrix,Arbor Devices Inc.
CatalystNode Plus,Coral Bridge,Aurora Group Inc.
Beryl Bridge Riverstone,Beryl Bridge,Riverstone Networks Inc.
Opal Sync Riverstone,Opal Sync,Riverstone Networks Inc.
SenseSpeaker Pro Max Ultra,Frost Core Sync,Catalyst Industries Inc.
RubyCam Max Lite,Nimbus Engine Matrix,Arbor Devices Inc.
Silver Core Link Harbor,Silver Core Link,Harbor Group Inc.
Zen Node Atlas,Zen Node,Atlas Works Inc.
Aero Kernel Zenith,Aero Kernel,Zenith Holdings Inc.
Silver Core Link RedStone,Silver Core Link,RedStone Labs Inc.
Terra Wave Stack Evergreen,Terra Wave Stack,Evergreen Industries Inc.
Quartz Bridge Clearwater,Quartz Bridge,Clearwater Manufacturing Inc.
CatalystWatch Plus Lite,Ivory Spark,BrightWave Works Inc.
Astra Vault Highland,Astra Vault,Highland Systems Inc.
AstraHub Lite Edge,Orion Bridge Flex,Summit Technologies Inc.
GlacierDrive Edge,Mint Drive,NovaWorks Devices Inc.
SenseBook Plus and SparkDock,Indigo Core & Lyra Kernel,Cinder Technologies Inc.
"SenseBook Plus, SparkDock and OrionWatch Plus",Indigo Core and Lyra Kernel and Sierra Kernel,BlueRiver Technologies Inc.
Coda Engine Ironwood,Coda Engine,Ironwood Components Inc.
Slate Fabric Ironwood,Slate Fabric,Ironwood Components Inc.
Quanta Pulse BlueRiver,Quanta Pulse,BlueRiver Electronics Inc.
QuantaDrive Ultra Max and CopperPhone Max,"Terra Grid, Umber Fabric Arc",EchoLabs Systems Inc.
Ember Wave Ironwood,Ember Wave,Ironwood Components Inc.
Argo Mesh BlueRiver,Argo Mesh,BlueRiver Electronics Inc.
Frost Mesh Ironwood,Frost Mesh,Ironwood Components Inc.
Topaz Mesh Ironwood,Topaz Mesh,Ironwood Components Inc.
Argo Dock Ironwood,Argo Dock,Ironwood Components Inc.
Quartz Dock Ironwood,Quartz Dock,Ironwood Components Inc.
Sierra Spark Ironwood,Sierra Spark,Ironwood Components Inc.
Copper Spark Ironwood,Copper Spark,Ironwood Components Inc.
Cobalt Vault Ironwood,Cobalt Vault,Ironwood Components Inc.
Citrine Core Dock Ironwood,Citrine Core Dock,Ironwood Components Inc.
Umber Fabric Arc Ironwood,Umber Fabric Arc,Ironwood Components Inc.
Slate Fabric Module Ironwood,Slate Fabric Module,Ironwood Components Inc.
Azure Grid Beam Ironwood,Azure Grid Beam,Ironwood Components Inc.
Mint Signal Sense Ironwood,Mint Signal Sense,Ironwood Components Inc.
SenseLink Air Mini 256GB Starter Kit,Topaz Vault,Astra Manufacturing Inc.
Pulse Fabric Vector Astra,Pulse Fabric Vector,Astra Labs Inc.
CitrineDrive SE,Pearl Stack,Arbor Devices Inc.
Pulse Kernel Mountain,Pulse Kernel,Mountain Systems Inc.
Sol Pulse Mountain,Sol Pulse,Mountain Systems Inc.
Cedar Sense Quantum,Cedar Sense,Quantum Manufacturing Inc.
LumenCharge Gen SE,Pulse Link Sense,Arbor Devices Inc.
Pulse Link Sense Mountain,Pulse Link Sense,Mountain Systems Inc.
Terra Stack Glacier,Terra Stack,Glacier Technologies Inc.
LumenCharge Gen SE,Pulse Link Sense,Arbor Devices Inc.
Terra Wave Stack Glacier,Terra Wave Stack,Glacier Technologies Inc.
AzureCase Ultra,Jade Signal,Clearwater Labs Inc.
Coral Shield and Echo Node Fabric,"Coral Shield, Echo Node Fabric",Arbor Devices Inc.
Nova Core Matrix Skylark,Nova Core Matrix,Skylark Electronics Inc.
Frost Edge Sunpeak,Frost Edge,Sunpeak Components Inc.
SummitHub Gen,Azure Sense,GoldenGate Electronics Inc.
Magenta Spark Starlight,Magenta Spark,Starlight Group Inc.
MiraCharge Gen,Cedar Mesh,BlueRiver Technologies Inc.
BeamRouter Ultra,Magenta Grid,GoldenGate Technologies Inc.
Coda Link Flex StonebridgJE,Coda Link Flex,Stonebridge Holdings Inc.
GoldenBuds Mini Ultra Edge,Beryl Signal Bridge,BrightWave Manufacturing Inc.
Magenta Pulse Engine Photon,Magenta Pulse Engine,Photon Labs Inc.
AuroraRouter Air Edge 256GB Bundle / AuroraRouter Air Edge 128GB Starter Kit / SolRouter Air Ultra,Astra Vault,Northwind Manufacturing Inc.
AuroraRouter Air Edge 128GB Starter Kit / AuroraRouter Air Edge 256GB Bundle / SolRouter Air Ultra,Astra Vault,Northwind Manufacturing Inc.
Magenta Spark DeepField,Magenta Spark,DeepField Systems Inc.
Sonic Core Mesh Seabird,Sonic Core Mesh,Seabird Technologies Inc.
Crimson Vault Saffron,Crimson Vault,Saffron Devices Inc.
Sonic Core Mesh Meadow,Sonic Core Mesh,Meadow Electronics Inc.
Mint Kernel Kernel Arbor,Mint Kernel Kernel,Arbor Components Inc.
Mint Kernel Kernel Orion,Mint Kernel Kernel,Orion Networks Inc.
Coral Flow Copperline,Coral Flow,Copperline Holdings Inc.
Coral Flow Cinder,Coral Flow,Cinder Labs Inc.
Orion Bridge Catalyst,Orion Bridge,Catalyst Industries Inc.
Sol Sense Lumen,Sol Sense,Lumen Manufacturing Inc.
Argo Dock Skyforge,Argo Dock,Skyforge Technologies Inc.
Kairo Kernel Engine Skyforge,Kairo Kernel Engine,Skyforge Technologies Inc.
Echo Node Fabric Skyforge,Echo Node Fabric,Skyforge Technologies Inc.
Echo Node Fabric Aurora,Echo Node Fabric,Aurora Devices Inc.
LyraPad Edge Mini / OpalSpeaker Lite / CodaCharge Lite / SparkKey Plus Plus / JadeCharge Lite Max / OnyxRouter Edge / TopazKey Gen and TealWatch Lite Mini SE Air / VectorKey Plus,Lime Frame,Harbor Components Inc.
LyraPad Edge Mini / OpalSpeaker Lite / CodaCharge Lite / SparkKey Plus Plus / OnyxRouter Edge / TopazKey Gen and TealWatch Lite Mini SE Air / VectorKey Plus,Lime Frame,Harbor Components Inc.
Crimson Drive Zenith,Crimson Drive,Zenith Group Inc.
Magenta Kernel and Onyx Spark,Magenta Kernel & Onyx Spark,GoldenGate Electronics Inc.
Citrine Node Mesh Clearwater,Citrine Node Mesh,Clearwater Labs Inc.
Coral Matrix Wave Highland,Coral Matrix Wave,Highland Industries Inc.
Vega Kernel Summit,Vega Kernel,Summit Manufacturing Inc.
Vega Kernel NovaWorks,Vega Kernel,NovaWorks Systems Inc.
Slate Hub Ironwood,Slate Hub,Ironwood Devices Inc.
QuartzNode Plus Pro Max,Sol Core,Copperline Devices Inc.
AzureDrive Air,Coral Engine,Lighthouse Networks Inc.
AuroraPad Plus Edge / ArgoCam SE Gen / CodaHub Ultra Mini,Umber Spark,Astra Works Inc.
CobaltSpeaker Pro Max Ultra,Ruby Module Shield + Sol Flex,Crown Systems Inc.
CitrineBeam Max / CitrineBeam Max,Aero Grid,Sunpeak Devices Inc.
CrimsonBook Plus Gen / JadeBook Plus Air,Saffron Dock,Sunpeak Devices Inc.
"MintBook Plus SE / TealBook Plus Mini, SolKey Lite Mini SE Air / TealBook Plus Mini, BridgeLink Max / TealBook Plus Mini",Terra Grid; Saffron Dock,BrightWave Electronics Inc.
JadeDrive Max,Azure Fabric,Northwind Labs Inc.
NovaLink Plus,Nimbus Bridge,BlueRiver Labs Inc.
TopazLink Plus SE / SilverHub Plus Pro,Orion Beam,DeepField Industries Inc.
SilverDrive Max,Lime Arc,Northwind Labs Inc.
OpalPhone Mini Gen,Maple Core Engine,Northwind Labs Inc.
CoreSpeaker Gen Ultra,Silver Engine Matrix,Northwind Labs Inc.
TopazLink Lite Mini SE,Quanta Link Edge,EchoLabs Holdings Inc.
JadeWatch Pro,Onyx Pulse Stack,Meadow Technologies Inc.
TopazWatch Edge,Mint Pulse Vector,Northwind Labs Inc.
Helio Bridge Orion,Helio Bridge,Orion Electronics Inc.
Helio Bridge Mosaic,Helio Bridge,Mosaic Components Inc.
TealCase Lite Max,Coda Module & Atlas Core Edge & Vega Kernel Flow,Catalyst Holdings Inc.
GraphitePad Plus Mini,Echo Frame,Lumen Labs Inc.
EdgeBeam Edge,Echo Engine,Aurora Systems Inc.
BeamBeam Edge,Echo Engine,Skylark Manufacturing Inc.
SparkHub Ultra Mini,Onyx Engine,Aurora Systems Inc.
NovaCase Edge Gen,Cobalt Stack & Teal Flow & Citrine Layer,Riverstone Technologies Inc.
GlacierHub SE Air,Sable Bridge,Skyforge Manufacturing Inc.
SummitStand Edge,Lyra Sense,Photon Technologies Inc.
AuroraStand SE Edge,Ruby Spark,Skyforge Manufacturing Inc.
SparkRouter Mini SE Air,Teal Stack Sense,Riverstone Technologies Inc.
SparkHub Ultra Mini,Onyx Engine,Aurora Systems Inc.
Magenta Stack Highland,Magenta Stack,Highland Holdings Inc.
Magenta Stack Summit,Magenta Stack,Summit Labs Inc.
Helio Bridge NovaWorks,Helio Bridge,NovaWorks Industries Inc.
NimbusPhone Edge,Golden Signal,Springboard Devices Inc.
NimbusPhone Edge / LumenPhone Edge,Golden Signal,Springboard Devices Inc.
GlacierStand Max,Umber Matrix,Quantum Works Inc.
LumenCharge Gen SE,Pulse Link Sense,Arbor Devices Inc.
Violet Spark Glacier,Violet Spark,Glacier Labs Inc.
Cobalt Vault Glacier,Cobalt Vault,Glacier Labs Inc.
Indigo Vector Crown,Indigo Vector,Crown Industries Inc.
AzureBuds Air Plus and SparkDock,Indigo Core + Topaz Hub,NovaWorks Holdings Inc.
EchoWatch Max Air and SparkDock,Indigo Core + Citrine Core Dock,Aurora Industries Inc.
"AuroraBook Ultra, NovaKey Mini, CrownBook Ultra, and AstraKey Mini","Sol Module, Frost Module, Azure Node, Violet Node",Skylark Manufacturing Inc.
"AuroraBook Ultra, NovaKey Mini, CrownBook Ultra, and LumenKey Mini",Sol Module & Frost Module & Azure Node & Violet Node,Skylark Manufacturing Inc.
OnyxBook Plus,Echo Kernel + Pulse Frame,Nightfall Technologies Inc.
OnyxBook Plus and HarborCam Plus SE,Echo Kernel + Pulse Frame,Nightfall Technologies Inc.
Sol Signal Skylark,Sol Signal,Skylark Manufacturing Inc.
Cedar Sense Skylark,Cedar Sense,Skylark Manufacturing Inc.
Teal Mesh Skylark,Teal Mesh,Skylark Manufacturing Inc.
CopperCam Ultra / EdgeBuds Lite Mini,Umbral Hub,Skylark Manufacturing Inc.
SaffronPad SE,Cobalt Vault,Skylark Manufacturing Inc.
OpalBook Plus Plus,Indigo Vector,Skylark Manufacturing Inc.
Citrine Core Dock Skylark,Citrine Core Dock,Skylark Manufacturing Inc.
HelioCharge Max SE,Saffron Engine Stack,Aurora Components Inc.
Maple Bridge Node Skylark,Maple Bridge Node,Skylark Manufacturing Inc.
Silver Node Kernel Skylark,Silver Node Kernel,Skylark Manufacturing Inc.
SaffronPad SE / CrimsonSpeaker Air Gen,Cobalt Vault,Skylark Manufacturing Inc.
LumenLink Plus Pro,Aero Link Link,Starlight Devices Inc.
Atlas Layer EchoLabs,Atlas Layer,EchoLabs Group Inc.
Atlas Layer Northwind,Atlas Layer,Northwind Works Inc.
Atlas Layer DeepField,Atlas Layer,DeepField Holdings Inc.
VectorBeam Lite Pro,Orion Edge,Seabird Labs Inc.
MintRouter Edge Edge,Quanta Core Node,Seabird Labs Inc.
SolWatch SE Ultra Edge,Sonic Core Mesh and Pearl Link Pulse,Meadow Manufacturing Inc.
SolWatch SE Ultra Edge / SolSpeaker Pro Gen and CrimsonStand Gen Mini,Sonic Core Mesh; Pearl Link Pulse,Meadow Manufacturing Inc.
Aero Kernel Mosaic,Aero Kernel,Mosaic Devices Inc.
Coral Core GoldenGate,Coral Core,GoldenGate Electronics Inc.
SilverBuds Mini,Coda Engine,Arbor Devices Inc.
Crimson Engine GoldenGate,Crimson Engine,GoldenGate Electronics Inc.
Nimbus Module GoldenGate,Nimbus Module,GoldenGate Electronics Inc.
Coral Stack GoldenGate,Coral Stack,GoldenGate Electronics Inc.
CitrineDrive SE,Pearl Stack,Arbor Devices Inc.
Aero Fabric GoldenGate,Aero Fabric,GoldenGate Electronics Inc.
CobaltLink Plus Gen and SummitCam Ultra Max and CodaBook Air,Opal Hub; Umber Frame; Silver Stack Layer,Glacier Manufacturing Inc.
Orion Fabric GoldenGate,Orion Fabric,GoldenGate Electronics Inc.
CrimsonSpeaker Edge and QuantaRouter Air,Cerulean Fabric; Cinder Drive,GoldenGate Electronics Inc.
Sierra Matrix GoldenGate,Sierra Matrix,GoldenGate Electronics Inc.
Pulse Kernel GoldenGate,Pulse Kernel,GoldenGate Electronics Inc.
Indigo Kernel GoldenGate,Indigo Kernel,GoldenGate Electronics Inc.
Mint Kernel and Beryl Hub,Mint Kernel and Beryl Hub,GoldenGate Electronics Inc.
Violet Kernel GoldenGate,Violet Kernel,GoldenGate Electronics Inc.
"Magenta Kernel, Golden Shield and Onyx Spark",Magenta Kernel; Golden Shield; Onyx Spark,Arbor Devices Inc.
Magenta Kernel and Onyx Spark,"Magenta Kernel, Onyx Spark",GoldenGate Electronics Inc.
Luna Link GoldenGate,Luna Link,GoldenGate Electronics Inc.
Atlas Link GoldenGate,Atlas Link,GoldenGate Electronics Inc.
Cinder Link GoldenGate,Cinder Link,GoldenGate Electronics Inc.
Ember Link GoldenGate,Ember Link,GoldenGate Electronics Inc.
Nimbus Pulse GoldenGate,Nimbus Pulse,GoldenGate Electronics Inc.
Mira Pulse GoldenGate,Mira Pulse,GoldenGate Electronics Inc.
Frost Pulse GoldenGate,Frost Pulse,GoldenGate Electronics Inc.
FlexCharge Ultra Mini and SummitPad Max,Maple Pulse + Jade Fabric Mesh,Copperline Systems Inc.
Vega Wave GoldenGate,Vega Wave,GoldenGate Electronics Inc.
Atlas Wave GoldenGate,Atlas Wave,GoldenGate Electronics Inc.
Ember Wave GoldenGate,Ember Wave,GoldenGate Electronics Inc.
Citrine Wave GoldenGate,Citrine Wave,GoldenGate Electronics Inc.
Ivory Node GoldenGate,Ivory Node,GoldenGate Electronics Inc.
Lyra Grid GoldenGate,Lyra Grid,GoldenGate Electronics Inc.
Sonic Grid GoldenGate,Sonic Grid,GoldenGate Electronics Inc.
Kairo Grid GoldenGate,Kairo Grid,GoldenGate Electronics Inc.
Ember Grid GoldenGate,Ember Grid,GoldenGate Electronics Inc.
AzureCharge Ultra,Quanta Signal,BrightWave Electronics Inc.
Cerulean Signal GoldenGate,Cerulean Signal,GoldenGate Electronics Inc.
Delta Shield GoldenGate,Delta Shield,GoldenGate Electronics Inc.
Sable Shield GoldenGate,Sable Shield,GoldenGate Electronics Inc.
PhotonSpeaker Edge,Sierra Drive,Arbor Devices Inc.
Maple Drive GoldenGate,Maple Drive,GoldenGate Electronics Inc.
Frost Sense GoldenGate,Frost Sense,GoldenGate Electronics Inc.
SummitHub Gen,Azure Sense,GoldenGate Electronics Inc.
Argo Mesh GoldenGate,Argo Mesh,GoldenGate Electronics Inc.
Argo Mesh Copperline,Argo Mesh,Copperline Components Inc.
ArgoCharge Gen,Pearl Mesh,GoldenGate Electronics Inc.
Topaz Mesh GoldenGate,Topaz Mesh,GoldenGate Electronics Inc.
Sol Edge GoldenGate,Sol Edge,GoldenGate Electronics Inc.
Frost Edge GoldenGate,Frost Edge,GoldenGate Electronics Inc.
Zen Dock GoldenGate,Zen Dock,GoldenGate Electronics Inc.
Argo Dock GoldenGate,Argo Dock,GoldenGate Electronics Inc.
AuroraLink Ultra Ultra,Opal Hub,GoldenGate Electronics Inc.
CobaltLink Plus Gen and SummitCam Ultra Max and GraphiteBuds Lite Mini 64GB Bundle,Opal Hub; Umber Frame; Silver Stack Layer,Glacier Manufacturing Inc.
AstraWatch Pro Max,Helio Beam,Astra Works Inc.
Lime Beam GoldenGate,Lime Beam,GoldenGate Electronics Inc.
Astra Flex GoldenGate,Astra Flex,GoldenGate Electronics Inc.
Umber Flex GoldenGate,Umber Flex,GoldenGate Electronics Inc.
Quartz Flex GoldenGate,Quartz Flex,GoldenGate Electronics Inc.
Cobalt Spark GoldenGate,Cobalt Spark,GoldenGate Electronics Inc.
Citrine Spark GoldenGate,Citrine Spark,GoldenGate Electronics Inc.
Terra Flow GoldenGate,Terra Flow,GoldenGate Electronics Inc.
Cinder Flow GoldenGate,Cinder Flow,GoldenGate Electronics Inc.
CodaDock Lite Mini SE,Mint Flow,GoldenGate Electronics Inc.
Jade Arc GoldenGate,Jade Arc,GoldenGate Electronics Inc.
Cerulean Arc GoldenGate,Cerulean Arc,GoldenGate Electronics Inc.
Aero Vault GoldenGate,Aero Vault,GoldenGate Electronics Inc.
Orion Vault GoldenGate,Orion Vault,GoldenGate Electronics Inc.
Cinder Vault GoldenGate,Cinder Vault,GoldenGate Electronics Inc.
Coral Vault GoldenGate,Coral Vault,GoldenGate Electronics Inc.
Cobalt Vault GoldenGate,Cobalt Vault,GoldenGate Electronics Inc.
Cerulean Vault GoldenGate,Cerulean Vault,GoldenGate Electronics Inc.
Pearl Vector GoldenGate,Pearl Vector,GoldenGate Electronics Inc.
Sol Frame GoldenGate,Sol Frame,GoldenGate Electronics Inc.
Orion Layer GoldenGate,Orion Layer,GoldenGate Electronics Inc.
Coda Layer GoldenGate,Coda Layer,GoldenGate Electronics Inc.
Cedar Layer GoldenGate,Cedar Layer,GoldenGate Electronics Inc.
Mint Layer GoldenGate,Mint Layer,GoldenGate Electronics Inc.
Pulse Core Pulse GoldenGate,Pulse Core Pulse,GoldenGate Electronics Inc.
Topaz Core Sense Copperline,Topaz Core Sense,Copperline Components Inc.
Topaz Core Sense GoldenGate,Topaz Core Sense,GoldenGate Electronics Inc.
Delta Engine Spark GoldenGate,Delta Engine Spark,GoldenGate Electronics Inc.
Ember Module Edge GoldenGate,Ember Module Edge,GoldenGate Electronics Inc.
Pearl Module Vault GoldenGate,Pearl Module Vault,GoldenGate Electronics Inc.
Umbral Module Sense GoldenGate,Umbral Module Sense,GoldenGate Electronics Inc.
Opal Stack Link GoldenGate,Opal Stack Link,GoldenGate Electronics Inc.
Quartz Stack Pulse GoldenGate,Quartz Stack Pulse,GoldenGate Electronics Inc.
Atlas Fabric Kernel GoldenGate,Atlas Fabric Kernel,GoldenGate Electronics Inc.
Jade Fabric Mesh GoldenGate,Jade Fabric Mesh,GoldenGate Electronics Inc.
Silver Fabric Vault GoldenGate,Silver Fabric Vault,GoldenGate Electronics Inc.
Lime Fabric Node GoldenGate,Lime Fabric Node,GoldenGate Electronics Inc.
Cerulean Bridge Sync GoldenGate,Cerulean Bridge Sync,GoldenGate Electronics Inc.
Argo Link Vector GoldenGate,Argo Link Vector,GoldenGate Electronics Inc.
Frost Pulse Arc GoldenGate,Frost Pulse Arc,GoldenGate Electronics Inc.
Beryl Pulse Dock GoldenGate,Beryl Pulse Dock,GoldenGate Electronics Inc.
NovaCharge Lite Edge,Ruby Pulse Spark,BrightWave Labs Inc.
Violet Wave Vector GoldenGate,Violet Wave Vector,GoldenGate Electronics Inc.
Azure Node Spark GoldenGate,Azure Node Spark,GoldenGate Electronics Inc.
CoreDock SE Air Plus,Magenta Node Arc,GoldenGate Electronics Inc.
IndigoRouter Edge Gen Lite,Kairo Grid Shield,BrightWave Electronics Inc.
Jade Grid Spark GoldenGate,Jade Grid Spark,GoldenGate Electronics Inc.
Indigo Grid Layer GoldenGate,Indigo Grid Layer,GoldenGate Electronics Inc.
Graphite Grid Matrix GoldenGate,Graphite Grid Matrix,GoldenGate Electronics Inc.
Ruby Grid Drive GoldenGate,Ruby Grid Drive,GoldenGate Electronics Inc.
Sierra Drive Grid GoldenGate,Sierra Drive Grid,GoldenGate Electronics Inc.
Lyra Pulse Cinder,Lyra Pulse,Cinder Networks Inc.
Lyra Pulse Catalyst,Lyra Pulse,Catalyst Group Inc.
Azure Node Spark Lumen,Azure Node Spark,Lumen Works Inc.
ZenithCam,Kairo Core; Maple Flex,GoldenGate Technologies Inc.
CobaltLink Mini and NebulaDock Air,Nova Core Matrix,Arbor Devices Inc.
Coda Module SilverLine,Coda Module,SilverLine Holdings Inc.
Zen Bridge SilverLine,Zen Bridge,SilverLine Holdings Inc.
Azure Link SilverLine,Azure Link,SilverLine Holdings Inc.
Atlas Wave SilverLine,Atlas Wave,SilverLine Holdings Inc.
CitrineCase Max,Mint Wave,Arbor Devices Inc.
Magenta Grid SilverLine,Magenta Grid,SilverLine Holdings Inc.
Sierra Drive SilverLine,Sierra Drive,SilverLine Holdings Inc.
Helio Mesh SilverLine,Helio Mesh,SilverLine Holdings Inc.
Pulse Dock SilverLine,Pulse Dock,SilverLine Holdings Inc.
Maple Flex SilverLine,Maple Flex,SilverLine Holdings Inc.
Umber Arc SilverLine,Umber Arc,SilverLine Holdings Inc.
Sonic Vector SilverLine,Sonic Vector,SilverLine Holdings Inc.
Pearl Vector SilverLine,Pearl Vector,SilverLine Holdings Inc.
PulseBeam Plus SE,Sonic Layer,SilverLine Holdings Inc.
Sable Matrix Kernel SilverLine,Sable Matrix Kernel,SilverLine Holdings Inc.
Mint Kernel Kernel SilverLine,Mint Kernel Kernel,SilverLine Holdings Inc.
Cedar Grid Arc SilverLine,Cedar Grid Arc,SilverLine Holdings Inc.
Saffron Grid Engine SilverLine,Saffron Grid Engine,SilverLine Holdings Inc.
Coda Drive Module SilverLine,Coda Drive Module,SilverLine Holdings Inc.
Silver Drive Flow SilverLine,Silver Drive Flow,SilverLine Holdings Inc.
Coda Module Skyforge,Coda Module,Skyforge Labs Inc.
Sol Matrix Matrix Aurora,Sol Matrix Matrix,Aurora Industries Inc.
Slate Pulse Edge and Quanta Signal Stack,Slate Pulse Edge & Quanta Signal Stack,Catalyst Industries Inc.
Graphite Kernel Flex Harbor,Graphite Kernel Flex,Harbor Systems Inc.
Aero Link Atlas,Aero Link,Atlas Technologies Inc.
CitrineDrive SE,Pearl Stack,Arbor Devices Inc.
Sonic Grid RedStone,Sonic Grid,RedStone Electronics Inc.
Sierra Spark Evergreen,Sierra Spark,Evergreen Components Inc.
"CobaltLink Plus Gen and SummitCam Ultra Max and CodaBook Air / CobaltLink Plus Gen and SummitCam Ultra Max, CodaBook Air",Opal Hub + Umber Frame + Silver Stack Layer,Glacier Manufacturing Inc.
CobaltLink Plus Gen and SummitCam Ultra Max and GraphiteBuds Lite Mini 64GB Bundle / BridgeStand Plus,Opal Hub and Umber Frame and Silver Stack Layer,Glacier Manufacturing Inc.
Topaz Core Sense Highland,Topaz Core Sense,Highland Group Inc.
Argo Shield Wave Highland,Argo Shield Wave,Highland Group Inc.
SummitCharge Pro,Citrine Link,Arbor Components Inc.
Frost Edge NovaWorks,Frost Edge,NovaWorks Holdings Inc.
Graphite Kernel Flex BlueRiver,Graphite Kernel Flex,BlueRiver Labs Inc.
Nova Core Matrix Ironwood,Nova Core Matrix,Ironwood Industries Inc.
Cinder Link Windmill,Cinder Link,Windmill Manufacturing Inc.
Violet Hub SpringboarYF,Violet Hub,Springboard Systems Inc.
Sable Engine Lighthouse,Sable Engine,Lighthouse Technologies Inc.
Ivory Sync Nebula,Ivory Sync,Nebula Devices Inc.
Ember Bridge Astra,Ember Bridge,Astra Electronics Inc.
Umber Bridge Astra,Umber Bridge,Astra Electronics Inc.
Argo Core Beam Astra,Argo Core Beam,Astra Electronics Inc.
Magenta Bridge Bridge Astra,Magenta Bridge Bridge,Astra Electronics Inc.
Maple Drive Pinecone,Maple Drive,Pinecone Components Inc.
SonicWatch Edge Air,Cobalt Matrix Signal,Arbor Devices Inc.
Crimson Kernel Mountain,Crimson Kernel,Mountain Group Inc.
SummitCharge Pro,Citrine Link,Arbor Components Inc.
Ember Wave Crown,Ember Wave,Crown Holdings Inc.
Frost Flow Skylark,Frost Flow,Skylark Labs Inc.
Violet Matrix StonebridgYV,Violet Matrix,Stonebridge Devices Inc.
Ivory Grid StonebridgYV,Ivory Grid,Stonebridge Devices Inc.
Jade Arc StonebridgYV,Jade Arc,Stonebridge Devices Inc.
Lime Fabric Node StonebridgYV,Lime Fabric Node,Stonebridge Devices Inc.
Silver Vault Photon,Silver Vault,Photon Electronics Inc.
JadeCam Mini / LumenCase Plus,Aero Link,Meadow Manufacturing Inc.
JadeCam Mini / LumenCase Plus,Aero Link,Meadow Manufacturing Inc.
CatalystStand Mini / TerraSpeaker Lite / SyncBook Ultra / PhotonPhone Mini SE Air and SparkPhone Mini Gen Lite / SilverSpeaker Lite / MiraCase Plus and EdgePhone Lite / PhotonStand Mini and BridgeStand Mini / VectorStand Mini / BridgeWatch Air and ZenithKey Gen Mini / ZenithCharge Mini SE Air / IndigoSpeaker Gen Ultra / TopazKey Gen and SaffronWatch Ultra Edge Gen / SenseStand Mini / PearlDock Edge,Cedar Grid; Sol Flow,DeepField Group Inc.
Frost Pulse Meadow,Frost Pulse,Meadow Labs Inc.
Umber Flex Arbor,Umber Flex,Arbor Industries Inc.
CodaSpeaker / VegaCase Lite / ZenithSpeaker / IndigoNode Edge SE / TopazKey Gen and AuroraWatch Mini SE Air / ArgoWatch Air Mini / CobaltWatch Air / EchoCase Plus / PhotonPhone Mini SE Air and LyraPad Mini Air Plus / BeamSpeaker Mini SE Air / GoldenBook Ultra / MintDock Edge / VegaRouter Edge / TerraSpeaker / UmberSpeaker Lite / TopazSpeaker Air and MintBook Mini Edge / ArgoCase Lite / LumenBuds Ultra / PearlSpeaker Gen Mini / AstraLink Mini Mini / CitrineNode Mini Air / SilverWatch Air / PearlPad Air Edge / EchoPhone Air Ultra,Frost Sense,Riverstone Labs Inc.
CodaSpeaker / VegaCase Lite / ZenithSpeaker / EchoPhone Air Ultra / IndigoNode Edge SE / PhotonPhone Mini SE Air and LyraPad Mini Air Plus / EdgeBook Air Gen / OpalPhone Lite SE / SilverWatch Air / ArgoWatch Air Mini / CobaltWatch Air / BeamSpeaker Mini SE Air / TopazSpeaker Air and MintBook Mini Edge / GoldenBook Ultra / IndigoSpeaker Mini / VegaRouter Edge / TopazKey Gen and AuroraWatch Mini SE Air / EchoCase Plus / MintDock Edge / TerraSpeaker / LumenBuds Ultra / UmberSpeaker Lite / PearlPad Air Edge / ArgoCase Lite / PearlSpeaker Gen Mini / AstraLink Mini Mini / CitrineNode Mini Air,Frost Sense,Riverstone Labs Inc.
CodaSpeaker / VegaCase Lite / ZenithSpeaker / EchoPhone Air Ultra / IndigoNode Edge SE / PhotonPhone Mini SE Air and LyraPad Mini Air Plus / EdgeBook Air Gen / TopazKey Gen and AuroraWatch Mini SE Air / OpalPhone Lite SE / SilverWatch Air / ArgoWatch Air Mini / CobaltWatch Air / EchoCase Plus / BeamSpeaker Mini SE Air / TopazSpeaker Air and MintBook Mini Edge / GoldenBook Ultra / IndigoSpeaker Mini / VegaRouter Edge / MintDock Edge / TerraSpeaker / LumenBuds Ultra / UmberSpeaker Lite / PearlPad Air Edge / ArgoCase Lite / PearlSpeaker Gen Mini / AstraLink Mini Mini / CitrineNode Mini Air,Frost Sense,Riverstone Labs Inc.
CodaSpeaker / VegaCase Lite / ZenithSpeaker / EchoPhone Air Ultra / IndigoNode Edge SE / PhotonPhone Mini SE Air and LyraPad Mini Air Plus / EdgeBook Air Gen / TopazKey Gen and AuroraWatch Mini SE Air / OpalPhone Lite SE / SilverWatch Air / CobaltWatch Air / EchoCase Plus / BeamSpeaker Mini SE Air / TopazSpeaker Air and MintBook Mini Edge / GoldenBook Ultra / IndigoSpeaker Mini / VegaRouter Edge / MintDock Edge / TerraSpeaker / LumenBuds Ultra / UmberSpeaker Lite / PearlPad Air Edge / ArgoCase Lite / PearlSpeaker Gen Mini / AstraLink Mini Mini,Frost Sense,Riverstone Labs Inc.
CodaSpeaker / VegaCase Lite / ZenithSpeaker / EchoPhone Air Ultra / IndigoNode Edge SE / PhotonPhone Mini SE Air and LyraPad Mini Air Plus / EdgeBook Air Gen / TopazKey Gen and AuroraWatch Mini SE Air / OpalPhone Lite SE / SilverWatch Air / ArgoWatch Air Mini / CobaltWatch Air / EchoCase Plus / BeamSpeaker Mini SE Air / TopazSpeaker Air and MintBook Mini Edge / GoldenBook Ultra / IndigoSpeaker Mini / VegaRouter Edge / MintDock Edge / TerraSpeaker / LumenBuds Ultra / UmberSpeaker Lite / PearlPad Air Edge / ArgoCase Lite / PearlSpeaker Gen Mini / AstraLink Mini Mini / CitrineNode Mini Air,Frost Sense,Riverstone Labs Inc.
CodaSpeaker / VegaCase Lite / ZenithSpeaker / EchoPhone Air Ultra / IndigoNode Edge SE / PhotonPhone Mini SE Air and LyraPad Mini Air Plus / EdgeBook Air Gen / TopazKey Gen and AuroraWatch Mini SE Air / OpalPhone Lite SE / SilverWatch Air / ArgoWatch Air Mini / CobaltWatch Air / EchoCase Plus / BeamSpeaker Mini SE Air / TopazSpeaker Air and MintBook Mini Edge / GoldenBook Ultra / IndigoSpeaker Mini / VegaRouter Edge / MintDock Edge / TerraSpeaker / LumenBuds Ultra / UmberSpeaker Lite / PearlPad Air Edge / ArgoCase Lite / PearlSpeaker Gen Mini / AstraLink Mini Mini / CitrineNode Mini Air,Frost Sense,Riverstone Labs Inc.
CodaSpeaker / VegaCase Lite / ZenithSpeaker / EchoPhone Air Ultra / PhotonPhone Mini SE Air and LyraPad Mini Air Plus / EdgeBook Air Gen / TopazKey Gen and AuroraWatch Mini SE Air / OpalPhone Lite SE / SilverWatch Air / ArgoWatch Air Mini / CobaltWatch Air / EchoCase Plus / BeamSpeaker Mini SE Air / TopazSpeaker Air and MintBook Mini Edge / GoldenBook Ultra / IndigoSpeaker Mini / VegaRouter Edge / MintDock Edge / TerraSpeaker / LumenBuds Ultra / UmberSpeaker Lite / PearlPad Air Edge / ArgoCase Lite / PearlSpeaker Gen Mini / AstraLink Mini Mini / CitrineNode Mini Air,Frost Sense,Riverstone Labs Inc.
CodaSpeaker / VegaCase Lite / ZenithSpeaker / EchoPhone Air Ultra / IndigoNode Edge SE / PhotonPhone Mini SE Air and LyraPad Mini Air Plus / EdgeBook Air Gen / TopazKey Gen and AuroraWatch Mini SE Air / OpalPhone Lite SE / SilverWatch Air / ArgoWatch Air Mini / CobaltWatch Air / EchoCase Plus / BeamSpeaker Mini SE Air / TopazSpeaker Air and MintBook Mini Edge / GoldenBook Ultra / IndigoSpeaker Mini / VegaRouter Edge / MintDock Edge / TerraSpeaker / LumenBuds Ultra / UmberSpeaker Lite / PearlPad Air Edge / ArgoCase Lite / AstraLink Mini Mini / PearlSpeaker Gen Mini / CitrineNode Mini Air,Frost Sense,Riverstone Labs Inc.
CodaSpeaker / VegaCase Lite / ZenithSpeaker / EchoPhone Air Ultra / IndigoNode Edge SE / PhotonPhone Mini SE Air and LyraPad Mini Air Plus / EdgeBook Air Gen / TopazKey Gen and AuroraWatch Mini SE Air / OpalPhone Lite SE / SilverWatch Air / ArgoWatch Air Mini / CobaltWatch Air / EchoCase Plus / BeamSpeaker Mini SE Air / TopazSpeaker Air and MintBook Mini Edge / GoldenBook Ultra / IndigoSpeaker Mini / VegaRouter Edge / MintDock Edge / TerraSpeaker / LumenBuds Ultra / UmberSpeaker Lite / PearlPad Air Edge / ArgoCase Lite / PearlSpeaker Gen Mini / AstraLink Mini Mini / CitrineNode Mini Air,Frost Sense,Riverstone Labs Inc.
CodaSpeaker / VegaCase Lite / ZenithSpeaker / IndigoNode Edge SE / PhotonPhone Mini SE Air and LyraPad Mini Air Plus / EdgeBook Air Gen / TopazKey Gen and AuroraWatch Mini SE Air / OpalPhone Lite SE / ArgoWatch Air Mini / CobaltWatch Air / EchoCase Plus / BeamSpeaker Mini SE Air / TopazSpeaker Air and MintBook Mini Edge / GoldenBook Ultra / IndigoSpeaker Mini / VegaRouter Edge / MintDock Edge / TerraSpeaker / LumenBuds Ultra / UmberSpeaker Lite / ArgoCase Lite / PearlSpeaker Gen Mini / AstraLink Mini Mini / CitrineNode Mini Air / SilverWatch Air / PearlPad Air Edge / EchoPhone Air Ultra,Frost Sense,Riverstone Labs Inc.
CodaSpeaker / VegaCase Lite / ZenithSpeaker / EchoPhone Air Ultra / IndigoNode Edge SE / PhotonPhone Mini SE Air and LyraPad Mini Air Plus / EdgeBook Air Gen / TopazKey Gen and AuroraWatch Mini SE Air / OpalPhone Lite SE / SilverWatch Air / ArgoWatch Air Mini / CobaltWatch Air / EchoCase Plus / BeamSpeaker Mini SE Air / TopazSpeaker Air and MintBook Mini Edge / GoldenBook Ultra / IndigoSpeaker Mini / VegaRouter Edge / TerraSpeaker / LumenBuds Ultra / UmberSpeaker Lite / PearlPad Air Edge / ArgoCase Lite / AstraLink Mini Mini / PearlSpeaker Gen Mini / MintDock Edge / CitrineNode Mini Air,Frost Sense,Riverstone Labs Inc.
CodaSpeaker / VegaCase Lite / ZenithSpeaker / EchoPhone Air Ultra / IndigoNode Edge SE / PhotonPhone Mini SE Air and LyraPad Mini Air Plus / EdgeBook Air Gen / TopazKey Gen and AuroraWatch Mini SE Air / SilverWatch Air / ArgoWatch Air Mini / CobaltWatch Air / EchoCase Plus / BeamSpeaker Mini SE Air / TopazSpeaker Air and MintBook Mini Edge / GoldenBook Ultra / IndigoSpeaker Mini / VegaRouter Edge / MintDock Edge / TerraSpeaker / LumenBuds Ultra / UmberSpeaker Lite / OpalPhone Lite SE / PearlPad Air Edge / ArgoCase Lite / PearlSpeaker Gen Mini / AstraLink Mini Mini / CitrineNode Mini Air,Frost Sense,Riverstone Labs Inc.
CodaSpeaker / VegaCase Lite / EchoPhone Air Ultra / ZenithSpeaker / IndigoNode Edge SE / TopazKey Gen and AuroraWatch Mini SE Air / SilverWatch Air / ArgoWatch Air Mini / CobaltWatch Air / EchoCase Plus / PhotonPhone Mini SE Air and LyraPad Mini Air Plus / BeamSpeaker Mini SE Air / GoldenBook Ultra / MintDock Edge / VegaRouter Edge / TerraSpeaker / UmberSpeaker Lite / OpalPhone Lite SE / PearlPad Air Edge / TopazSpeaker Air and MintBook Mini Edge / ArgoCase Lite / LumenBuds Ultra / PearlSpeaker Gen Mini / AstraLink Mini Mini / CitrineNode Mini Air,Frost Sense,Riverstone Labs Inc.
CodaSpeaker / VegaCase Lite / ZenithSpeaker / EchoPhone Air Ultra / IndigoNode Edge SE / PhotonPhone Mini SE Air and LyraPad Mini Air Plus / EdgeBook Air Gen / TopazKey Gen and AuroraWatch Mini SE Air / OpalPhone Lite SE / SilverWatch Air / ArgoWatch Air Mini / CobaltWatch Air / EchoCase Plus / BeamSpeaker Mini SE Air / TopazSpeaker Air and MintBook Mini Edge / GoldenBook Ultra / IndigoSpeaker Mini / VegaRouter Edge / MintDock Edge / TerraSpeaker / LumenBuds Ultra / UmberSpeaker Lite / PearlPad Air Edge / ArgoCase Lite / PearlSpeaker Gen Mini / AstraLink Mini Mini / CitrineNode Mini Air,Frost Sense,Riverstone Labs Inc.
JadeCam Mini / LumenCase Plus,Aero Link,Meadow Manufacturing Inc.
HelioCam Pro / OpalHub Air Plus,Vega Beam,Astra Labs Inc.
HelioCam Pro / OpalHub Air Plus,Vega Beam,Astra Labs Inc.
SaffronPad Air Pro / SparkKey Plus Plus,Lime Frame,Stonebridge Systems Inc.
Lime Frame StonebridgIB,Lime Frame,Stonebridge Systems Inc.
Violet Matrix Photon,Violet Matrix,Photon Technologies Inc.
Violet Matrix EchoLabs,Violet Matrix,EchoLabs Devices Inc.
Violet Matrix Northwind,Violet Matrix,Northwind Electronics Inc.
Violet Matrix DeepField,Violet Matrix,DeepField Components Inc.
Vega Beam and Ruby Fabric Link,Vega Beam & Ruby Fabric Link,Seabird Networks Inc.
Coda Engine 1TB Bundle Saffron,Coda Engine,Saffron Group Inc.
Teal Module 128GB Dual‑SIM Saffron,Teal Module,Saffron Group Inc.
Vega Wave 1TB Dual‑SIM Saffron,Vega Wave,Saffron Group Inc.
Teal Mesh 256GB Dual‑SIM Saffron,Teal Mesh,Saffron Group Inc.
Sol Grid Drive Saffron,Sol Grid Drive,Saffron Group Inc.
Umbral Dock Orion,Umbral Dock,Orion Labs Inc.
Sol Layer Mosaic,Sol Layer,Mosaic Industries Inc.
Sol Layer GoldenGate,Sol Layer,GoldenGate Manufacturing Inc.
Sol Layer Copperline,Sol Layer,Copperline Systems Inc.
Sol Layer Cinder,Sol Layer,Cinder Technologies Inc.
Sol Layer Catalyst,Sol Layer,Catalyst Devices Inc.
Sol Layer RedStone,Sol Layer,RedStone Manufacturing Inc.
Sol Layer Evergreen,Sol Layer,Evergreen Systems Inc.
SolWatch Mini Gen Lite,Nimbus Grid,Ironwood Holdings Inc.
SolWatch Mini Gen Lite,Nimbus Grid,Ironwood Holdings Inc.
RubyPhone Mini Mini SE,Coral Module + Golden Pulse Signal,Astra Manufacturing Inc.
GraphiteRouter Edge,Silver Module,Astra Manufacturing Inc.
ArgoRouter Lite,Zen Dock,Astra Manufacturing Inc.
KairoCase Max Air,Quanta Module Matrix,Astra Manufacturing Inc.
CoreDock SE Gen Lite,Magenta Bridge Bridge,Mountain Devices Inc.
GlacierCharge Mini Ultra Edge,Ruby Shield Pulse,Glacier Manufacturing Inc.
GraphiteBuds Lite,Indigo Drive Beam,Harbor Components Inc.
GlacierCharge Mini Ultra Edge / LumenBeam Mini Lite Mini,Ruby Shield Pulse,Glacier Manufacturing Inc.
GraphiteBuds Lite / BridgeHub SE Max Ultra,Indigo Drive Beam,Harbor Components Inc.
HarborHub Edge Mini,Nimbus Shield,Catalyst Industries Inc.
CoreDock SE Gen Lite,Magenta Bridge Bridge,Mountain Devices Inc.
AzureNode Max / CrownNode Max/DriveCase Gen,Argo Mesh,Sunpeak Group Inc.
Opal Matrix Starlight,Opal Matrix,Starlight Holdings Inc.
MintNode Edge Ultra / OpalCharge Pro Max Ultra Edge / BeamBook Plus Max / SaffronRouter Edge / SignalBook Plus Mini / WaveBook Plus Pro / PulseBuds Ultra / SparkWatch Air / SlateSpeaker Lite / TopazKey Gen and UmberWatch Edge Gen Lite / HelioCharge Lite / WaveWatch Air / PhotonPhone Mini SE Air and SummitPad Mini Pro Max / CrownRouter Edge / AstraPhone SE Lite / CodaBuds Ultra / UmberCase Plus,Saffron Dock,EchoLabs Systems Inc.
MintNode Edge Ultra / OpalCharge Pro Max Ultra Edge / BeamBook Plus Max / SaffronRouter Edge / PhotonPhone Mini SE Air and SummitPad Mini Pro Max / SignalBook Plus Mini / WaveBook Plus Pro / PulseBuds Ultra / SparkWatch Air / SlateSpeaker Lite / TopazKey Gen and UmberWatch Edge Gen Lite / HelioCharge Lite / WaveWatch Air / CrownRouter Edge / AstraPhone SE Lite / CodaBuds Ultra / UmberCase Plus,Saffron Dock,EchoLabs Systems Inc.
MintNode Edge Ultra / OpalCharge Pro Max Ultra Edge / SaffronRouter Edge / SignalBook Plus Mini / WaveBook Plus Pro / PulseBuds Ultra / SparkWatch Air / SlateSpeaker Lite / BeamBook Plus Max / TopazKey Gen and UmberWatch Edge Gen Lite / HelioCharge Lite / WaveWatch Air / PhotonPhone Mini SE Air and SummitPad Mini Pro Max / CrownRouter Edge / AstraPhone SE Lite / CodaBuds Ultra / UmberCase Plus,Saffron Dock,EchoLabs Systems Inc.
UmberNode Edge Plus / MintCam Mini / AzureNode Mini Edge / PearlWatch Air / SolCam Pro / NovaCharge Max Ultra Edge / PhotonPhone Mini SE Air and BridgePhone Mini Pro Max / SlateHub Plus Plus / UmberCam Mini,Sierra Vector & Coral Vector,Seabird Electronics Inc.
UmberNode Edge Plus / MintCam Mini / AzureNode Mini Edge / PearlWatch Air / SolCam Pro / NovaCharge Max Ultra Edge / PhotonPhone Mini SE Air and BridgePhone Mini Pro Max / SlateHub Plus Plus / UmberCam Mini / FlexLink Max,Sierra Vector and Coral Vector,Seabird Electronics Inc.
UmberNode Edge Plus / MintCam Mini / NovaCharge Max Ultra Edge / AzureNode Mini Edge / PearlWatch Air / SolCam Pro / PhotonPhone Mini SE Air and BridgePhone Mini Pro Max / UmberCam Mini / SlateHub Plus Plus / FlexLink Max,"Sierra Vector, Coral Vector",Seabird Electronics Inc.
UmberNode Edge Plus / MintCam Mini / NovaCharge Max Ultra Edge / AzureNode Mini Edge / PearlWatch Air / SolCam Pro / PhotonPhone Mini SE Air and BridgePhone Mini Pro Max / SlateHub Plus Plus / UmberCam Mini / FlexLink Max,Sierra Vector + Coral Vector,Seabird Electronics Inc.
UmberNode Edge Plus / MintCam Mini / NovaCharge Max Ultra Edge / AzureNode Mini Edge / PearlWatch Air / SolCam Pro / PhotonPhone Mini SE Air and BridgePhone Mini Pro Max / SlateHub Plus Plus / UmberCam Mini,Sierra Vector & Coral Vector,Seabird Electronics Inc.
UmberNode Edge Plus / MintCam Mini / NovaCharge Max Ultra Edge / AzureNode Mini Edge / PearlWatch Air / SolCam Pro / PhotonPhone Mini SE Air and BridgePhone Mini Pro Max / SlateHub Plus Plus / UmberCam Mini / FlexLink Max,Sierra Vector and Coral Vector,Seabird Electronics Inc.
"JadeNode Edge Edge, SparkNode Pro / DriveKey Plus Gen / AstraCase Plus SE",Lime Frame,Arbor Group Inc.
"JadeNode Edge Edge, SparkNode Pro / DriveKey Plus Gen / AstraCase Plus SE / RubyDrive Lite 64GB Dual‑SIM",Lime Frame,Arbor Group Inc.
"JadeNode Edge Edge, SparkNode Pro / DriveKey Plus Gen / AstraCase Plus SE",Lime Frame,Arbor Group Inc.
"JadeNode Edge Edge, SparkNode Pro / DriveKey Plus Gen / AstraCase Plus SE / RubyDrive Lite 64GB Dual‑SIM",Lime Frame,Arbor Group Inc.
"JadeNode Edge Edge, MintDrive Pro Pro / SparkKey Plus Plus / TerraCase Plus Ultra / NimbusCase Plus Max / DriveKey Plus Gen, TealDrive Pro Plus",Lime Frame,Catalyst Systems Inc.
"JadeNode Edge Edge, MintDrive Pro Pro / ZenithCase Plus Pro / SparkKey Plus Plus / NimbusCase Plus Max / DriveKey Plus Gen, TealDrive Pro Plus",Lime Frame,Catalyst Systems Inc.
AzurePad Mini Mini SE,Sable Core Beam,Lumen Technologies Inc.
Atlas Wave Skyforge,Atlas Wave,Skyforge Electronics Inc.
CitrineSpeaker Gen Pro / PhotonCam Mini,"Aero Link, Ruby Fabric Link",Aurora Components Inc.
OpalCam Gen / JadeCam Mini / QuartzCam Gen / CopperDrive Max Ultra / RubyLink Max / AzureLink Max / SignalCam Mini,Topaz Sense,Astra Networks Inc.
OpalCam Gen / JadeCam Mini / WaveCam Gen Lite / QuartzCam Gen / CopperDrive Max Ultra / RubyLink Max / AzureLink Max / SignalCam Mini,Topaz Sense,Astra Networks Inc.
OpalCam Gen / JadeCam Mini / WaveCam Gen Lite / QuartzCam Gen / CopperDrive Max Ultra / RubyLink Max / AzureLink Max / SignalCam Mini,Topaz Sense,Astra Networks Inc.
Mira Link Zenith,Mira Link,Zenith Holdings Inc.
Azure Dock RedStone,Azure Dock,RedStone Labs Inc.
Graphite Core Evergreen,Graphite Core,Evergreen Industries Inc.
Violet Engine Evergreen,Violet Engine,Evergreen Industries Inc.
Delta Kernel Evergreen,Delta Kernel,Evergreen Industries Inc.
Auric Kernel Evergreen,Auric Kernel,Evergreen Industries Inc.
Opal Bridge Evergreen,Opal Bridge,Evergreen Industries Inc.
Sol Link Evergreen,Sol Link,Evergreen Industries Inc.
KairoCase Pro,Cerulean Fabric & Pulse Pulse,Crown Holdings Inc.
Sonic Wave Evergreen,Sonic Wave,Evergreen Industries Inc.
Sol Wave Evergreen,Sol Wave,Evergreen Industries Inc.
Ruby Wave Evergreen,Ruby Wave,Evergreen Industries Inc.
Indigo Node Evergreen,Indigo Node,Evergreen Industries Inc.
Ruby Node 128GB Bundle Evergreen,Ruby Node,Evergreen Industries Inc.
Cobalt Grid Evergreen,Cobalt Grid,Evergreen Industries Inc.
Topaz Shield Evergreen,Topaz Shield,Evergreen Industries Inc.
Nova Drive Evergreen,Nova Drive,Evergreen Industries Inc.
Onyx Drive Evergreen,Onyx Drive,Evergreen Industries Inc.
Frost Sense Evergreen,Frost Sense,Evergreen Industries Inc.
Coda Mesh Evergreen,Coda Mesh,Evergreen Industries Inc.
Jade Mesh Evergreen,Jade Mesh,Evergreen Industries Inc.
Sol Edge Evergreen,Sol Edge,Evergreen Industries Inc.
SolBuds Lite,Ruby Edge,Catalyst Group Inc.
Ruby Dock Evergreen,Ruby Dock,Evergreen Industries Inc.
DriveDrive Lite,Sable Dock,Evergreen Industries Inc.
Azure Dock Evergreen,Azure Dock,Evergreen Industries Inc.
Opal Sync Evergreen,Opal Sync,Evergreen Industries Inc.
Coda Spark Evergreen,Coda Spark,Evergreen Industries Inc.
Sierra Spark Evergreen,Sierra Spark,Evergreen Industries Inc.
CrimsonRouter Lite,Ivory Spark,Evergreen Industries Inc.
Helio Vault Evergreen,Helio Vault,Evergreen Industries Inc.
Mira Vault Evergreen,Mira Vault,Evergreen Industries Inc.
Onyx Vault Evergreen,Onyx Vault,Evergreen Industries Inc.
LyraLink Air Plus,Slate Vault,Copperline Industries Inc.
Quartz Layer Evergreen,Quartz Layer,Evergreen Industries Inc.
Jade Core Frame Evergreen,Jade Core Frame,Evergreen Industries Inc.
PulseCase Pro Lite,Umber Core Bridge,Copperline Systems Inc.
Silver Core Link Evergreen,Silver Core Link,Evergreen Industries Inc.
Nimbus Engine Matrix Evergreen,Nimbus Engine Matrix,Evergreen Industries Inc.
Slate Module Link FP Evergreen,Slate Module Link,Evergreen Industries Inc.
Sable Module Drive Evergreen,Sable Module Drive,Evergreen Industries Inc.
ArgoPad Ultra Edge,Astra Stack Frame + Cedar Wave Engine,Evergreen Industries Inc.
Copper Fabric Layer Evergreen,Copper Fabric Layer,Evergreen Industries Inc.
Sierra matrix Node Evergreen,Sierra Matrix Node,Evergreen Industries Inc.
Ruby Kernel Module Evergreen,Ruby Kernel Module,Evergreen Industries Inc.
Golden Node Bridge Evergreen,Golden Node Bridge,Evergreen Industries Inc.
Ivory Node Node Evergreen,Ivory Node Node,Evergreen Industries Inc.
Slate Grid Pulse Evergreen,Slate Grid Pulse,Evergreen Industries Inc.
QuartzCam Mini Ultra Edge,Aero Shield Beam,Evergreen Industries Inc.
MiraKey Mini Lite Mini,Graphite Shield Layer,Evergreen Industries Inc.
Umber Drive Spark Evergreen,Umber Drive Spark,Evergreen Industries Inc.
Frost Sense Clearwater,Frost Sense,Clearwater Manufacturing Inc.
Kairo Edge Highland,Kairo Edge,Highland Systems Inc.
Cedar Layer Summit,Cedar Layer,Summit Technologies Inc.
Mira Vault NovaWorks,Mira Vault,NovaWorks Devices Inc.
Sable Link BlueRiver,Sable Link,BlueRiver Electronics Inc.
Orion Vector Ironwood,Orion Vector,Ironwood Components Inc.
Indigo Core Windmill,Indigo Core,Windmill Networks Inc.
Teal Core Windmill,Teal Core,Windmill Networks Inc.
Echo Stack Windmill,Echo Stack,Windmill Networks Inc.
Golden Grid Windmill,Golden Grid,Windmill Networks Inc.
Maple Mesh Windmill,Maple Mesh,Windmill Networks Inc.
Sable Mesh Windmill,Sable Mesh,Windmill Networks Inc.
Ruby Dock Windmill,Ruby Dock,Windmill Networks Inc.
Magenta Sync Windmill,Magenta Sync,Windmill Networks Inc.
SolDock SE Air / AuroraDock SE Plus,Quartz Spark,Crown Components Inc.
Auric Frame Windmill,Auric Frame,Windmill Networks Inc.
Slate Grid Pulse Windmill,Slate Grid Pulse,Windmill Networks Inc.
Quanta Shield Core Windmill,Quanta Shield Core,Windmill Networks Inc.
Frost Shield Node Windmill,Frost Shield Node,Windmill Networks Inc.
Atlas Bridge SpringboarMF,Atlas Bridge,Springboard Group Inc.
Atlas Bridge Lighthouse,Atlas Bridge,Lighthouse Works Inc.
OpalDrive Air Mini,Quartz Vault,Harbor Devices Inc.
Quartz Flex Astra,Quartz Flex,Astra Labs Inc.
Echo Stack Pinecone,Echo Stack,Pinecone Industries Inc.
SignalNode SE Ultra,Echo Arc,Astra Networks Inc.
Aero Shield Beam Mountain,Aero Shield Beam,Mountain Systems Inc.
Vega Edge Glacier,Vega Edge,Glacier Technologies Inc.
NimbusKey Mini and OrionDock Lite Pro,Coral Module,Meadow Technologies Inc.
Cedar Spark Skylark,Cedar Spark,Skylark Electronics Inc.
LumenPhone Pro,Jade Bridge,Arbor Devices Inc.
Jade Flex BrightWave,Jade Flex,BrightWave Networks Inc.
RubyCam SE Ultra,Graphite Spark,Clearwater Electronics Inc.
Orion Fabric Nightfall,Orion Fabric,Nightfall Works Inc.
JadeLink Max Gen,Helio Module Vector,BrightWave Electronics Inc.
Golden Bridge Photon,Golden Bridge,Photon Labs Inc.
VectorDock Gen,Coda Link Flex,EchoLabs Industries Inc.
EdgePhone Air / DrivePhone Air,Aero Fabric,DeepField Systems Inc.
EdgePhone Air / DrivePhone Air,Aero Fabric,DeepField Systems Inc.
PhotonStand Max Ultra Edge,Kairo Stack Wave,Seabird Technologies Inc.
AuroraPad Max,Coda Fabric,Saffron Devices Inc.
PulseDock Ultra,Kairo Link,Saffron Devices Inc.
CrimsonNode Mini,Opal Hub,Saffron Devices Inc.
NebulaHub Edge Gen,Sierra Vault,Meadow Technologies Inc.
WavePhone SE Edge Gen,Mira Kernel Vector,Meadow Electronics Inc.
OnyxWatch Air Air / TealPhone Lite Lite / QuantaBuds Ultra / SignalCam Plus Edge / DriveSpeaker Plus Pro Max / TopazCam Mini / BridgeDock Edge / PhotonPhone Mini SE Air and CrownPad Mini Ultra Edge / LyraCharge Lite / BeamWatch Air / AtlasCase Plus / CatalystKey Plus / OpalCam Mini / SummitLink Mini Lite / IndigoCharge Air / CitrineNode Edge Mini / CrimsonNode Mini Max / MintCharge Lite Pro / BeamStand Edge / TopazKey Gen and SummitWatch Air Plus Pro / OnyxCase Plus / TopazSpeaker Air and CatalystBook Mini Plus / HelioCharge Air Plus Pro and VectorBuds Plus Pro / SyncSpeaker Gen Mini,Lyra Frame,Catalyst Industries Inc.
OnyxWatch Air Air / TealPhone Lite Lite / QuantaBuds Ultra / SignalCam Plus Edge / DriveSpeaker Plus Pro Max / TopazCam Mini / BridgeDock Edge / PhotonPhone Mini SE Air and CrownPad Mini Ultra Edge / LyraCharge Lite / BeamWatch Air / AtlasCase Plus / CatalystKey Plus / OpalCam Mini / SummitLink Mini Lite / IndigoCharge Air / CitrineNode Edge Mini / CrimsonNode Mini Max / MintCharge Lite Pro / BeamStand Edge / TopazKey Gen and SummitWatch Air Plus Pro / OnyxCase Plus / TopazSpeaker Air and CatalystBook Mini Plus / HelioCharge Air Plus Pro and VectorBuds Plus Pro / SyncSpeaker Gen Mini,Lyra Frame,Catalyst Industries Inc.
OnyxWatch Air Air / TealPhone Lite Lite / QuantaBuds Ultra / SignalCam Plus Edge / NimbusCam Max Air / DriveSpeaker Plus Pro Max / TopazCam Mini / BridgeDock Edge / PhotonPhone Mini SE Air and CrownPad Mini Ultra Edge / LyraCharge Lite / BeamWatch Air / AtlasCase Plus / CatalystKey Plus / OpalCam Mini / SummitLink Mini Lite / IndigoCharge Air / CitrineNode Edge Mini / CrimsonNode Mini Max / MintCharge Lite Pro / BeamStand Edge / TopazKey Gen and SummitWatch Air Plus Pro / OnyxCase Plus / TopazSpeaker Air and CatalystBook Mini Plus / HelioCharge Air Plus Pro and VectorBuds Plus Pro / SyncSpeaker Gen Mini,Lyra Frame,Catalyst Industries Inc.
OnyxWatch Air Air / TealPhone Lite Lite / QuantaBuds Ultra / DriveSpeaker Plus Pro Max / TopazCam Mini / BridgeDock Edge / LyraCharge Lite / BeamWatch Air / AtlasCase Plus / CatalystKey Plus / SignalCam Plus Edge / OpalCam Mini / SummitLink Mini Lite / IndigoCharge Air / PhotonPhone Mini SE Air and CrownPad Mini Ultra Edge / CitrineNode Edge Mini / CrimsonNode Mini Max / BeamStand Edge / TopazKey Gen and SummitWatch Air Plus Pro / OnyxCase Plus / TopazSpeaker Air and CatalystBook Mini Plus / HelioCharge Air Plus Pro and VectorBuds Plus Pro / SyncSpeaker Gen Mini,Lyra Frame,Catalyst Industries Inc.
OnyxWatch Air Air / TealPhone Lite Lite / QuantaBuds Ultra / DriveSpeaker Plus Pro Max / TopazCam Mini / BridgeDock Edge / LyraCharge Lite / BeamWatch Air / AtlasCase Plus / CatalystKey Plus / SignalCam Plus Edge / OpalCam Mini / SummitLink Mini Lite / IndigoCharge Air / PhotonPhone Mini SE Air and CrownPad Mini Ultra Edge / CitrineNode Edge Mini / CrimsonNode Mini Max / BeamStand Edge / TopazKey Gen and SummitWatch Air Plus Pro / OnyxCase Plus / TopazSpeaker Air and CatalystBook Mini Plus / HelioCharge Air Plus Pro and VectorBuds Plus Pro / SyncSpeaker Gen Mini,Lyra Frame,Catalyst Industries Inc.
TerraKey Gen SE / GlacierSpeaker Ultra Mini / WaveWatch Pro / LumenBuds Pro / EchoCam Pro / DriveWatch Pro,Aero Link,Lumen Manufacturing Inc.
TerraKey Gen SE / GlacierSpeaker Ultra Mini / WaveWatch Pro / ZenithRouter Edge / LumenBuds Pro / SolCase Lite / EchoCam Pro / DriveWatch Pro,Aero Link,Lumen Manufacturing Inc.
TerraKey Gen SE / GlacierSpeaker Ultra Mini / WaveWatch Pro / ZenithRouter Edge / LumenBuds Pro / EchoCam Pro / DriveWatch Pro,Aero Link,Lumen Manufacturing Inc.
LumenPhone Pro,Jade Bridge,Arbor Devices Inc.
SolPhone Pro,Crimson Bridge,Astra Technologies Inc.
Aero Shield Beam Atlas,Aero Shield Beam,Atlas Networks Inc.
CatalystNode Plus,Coral Bridge,Aurora Group Inc.
CopperPhone Pro,Beryl Bridge,Glacier Works Inc.
TopazKey Pro Mini,Cobalt Node,Clearwater Labs Inc.
TopazKey Pro Mini,Cobalt Node,Clearwater Labs Inc.
TerraNode / VegaKey Pro Max,Terra Core & Orion Stack & Argo Matrix & Coral Link & Sonic Wave & Umbral Node & Topaz Mesh & Ruby Frame & Teal Module Dock & Mint Fabric Grid & Zen Kernel Flex & Golden Node Bridge & Cerulean Shield Engine,Ironwood Devices Inc.
ArgoKey Max Ultra / VegaLink Max Air,Terra Core and Orion Stack and Argo Matrix and Coral Link and Sonic Wave and Umbral Node and Topaz Mesh and Ruby Frame and Teal Module Dock and Mint Fabric Grid and Zen Kernel Flex and Golden Node Bridge and Cerulean Shield Engine,Ironwood Devices Inc.
SignalCam Pro Max,Umbral Core,BlueRiver Technologies Inc.
Coda Engine Ironwood,Coda Engine,Ironwood Devices Inc.
Topaz Engine Ironwood,Topaz Engine,Ironwood Devices Inc.
Nimbus Module Ironwood,Nimbus Module,Ironwood Devices Inc.
Coda Module Ironwood,Coda Module,Ironwood Devices Inc.
Coda Module and Sonic Module,Coda Module and Magenta Link,Harbor Devices Inc.
Coda Module and Magenta Link,Coda Module & Magenta Link,Harbor Devices Inc.
"AuroraBook Ultra, NovaKey Mini, CrownBook Ultra and AstraKey Mini","Sol Module, Frost Module, Azure Node, Violet Node",Copperline Holdings Inc.
NimbusKey Mini RevA,Coral Module,Ironwood Devices Inc.
NimbusKey Mini RevB,Sierra Module,Ironwood Devices Inc.
MiraPad SE,Citrine Module,Ironwood Devices Inc.
Sable Module Ironwood,Sable Module,Ironwood Devices Inc.
Echo Stack Ironwood,Echo Stack,Ironwood Devices Inc.
Luna Fabric Ironwood,Luna Fabric,Ironwood Devices Inc.
AuroraPad Air,Echo Fabric,Arbor Devices Inc.
Luna Matrix Ironwood,Luna Matrix,Ironwood Devices Inc.
Atlas Matrix Ironwood,Atlas Matrix,Ironwood Devices Inc.
Maple Matrix Ironwood,Maple Matrix,Ironwood Devices Inc.
CatalystBeam Air,Opal Matrix,Ironwood Devices Inc.
Opal Matrix Ironwood,Opal Matrix,Ironwood Devices Inc.
Opal Matrix and Azure Node Spark,Opal Matrix and Azure Node Spark,Astra Manufacturing Inc.
Teal Matrix Ironwood,Teal Matrix,Ironwood Devices Inc.
Violet Matrix Ironwood,Violet Matrix,Ironwood Devices Inc.
Aero Kernel Ironwood,Aero Kernel,Ironwood Devices Inc.
Vega Bridge Ironwood,Vega Bridge,Ironwood Devices Inc.
Orion Bridge Ironwood,Orion Bridge,Ironwood Devices Inc.
Atlas Bridge Ironwood,Atlas Bridge,Ironwood Devices Inc.
CatalystNode Plus,Coral Bridge,Aurora Group Inc.
Sierra Bridge Ironwood,Sierra Bridge,Ironwood Devices Inc.
Saffron Bridge Ironwood,Saffron Bridge,Ironwood Devices Inc.
Aero Link Ironwood,Aero Link,Ironwood Devices Inc.
PearlRouter Pro,Citrine Link,Ironwood Devices Inc.
Citrine Link Ironwood,Citrine Link,Ironwood Devices Inc.
SummitCharge Pro and CodaPad Ultra,Citrine Link,Arbor Components Inc.
AuroraCharge Pro,Citrine Link and Opal Hub,Catalyst Holdings Inc.
Azure Link Ironwood,Azure Link,Ironwood Devices Inc.
Azure Pulse Ironwood,Azure Pulse,Ironwood Devices Inc.
Vega Wave Ironwood,Vega Wave,Ironwood Devices Inc.
Sol Wave Ironwood,Sol Wave,Ironwood Devices Inc.
UmberNode Mini Ultra Edge / PearlBuds Mini SE,Cobalt Node,BlueRiver Technologies Inc.
AzurePad Air Ultra / CobaltLink Plus Gen and SummitCam Ultra Max and CodaPad Ultra,Ivory Node & Umber Frame & Silver Stack Layer,Catalyst Holdings Inc.
SyncRouter SE Air Plus and CodaPad Ultra,Argo Grid Sense,Cinder Manufacturing Inc.
Sonic Grid Ironwood,Sonic Grid,Ironwood Devices Inc.
Delta Grid Ironwood,Delta Grid,Ironwood Devices Inc.
Pulse Signal Ironwood,Pulse Signal,Ironwood Devices Inc.
Pulse Signal and Azure Node Spark,Pulse Signal; Azure Node Spark,Nebula Group Inc.
Copper Signal Ironwood,Copper Signal,Ironwood Devices Inc.
Crimson Shield Ironwood,Crimson Shield,Ironwood Devices Inc.
Coda Drive Ironwood,Coda Drive,Ironwood Devices Inc.
NimbusStand Mini Ultra Edge / EchoDrive Edge,Golden Drive,Ironwood Devices Inc.
Sol Sense Ironwood,Sol Sense,Ironwood Devices Inc.
TerraCam Gen,Cerulean Sense,Ironwood Devices Inc.
SolBook SE Max / SyncCharge Gen,Slate Mesh,Ironwood Devices Inc.
Kairo Edge Ironwood,Kairo Edge,Ironwood Devices Inc.
Beryl Edge Ironwood,Beryl Edge,Ironwood Devices Inc.
Lime Edge Ironwood,Lime Edge,Ironwood Devices Inc.
JadeWatch Lite,Echo Dock,Ironwood Devices Inc.
Argo Dock Ironwood,Argo Dock,Ironwood Devices Inc.
Indigo Dock Ironwood,Indigo Dock,Ironwood Devices Inc.
PearlPhone Mini Max Ultra,Indigo Dock,Astra Manufacturing Inc.
AtlasCase Air Plus Pro and CrimsonBuds Mini SE,Beryl Hub & Violet Grid Sync,Arbor Devices Inc.
CobaltLink Plus Gen and SummitCam Ultra Max and JadeBuds Max Ultra,Opal Hub; Umber Frame; Silver Stack Layer,Glacier Manufacturing Inc.
Luna Beam Ironwood,Luna Beam,Ironwood Devices Inc.
Ruby Sync Ironwood,Ruby Sync,Ironwood Devices Inc.
Azure Sync Ironwood,Azure Sync,Ironwood Devices Inc.
Argo Flex Ironwood,Argo Flex,Ironwood Devices Inc.
Quartz Flex Ironwood,Quartz Flex,Ironwood Devices Inc.
Citrine Spark Ironwood,Citrine Spark,Ironwood Devices Inc.
Violet Spark Ironwood,Violet Spark,Ironwood Devices Inc.
Violet Arc Ironwood,Violet Arc,Ironwood Devices Inc.
RubySpeaker Air Ultra,Cobalt Vault,Ironwood Devices Inc.
Indigo Vault Ironwood,Indigo Vault,Ironwood Devices Inc.
SilverPhone Plus Plus,Pearl Vector,Cinder Manufacturing Inc.
OrionBook Plus Gen 512GB Dual‑SIM,Graphite Vector,Catalyst Systems Inc.
Topaz Vector Ironwood,Topaz Vector,Ironwood Devices Inc.
RubyNode Max Ultra Edge,Atlas Frame,BlueRiver Technologies Inc.
Teal Layer Ironwood,Teal Layer,Ironwood Devices Inc.
Pulse Core Pulse Ironwood,Pulse Core Pulse,Ironwood Devices Inc.
Sonic Core Mesh Ironwood,Sonic Core Mesh,Ironwood Devices Inc.
Jade Core Frame Ironwood,Jade Core Frame,Ironwood Devices Inc.
Cerulean Core Grid Ironwood,Cerulean Core Grid,Ironwood Devices Inc.
Azure Core Arc Ironwood,Azure Core Arc,Ironwood Devices Inc.
Nimbus Engine Matrix Ironwood,Nimbus Engine Matrix,Ironwood Devices Inc.
QuantaCam SE Ultra Edge,Quartz Engine Drive,BlueRiver Technologies Inc.
Quanta Module Matrix Ironwood,Quanta Module Matrix,Ironwood Devices Inc.
Orion Module Bridge Ironwood,Orion Module Bridge,Ironwood Devices Inc.
Pearl Module Vault Ironwood,Pearl Module Vault,Ironwood Devices Inc.
Sable Module Drive Ironwood,Sable Module Drive,Ironwood Devices Inc.
Magenta Module Sync Ironwood,Magenta Module Sync,Ironwood Devices Inc.
OrionPad Ultra Edge,Echo Stack Vector,Arbor Devices Inc.
Pulse Stack Core Ironwood,Pulse Stack Core,Ironwood Devices Inc.
Silver Stack Layer and Vega Signal Fabric,Silver Stack Layer; Vega Signal Fabric,Glacier Manufacturing Inc.
Mira Fabric Stack Ironwood,Mira Fabric Stack,Ironwood Devices Inc.
DriveCam Edge Edge,Lime Fabric Node,Ironwood Devices Inc.
Sierra matrix Node Ironwood,Sierra Matrix Node,Ironwood Devices Inc.
GoldenSpeaker Pro SE,Echo Pulse Wave,BlueRiver Technologies Inc.
Magenta Pulse Engine Ironwood,Magenta Pulse Engine,Ironwood Devices Inc.
Nimbus Wave Pulse Ironwood,Nimbus Wave Pulse,Ironwood Devices Inc.
Atlas Wave Dock Ironwood,Atlas Wave Dock,Ironwood Devices Inc.
Coda Node Shield Ironwood,Coda Node Shield,Ironwood Devices Inc.
Sable Node Dock Ironwood,Sable Node Dock,Ironwood Devices Inc.
RubyDock Mini SE Air,Azure Node Spark,Ironwood Devices Inc.
Azure Node Spark Ironwood,Azure Node Spark,Ironwood Devices Inc.
Sol Grid Drive Ironwood,Sol Grid Drive,Ironwood Devices Inc.
KairoKey Gen Lite Mini / SummitKey SE Air Plus 64GB Refurbished,Citrine Grid Shield,Catalyst Holdings Inc.
Echo Signal Frame Ironwood,Echo Signal Frame,Ironwood Devices Inc.
Atlas Signal Wave Ironwood,Atlas Signal Wave,Ironwood Devices Inc.
Ruby Shield Pulse Ironwood,Ruby Shield Pulse,Ironwood Devices Inc.
Auric Drive Hub Ironwood,Auric Drive Hub,Ironwood Devices Inc.
HarborCam Edge Pro,Umber Drive Spark,Catalyst Holdings Inc.
Golden Drive Arc Ironwood,Golden Drive Arc,Ironwood Devices Inc.
Silver Core Link SpringboarEK,Silver Core Link,Springboard Components Inc.
Sonic Core Mesh Lighthouse,Sonic Core Mesh,Lighthouse Networks Inc.
Violet Arc Nebula,Violet Arc,Nebula Group Inc.
Echo Pulse 64GB Bundle Astra,Echo Pulse,Astra Works Inc.
Topaz Shield Astra,Topaz Shield,Astra Works Inc.
Delta Engine Spark Astra,Delta Engine Spark,Astra Works Inc.
CoreCase Mini,Cedar Pulse Fabric,Astra Works Inc.
Ruby Shield Pulse Astra,Ruby Shield Pulse,Astra Works Inc.
Cobalt Matrix Pinecone,Cobalt Matrix,Pinecone Holdings Inc.
Indigo Fabric and Beryl Hub,"Indigo Fabric, Beryl Hub",BrightWave Electronics Inc.
Magenta Stack Glacier,Magenta Stack,Glacier Manufacturing Inc.
Magenta Stack Crown,Magenta Stack,Crown Systems Inc.
PearlRouter Pro,Citrine Link,Ironwood Devices Inc.
SyncRouter SE Air Plus and CodaPad Ultra / SilverRouter Pro Max Ultra Edge,Argo Grid Sense,Cinder Manufacturing Inc.
ArgoLink Gen,Sable Node,Skylark Technologies Inc.
SonicLink Gen,Sable Node,Skylark Technologies Inc.
SonicLink Gen / ArgoBook Ultra,Sable Node,Skylark Technologies Inc.
NimbusStand Mini Ultra Edge / EchoDrive Edge,Golden Drive,Ironwood Devices Inc.
SolBook SE Max / SyncCharge Gen,Slate Mesh,Ironwood Devices Inc.
RubySpeaker Air Ultra / AuroraKey Edge Max,Cobalt Vault,Ironwood Devices Inc.
AuroraKey Edge Max / RubySpeaker Air Ultra,Cobalt Vault,Skylark Technologies Inc.
OnyxDock SE,Auric Frame,Skylark Technologies Inc.
Cobalt Matrix Sunpeak,Cobalt Matrix,Sunpeak Devices Inc.
Zen Pulse BrightWave,Zen Pulse,BrightWave Electronics Inc.
Maple Node BrightWave,Maple Node,BrightWave Electronics Inc.
CobaltLink Plus Gen and SummitCam Ultra Max and CodaPad Ultra,Opal Hub; Umber Frame; Silver Stack Layer,Glacier Manufacturing Inc.
FlexBuds SE SE Air,Umbral Sense,BrightWave Electronics Inc.
Lime Mesh BrightWave,Lime Mesh,BrightWave Electronics Inc.
CobaltLink Plus Gen and SummitCam Ultra Max and JadeBuds Max Ultra,Opal Hub and Umber Frame and Silver Stack Layer,Glacier Manufacturing Inc.
Aero Flex BrightWave,Aero Flex,BrightWave Electronics Inc.
Onyx Vault BrightWave,Onyx Vault,BrightWave Electronics Inc.
JadeLink Max Gen,Helio Module Vector,BrightWave Electronics Inc.
SparkKey Ultra Gen,Quartz Fabric Kernel,BrightWave Electronics Inc.
Nova Link Grid BrightWave,Nova Link Grid,BrightWave Electronics Inc.
Cerulean Pulse Sense BrightWave,Cerulean Pulse Sense,BrightWave Electronics Inc.
Nova Signal Vector BrightWave,Nova Signal Vector,BrightWave Electronics Inc.
Azure Dock EchoLabs,Azure Dock,EchoLabs Holdings Inc.
Azure Dock Northwind,Azure Dock,Northwind Labs Inc.
Frost Link Saffron,Frost Link,Saffron Systems Inc.
VectorCharge Air,Quanta Layer,Aurora Systems Inc.
HarborBuds SE Pro Max,Echo Engine,Aurora Systems Inc.
LumenBuds Ultra Edge,Kairo Pulse,Aurora Systems Inc.
Ruby Grid Summit,Ruby Grid,Summit Labs Inc.
QuantaBuds Plus SE,Argo Signal,Aurora Systems Inc.
HelioStand Ultra,Onyx Signal,Aurora Systems Inc.
Beryl Sense Summit,Beryl Sense,Summit Labs Inc.
SenseBeam SE,Beryl Hub and Topaz Sync,Summit Labs Inc.
AuroraDock Air SE,Mira Sync,Summit Labs Inc.
SilverLink Mini SE Air / GraphiteLink Air Plus Pro / SilverCase Edge Gen 128GB Starter Kit / CopperCase Ultra Edge 512GB Refurbished,Atlas Sync,Zenith Components Inc.
QuantaNode Gen Lite 512GB Starter Kit/EchoPhone 512GB Dual‑SIM,Atlas Sync & Vega Flow,Highland Holdings Inc.
QuantaNode Gen Lite 512GB Starter Kit/EchoPhone 512GB Dual‑SIM,Atlas Sync + Vega Flow,Highland Holdings Inc.
SyncNode Mini / FlexNode Mini,Kairo Sync,RedStone Networks Inc.
QuartzBeam,Cinder Sync,Summit Labs Inc.
CodaNode SE,Topaz Sync,Summit Labs Inc.
VegaWatch Gen Lite,Sable Sync,Aurora Systems Inc.
AuroraBook SE,Aero Spark,Zenith Components Inc.
Delta Fabric Drive Summit,Delta Fabric Drive,Summit Labs Inc.
AstraLink Edge Gen,Orion Kernel Arc,Summit Labs Inc.
AstraLink Edge Gen / LumenLink Edge Lite,Orion Kernel Arc,Summit Labs Inc.
SenseSpeaker Ultra SE,Lyra Kernel Vault,Highland Holdings Inc.
UmberCharge Mini Gen,Sierra Bridge Matrix,Aurora Systems Inc.
Luna Link Node Summit,Luna Link Node,Summit Labs Inc.
UmberBuds Gen,Saffron Link Signal,Highland Holdings Inc.
BridgeDock Gen,Atlas Wave Dock,Summit Labs Inc.
OnyxBook Plus Mini / CobaltBuds Ultra Lite,Sol Stack Node,Mosaic Components Inc.
OnyxBook Plus Mini / CobaltBuds Ultra Lite,Sol Stack Node,Mosaic Components Inc.
SilverLink Mini SE Air / GraphiteLink Air Plus Pro / SilverCase Edge Gen 128GB Starter Kit / CopperCase Ultra Edge 512GB Refurbished,Atlas Sync,Zenith Components Inc.
Silver Vault Sunpeak,Silver Vault,Sunpeak Systems Inc.
JadeBuds Max Ultra and QuantaRouter,Umber Core; Opal Hub,BrightWave Technologies Inc.
MintRouter SE Gen,Helio Flow,BlueRiver Works Inc.
MiraCharge Gen,Cedar Mesh,BlueRiver Technologies Inc.
Argo Dock Starlight,Argo Dock,Starlight Devices Inc.
Azure Grid Beam Nightfall,Azure Grid Beam,Nightfall Electronics Inc.
SlateDrive Mini 1TB Starter Kit,Mira Bridge,Stonebridge Components Inc.
GlacierBeam Edge 1TB Bundle,Ruby Drive,Catalyst Systems Inc.
SlateBeam Mini Plus Pro 256GB Bundle,Delta Dock,Stonebridge Components Inc.
GlacierStand Gen Lite,Saffron Grid Engine,Photon Networks Inc.
PearlCase SE,Cobalt Grid,EchoLabs Group Inc.
NimbusBeam Plus Ultra,Kairo Layer,Northwind Works Inc.
JadeCam Mini / SparkLink Max / LumenBuds Pro / SonicCam Mini Mini SE / TealBuds Plus / CopperBuds Plus,Aero Link,Meadow Manufacturing Inc.
JadeCam Mini / SparkLink Max / LumenBuds Pro / TealBuds Plus / CopperBuds Plus,Aero Link,Meadow Manufacturing Inc.
JadeCam Mini / SparkLink Max / LumenBuds Pro / SonicCam Mini Mini SE / TealBuds Plus / CopperBuds Plus,Aero Link,Meadow Manufacturing Inc.
JadeCam Mini / LumenBuds Pro / TealBuds Plus,Aero Link,Meadow Manufacturing Inc.
JadeCam Mini / LumenBuds Pro / TealBuds Plus,Aero Link,Meadow Manufacturing Inc.
JadeCam Mini / LumenBuds Pro / TealBuds Plus / CopperBuds Plus,Aero Link,Meadow Manufacturing Inc.
JadeCam Mini / LumenBuds Pro / SonicCam Mini Mini SE / TealBuds Plus / CopperBuds Plus,Aero Link,Meadow Manufacturing Inc.
Terra Stack Cinder,Terra Stack,Cinder Networks Inc.
Slate Fabric Cinder,Slate Fabric,Cinder Networks Inc.
Umbral Drive Cinder,Umbral Drive,Cinder Networks Inc.
Sol Sense Cinder,Sol Sense,Cinder Networks Inc.
Magenta Bridge Bridge Cinder,Magenta Bridge Bridge,Cinder Networks Inc.
Citrine Node Mesh Catalyst,Citrine Node Mesh,Catalyst Group Inc.
Coda Matrix Engine SilverLine,Coda Matrix Engine,SilverLine Holdings Inc.
Coral Signal Skyforge,Coral Signal,Skyforge Labs Inc.
Beryl Hub Aurora,Beryl Hub,Aurora Industries Inc.
Magenta Kernel and Onyx Spark,Magenta Kernel & Onyx Spark,GoldenGate Electronics Inc.
Jade Flex Riverstone,Jade Flex,Riverstone Manufacturing Inc.
Umbral Vector Riverstone,Umbral Vector,Riverstone Manufacturing Inc.
Jade Grid Harbor,Jade Grid,Harbor Systems Inc.
GraphiteCam Plus Air and SummitLink Edge,Lyra Frame,Arbor Holdings Inc.
MiraCharge Gen,Cedar Mesh,BlueRiver Technologies Inc.
Atlas Fabric Kernel Harbor,Atlas Fabric Kernel,Harbor Systems Inc.
Frost Pulse 1TB Refurbished Atlas,Frost Pulse,Atlas Technologies Inc.
CobaltLink Mini and LumenDock Pro Air,Nova Core Matrix,Arbor Devices Inc.
Atlas Fabric Kernel RedStone,Atlas Fabric Kernel,RedStone Electronics Inc.
Coral Matrix Wave RedStone,Coral Matrix Wave,RedStone Electronics Inc.
Jade Grid Evergreen,Jade Grid,Evergreen Components Inc.
Magenta Grid Evergreen,Magenta Grid,Evergreen Components Inc.
Delta Shield Evergreen,Delta Shield,Evergreen Components Inc.
MiraCharge Gen,Cedar Mesh,BlueRiver Technologies Inc.
Frost Edge Evergreen,Frost Edge,Evergreen Components Inc.
Beryl Hub Evergreen,Beryl Hub,Evergreen Components Inc.
Pearl Flex Evergreen,Pearl Flex,Evergreen Components Inc.
Sierra Spark Evergreen,Sierra Spark,Evergreen Components Inc.
Astra Vault Evergreen,Astra Vault,Evergreen Components Inc.
DriveSpeaker Air Gen,Auric Vault,Copperline Holdings Inc.
Lyra Frame Evergreen,Lyra Frame,Evergreen Components Inc.
Nova Core Matrix Evergreen,Nova Core Matrix,Evergreen Components Inc.
Atlas Fabric Kernel Clearwater,Atlas Fabric Kernel,Clearwater Networks Inc.
Lime Kernel Matrix Evergreen,Lime Kernel Matrix,Evergreen Components Inc.
Terra Pulse Kernel Evergreen,Terra Pulse Kernel,Evergreen Components Inc.
Azure Signal Edge Clearwater,Azure Signal Edge,Clearwater Networks Inc.
Pulse Stack Core Highland,Pulse Stack Core,Highland Group Inc.
Jade Grid Summit,Jade Grid,Summit Works Inc.
Frost Edge NovaWorks,Frost Edge,NovaWorks Holdings Inc.
Frost Edge BlueRiver,Frost Edge,BlueRiver Labs Inc.
Pulse Kernel Ironwood,Pulse Kernel,Ironwood Industries Inc.
Quartz Bridge Windmill,Quartz Bridge,Windmill Manufacturing Inc.
Orion Frame Windmill,Orion Frame,Windmill Manufacturing Inc.
Orion Frame SpringboarIE,Orion Frame,Springboard Systems Inc.
Umber Kernel Hub Lighthouse,Umber Kernel Hub,Lighthouse Technologies Inc.
CatalystStand Air / OrionWatch Gen Mini 256GB Dual‑SIM / GoldenHub Edge Mini / BridgeStand Air 1TB Refurbished / HelioDrive Lite 64GB Starter Kit / BeamSpeaker Mini Lite 1TB Dual‑SIM / VectorStand Air 128GB Starter Kit / ZenithWatch Gen Mini / GoldenBuds Gen Lite Mini 128GB Starter Kit / TopazNode Mini Mini SE / PhotonKey Lite / OrionBuds Lite / JadeSpeaker Edge / EdgeSpeaker Mini Mini / SenseCam Edge Gen / NimbusSpeaker SE SE Air 256GB Starter Kit,Luna Vector,BrightWave Manufacturing Inc.
CatalystStand Air / OrionWatch Gen Mini 256GB Dual‑SIM / GoldenHub Edge Mini / BridgeStand Air 1TB Refurbished / HelioDrive Lite 64GB Starter Kit / BeamSpeaker Mini Lite 1TB Dual‑SIM / VectorStand Air 128GB Starter Kit / ZenithWatch Gen Mini / OpalNode Mini Mini SE / GoldenBuds Gen Lite Mini 128GB Starter Kit / TopazNode Mini Mini SE / JadeSpeaker Edge / EdgeSpeaker Mini Mini / SenseCam Edge Gen / NimbusSpeaker SE SE Air 256GB Starter Kit,Luna Vector,BrightWave Manufacturing Inc.
CatalystStand Air / OrionWatch Gen Mini 256GB Dual‑SIM / GoldenHub Edge Mini / BridgeStand Air 1TB Refurbished / HelioDrive Lite 64GB Starter Kit / BeamSpeaker Mini Lite 1TB Dual‑SIM / VectorStand Air 128GB Starter Kit / ZenithWatch Gen Mini / OpalNode Mini Mini SE / GoldenBuds Gen Lite Mini 128GB Starter Kit / TopazNode Mini Mini SE / OrionBuds Lite / JadeSpeaker Edge / EdgeSpeaker Mini Mini / SenseCam Edge Gen / NimbusSpeaker SE SE Air 256GB Starter Kit,Luna Vector,BrightWave Manufacturing Inc.
CatalystStand Air / OrionWatch Gen Mini 256GB Dual‑SIM / GoldenHub Edge Mini / BridgeStand Air 1TB Refurbished / HelioDrive Lite 64GB Starter Kit / BeamSpeaker Mini Lite 1TB Dual‑SIM / VectorStand Air 128GB Starter Kit / ZenithWatch Gen Mini / OpalNode Mini Mini SE / GoldenBuds Gen Lite Mini 128GB Starter Kit / TopazNode Mini Mini SE / PhotonKey Lite / OrionBuds Lite / JadeSpeaker Edge / EdgeSpeaker Mini Mini / SenseCam Edge Gen / NimbusSpeaker SE SE Air 256GB Starter Kit,Luna Vector,BrightWave Manufacturing Inc.
PearlBook SE,Coral Flow,Starlight Systems Inc.
VectorBook Edge,Quartz Bridge,Stonebridge Devices Inc.
SilverCam Lite,Maple Pulse,Nightfall Technologies Inc.
CodaSpeaker SE Ultra Edge,Copper Spark,Nightfall Technologies Inc.
SyncStand Gen,Sol Edge,EchoLabs Components Inc.
RubyBeam Air,Pulse Beam,Northwind Networks Inc.
OrionBeam,Copper Matrix,Riverstone Works Inc.
FlexWatch Max Mini,Pearl Shield,Seabird Works Inc.
TopazRouter Air Plus Pro,Mira Grid Wave,Meadow Electronics Inc.
PearlBeam Pro Max Ultra Edge,Cinder Signal Drive,Glacier Manufacturing Inc.
QuartzPad Plus Lite,Silver Stack and Cinder Grid,Saffron Holdings Inc.
SenseCharge Edge Max,Copper Stack,Arbor Industries Inc.
CatalystLink Pro Max,Aero Fabric,Saffron Holdings Inc.
AtlasCase Mini / AtlasDock Ultra SE,Quartz Hub & Luna Fabric Flex,GoldenGate Technologies Inc.
AtlasDock Ultra SE,Quartz Hub + Luna Fabric Flex,Saffron Holdings Inc.
SenseWatch Plus Mini,Violet Vector,Saffron Holdings Inc.
EdgeLink SE Lite / CobaltDock Mini,Cerulean Engine,Meadow Labs Inc.
SenseCharge Edge Max / EchoStand SE,Copper Stack,Arbor Industries Inc.
AtlasCase Mini / AtlasDock Ultra SE,Quartz Hub and Luna Fabric Flex,GoldenGate Technologies Inc.
AtlasCase Mini / AtlasDock Ultra SE 256GB Refurbished / SilverBuds Edge Gen,Quartz Hub and Luna Fabric Flex,GoldenGate Technologies Inc.
AtlasCase Mini / AtlasDock Ultra SE 256GB Refurbished / SilverBuds Edge Gen,Quartz Hub & Luna Fabric Flex,GoldenGate Technologies Inc.
HelioStand Air Pro,Citrine Pulse,Copperline Devices Inc.
PhotonHub Max,Pearl Signal,Cinder Electronics Inc.
PhotonDrive Lite / SummitKey Air Ultra,Luna Vector,Skyforge Works Inc.
UmberCam Mini / JadeCam Mini / SenseBeam Plus Max / SlateCharge SE Lite,Frost Flow & Sable Fabric Pulse,Aurora Holdings Inc.
Cerulean Vault Highland,Cerulean Vault,Highland Components Inc.
SlatePad Pro Pro,Nova Edge,Skylark Manufacturing Inc.
ArgoDock SE Lite Mini,Coda Flow,Skylark Manufacturing Inc.
EchoBeam Ultra,Auric Signal,Ironwood Holdings Inc.
VectorPhone Air Mini / LumenStand Mini Plus Pro,Luna Kernel and Citrine Shield,Windmill Labs Inc.
LumenStand Mini Plus Pro,Luna Kernel + Citrine Shield,Windmill Labs Inc.
Copper Spark Windmill,Copper Spark,Windmill Labs Inc.
AuroraDrive Pro Max Ultra,Quartz Module Grid,Windmill Labs Inc.
AzureHub Lite Mini SE Air,Vega Flex,Nightfall Labs Inc.
NovaLink SE,Cobalt Kernel,Stonebridge Systems Inc.
CoreSpeaker Pro Plus,Topaz Engine Signal,Nightfall Labs Inc.
GraphiteStand Mini Air Plus,Quartz Shield Bridge,Nightfall Labs Inc.
Cerulean Arc Northwind,Cerulean Arc,Northwind Electronics Inc.
Coda Module Wave Northwind,Coda Module Wave,Northwind Electronics Inc.
"SenseBook Plus, SparkDock and OrionWatch Plus",Indigo Core; Lyra Kernel; Sierra Kernel,BlueRiver Technologies Inc.
Coda Fabric Fabric Arbor,Coda Fabric Fabric,Arbor Holdings Inc.
QuantaPad Ultra Max and SenseBeam Lite Pro,Astra Stack Frame + Cedar Wave Engine,Astra Electronics Inc.
QuantaPad Ultra Max and SenseBeam Lite Pro,Astra Stack Frame and Cedar Wave Engine,Astra Electronics Inc.
MintSpeaker Edge,Nova Engine Module,Lumen Electronics Inc.
Terra Flex SilverLine,Terra Flex,SilverLine Components Inc.
Mint Kernel Kernel SilverLine,Mint Kernel Kernel,SilverLine Components Inc.
Aero Vector Skyforge,Aero Vector,Skyforge Networks Inc.
Helio Link Wave Aurora,Helio Link Wave,Aurora Group Inc.
SaffronDock,Golden Sense,Riverstone Works Inc.
Maple Matrix Harbor,Maple Matrix,Harbor Holdings Inc.
SolCam Gen,Cedar Bridge,Zenith Industries Inc.
PulseBuds Plus Mini,Copper Flow,NovaWorks Components Inc.
CitrineSpeaker Air Max,Cobalt Vault,RedStone Manufacturing Inc.
VectorBuds Mini Mini,Sonic Vault,Highland Components Inc.
Auric Frame NovaWorks,Auric Frame,NovaWorks Components Inc.
TealPad Air Plus Pro,Ivory Node Node,NovaWorks Components Inc.
NebulaLink Mini SE,Maple Beam,BlueRiver Networks Inc.
DriveLink Pro Max Ultra Edge,Golden Wave Wave,Lighthouse Labs Inc.
Mint Core Astra,Mint Core,Astra Manufacturing Inc.
Umbral Engine Astra,Umbral Engine,Astra Manufacturing Inc.
VectorCharge Mini,Aero Module,Astra Manufacturing Inc.
Mira Stack Astra,Mira Stack,Astra Manufacturing Inc.
Opal Grid Astra,Opal Grid,Astra Manufacturing Inc.
Mint Grid Astra,Mint Grid,Astra Manufacturing Inc.
Mira Mesh Astra,Mira Mesh,Astra Manufacturing Inc.
Indigo Dock Astra,Indigo Dock,Astra Manufacturing Inc.
PearlPhone Mini Max Ultra,Indigo Dock,Astra Manufacturing Inc.
SparkDock SE Pro / BeamDock SE Ultra,Umbral Spark,Nebula Industries Inc.
Umbral Spark Nebula,Umbral Spark,Nebula Industries Inc.
Topaz Fabric Fabric Astra,Topaz Fabric Fabric,Astra Manufacturing Inc.
Citrine Link Arc Astra,Citrine Link Arc,Astra Manufacturing Inc.
Ivory Core Pinecone,Ivory Core,Pinecone Systems Inc.
Jade Flex Sunpeak,Jade Flex,Sunpeak Group Inc.
CatalystWatch Plus Lite,Ivory Spark,BrightWave Works Inc.
Ruby Wave Starlight,Ruby Wave,Starlight Holdings Inc.
SlateRouter Plus,Frost Sense,Lighthouse Manufacturing Inc.
CopperWatch Air / GraphiteDrive Lite / PearlPad Air Plus / CrownWatch Air Lite / CatalystDrive Lite / HelioCase Lite and ArgoSpeaker Gen Edge / SummitKey Air Ultra / EdgeBeam Lite / EdgeSpeaker Lite / PhotonPhone Mini SE Air and PulsePad Mini Max Ultra / TopazSpeaker Air and GoldenBook Mini Mini / ArgoRouter Edge / AuroraLink Mini Edge / SlateStand Max / HelioCase Lite and VegaSpeaker Gen Ultra / CrimsonSpeaker Mini SE / GoldenSpeaker Gen Pro / PhotonPhone Mini SE Air and CodaPad Mini Pro Max,Luna Vector,Crown Group Inc.
CopperWatch Air / GraphiteDrive Lite / PearlPad Air Plus / CrownWatch Air Lite / CatalystDrive Lite / HelioCase Lite and ArgoSpeaker Gen Edge / SummitKey Air Ultra / EdgeBeam Lite / EdgeSpeaker Lite / PhotonPhone Mini SE Air and PulsePad Mini Max Ultra / TopazSpeaker Air and GoldenBook Mini Mini / ArgoRouter Edge / AuroraLink Mini Edge / HelioCase Lite and VegaSpeaker Gen Ultra / CrimsonSpeaker Mini SE / GoldenSpeaker Gen Pro / PhotonPhone Mini SE Air and CodaPad Mini Pro Max,Luna Vector,Crown Group Inc.
LumenRouter Max / SignalNode Mini Gen / ArgoCharge Lite Mini SE Air / LumenCam Pro / AzureWatch Air / LyraRouter Edge / TopazKey Gen and KairoWatch Lite Mini SE Air 64GB Refurbished / SenseBook Ultra / CrimsonDock Edge / CatalystNode Mini Max / JadeSpeaker Gen SE / SyncSpeaker Lite / HarborStand Edge Lite 512GB Refurbished / UmberSpeaker Gen Gen 256GB Dual‑SIM / LyraCase Plus / OpalCase Plus / WaveBeam Mini Ultra Edge / OrionRouter Max / IndigoWatch Air / HarborKey Edge Gen / TealSpeaker Mini / NebulaCam Pro 512GB Bundle / ArgoSpeaker Lite / WaveLink Max / BeamBook Air Edge / CobaltSpeaker Gen Gen 128GB Dual‑SIM / PearlBook Ultra / PhotonPhone Mini SE Air and CatalystPhone Mini Air Plus 128GB Dual‑SIM,Terra Grid,Stonebridge Systems Inc.
LumenRouter Max / SignalNode Mini Gen / ArgoCharge Lite Mini SE Air / LumenCam Pro / AzureWatch Air / LyraRouter Edge / TopazKey Gen and KairoWatch Lite Mini SE Air 64GB Refurbished / SenseBook Ultra / CrimsonDock Edge / CatalystNode Mini Max / JadeSpeaker Gen SE / SyncSpeaker Lite / HarborStand Edge Lite 512GB Refurbished / UmberSpeaker Gen Gen 256GB Dual‑SIM / LyraCase Plus / OpalCase Plus / WaveBeam Mini Ultra Edge / OrionRouter Max / IndigoWatch Air / HarborKey Edge Gen / TealSpeaker Mini / NebulaCam Pro 512GB Bundle / ArgoSpeaker Lite / WaveLink Max / BeamBook Air Edge / CobaltSpeaker Gen Gen 128GB Dual‑SIM / PearlBook Ultra / PhotonPhone Mini SE Air and CatalystPhone Mini Air Plus 128GB Dual‑SIM,Terra Grid,Stonebridge Systems Inc.
LumenPhone SE Mini SE / OrionPhone SE Mini SE / ZenithPhone SE SE Air,Lime Bridge,Seabird Electronics Inc.
SparkKey Ultra Gen,Quartz Fabric Kernel,BrightWave Electronics Inc.
SonicWatch Edge Air,Cobalt Matrix Signal,Arbor Devices Inc.
SparkKey Ultra Gen,Quartz Fabric Kernel,BrightWave Electronics Inc.
Saffron Stack Vector 64GB Dual‑SIM Orion,Saffron Stack Vector,Orion Works Inc.
Vega Beam Mosaic,Vega Beam,Mosaic Holdings Inc.
Teal Module GoldenGate,Teal Module,GoldenGate Labs Inc.
AuroraPad Air,Echo Fabric,Arbor Devices Inc.
Topaz Link GoldenGate,Topaz Link,GoldenGate Labs Inc.
Umber Sync GoldenGate,Umber Sync,GoldenGate Labs Inc.
Coral Matrix Wave GoldenGate,Coral Matrix Wave,GoldenGate Labs Inc.
TerraHub Mini Gen Lite,Nimbus Shield Vector,Arbor Devices Inc.
Ruby Shield Pulse GoldenGate,Ruby Shield Pulse,GoldenGate Labs Inc.
Astra Module Cinder,Astra Module,Cinder Manufacturing Inc.
GraphiteStand,Ruby Core,Catalyst Systems Inc.
LumenDock Pro Air and OnyxLink Mini and CrimsonBuds Mini SE,Beryl Hub & Nova Core Matrix,Catalyst Systems Inc.
Cobalt Matrix Catalyst,Cobalt Matrix,Catalyst Systems Inc.
Copper Link Catalyst,Copper Link,Catalyst Systems Inc.
SilverPhone Ultra,Silver Node,Catalyst Systems Inc.
QuantaDrive Ultra Max and CobaltBook Ultra 128GB Starter Kit,Terra Grid and Umber Fabric Arc,EchoLabs Systems Inc.
Kairo Grid Catalyst,Kairo Grid,Catalyst Systems Inc.
Jade Grid Catalyst,Jade Grid,Catalyst Systems Inc.
HarborLink Ultra,Coda Signal,Catalyst Systems Inc.
Coral Signal Catalyst,Coral Signal,Catalyst Systems Inc.
Sable Shield Catalyst,Sable Shield,Catalyst Systems Inc.
Nova Drive Catalyst,Nova Drive,Catalyst Systems Inc.
Coral Edge Catalyst,Coral Edge,Catalyst Systems Inc.
Jade Edge Catalyst,Jade Edge,Catalyst Systems Inc.
Onyx Edge Catalyst,Onyx Edge,Catalyst Systems Inc.
IndigoPhone Lite / AzurePhone Lite,Copper Edge,Catalyst Systems Inc.
AtlasDrive Lite,Silver Dock,BlueRiver Works Inc.
Umber Sync Catalyst,Umber Sync,Catalyst Systems Inc.
Coda Spark Catalyst,Coda Spark,Catalyst Systems Inc.
Opal Spark Catalyst,Opal Spark,Catalyst Systems Inc.
Silver Flow Catalyst,Silver Flow,Catalyst Systems Inc.
Cerulean Arc Catalyst,Cerulean Arc,Catalyst Systems Inc.
Mira Vault Catalyst,Mira Vault,Catalyst Systems Inc.
QuantaWatch Plus Edge,Quartz Vector,Astra Works Inc.
Cedar Core Core Catalyst,Cedar Core Core,Catalyst Systems Inc.
Opal Stack Link Catalyst,Opal Stack Link,Catalyst Systems Inc.
Sierra Node Spark Catalyst,Sierra Node Spark,Catalyst Systems Inc.
Sol Grid Drive Catalyst,Sol Grid Drive,Catalyst Systems Inc.
Jade Grid Spark Catalyst,Jade Grid Spark,Catalyst Systems Inc.
Kairo Signal Node Catalyst,Kairo Signal Node,Catalyst Systems Inc.
Aero Shield Beam Catalyst,Aero Shield Beam,Catalyst Systems Inc.
Pulse Kernel Lumen,Pulse Kernel,Lumen Technologies Inc.
Opal Stack Link Lumen,Opal Stack Link,Lumen Technologies Inc.
Sol Wave SilverLine,Sol Wave,SilverLine Devices Inc.
Sierra Node Spark Skyforge,Sierra Node Spark,Skyforge Electronics Inc.
QuantaDrive Ultra Max and CobaltBook Ultra 128GB Starter Kit / CodaDrive Ultra Plus,Terra Grid; Umber Fabric Arc,EchoLabs Systems Inc.
TerraPhone Lite,Auric Edge,Photon Technologies Inc.
Orion Fabric Atlas,Orion Fabric,Atlas Works Inc.
Ruby Node Zenith,Ruby Node,Zenith Holdings Inc.
LyraBuds Max,Golden Pulse,Highland Systems Inc.
NovaHub Edge Lite,Frost Fabric,Evergreen Holdings Inc.
NovaHub Edge Lite / NovaHub Edge Lite 128GB Bundle,Frost Fabric,Evergreen Holdings Inc.
SilverStand Mini Mini SE,Violet Core Vault,Springboard Group Inc.
MintStand Gen Plus 64GB Refurbished,Umber Link Shield,Arbor Devices Inc.
MiraDrive Mini 64GB Starter Kit,Orion Module,BrightWave Labs Inc.
Sol Beam Astra,Sol Beam,Astra Labs Inc.
Sierra Spark Pinecone,Sierra Spark,Pinecone Industries Inc.
Sonic Wave Mountain,Sonic Wave,Mountain Systems Inc.
Sonic Grid 1TB Bundle Mountain,Sonic Grid,Mountain Systems Inc.
UmberDock Pro Pro,Pulse Core Pulse,Quantum Manufacturing Inc.
Nova Bridge Glacier,Nova Bridge,Glacier Technologies Inc.
Maple Grid Glacier,Maple Grid,Glacier Technologies Inc.
Coda Node Shield Glacier,Coda Node Shield,Glacier Technologies Inc.
Vega Beam Crown,Vega Beam,Crown Devices Inc.
NebulaRouter Max / QuartzCase Pro Gen,Graphite Core Wave,Catalyst Industries Inc.
Argo Kernel Sunpeak,Argo Kernel,Sunpeak Components Inc.
Pulse Pulse BrightWave,Pulse Pulse,BrightWave Networks Inc.
Pulse Pulse and Teal Grid Hub,Pulse Pulse; Teal Grid Hub,BrightWave Networks Inc.
Golden Drive BrightWave,Golden Drive,BrightWave Networks Inc.
Silver Vault BrightWave,Silver Vault,BrightWave Networks Inc.
Umber Frame BrightWave,Umber Frame,BrightWave Networks Inc.
Cobalt Wave Frame BrightWave,Cobalt Wave Frame,BrightWave Networks Inc.
Kairo Grid Starlight,Kairo Grid,Starlight Group Inc.
Kairo Grid Nightfall,Kairo Grid,Nightfall Works Inc.
Umber Frame StonebridgHG,Umber Frame,Stonebridge Holdings Inc.
Aero Kernel Photon,Aero Kernel,Photon Labs Inc.
Slate Kernel and Beryl Hub,Slate Kernel & Beryl Hub,Arbor Devices Inc.
Coda Pulse Photon,Coda Pulse,Photon Labs Inc.
Atlas Pulse Photon,Atlas Pulse,Photon Labs Inc.
ZenithCam Edge,Copper Shield,GoldenGate Technologies Inc.
Zen Edge Photon,Zen Edge,Photon Labs Inc.
Sol Edge Photon,Sol Edge,Photon Labs Inc.
SummitRouter SE Mini and CrimsonBuds Mini SE,Beryl Hub and Magenta Spark,Arbor Components Inc.
CodaPhone Mini SE Air and CrimsonBuds Mini SE,Beryl Hub and Lime Wave Spark,Arbor Components Inc.
Mira Vault Photon,Mira Vault,Photon Labs Inc.
HelioCharge Max SE,Saffron Engine Stack,Aurora Components Inc.
Nova Stack Vault Photon,Nova Stack Vault,Photon Labs Inc.
Opal Stack Link Photon,Opal Stack Link,Photon Labs Inc.
Terra Stack Northwind,Terra Stack,Northwind Manufacturing Inc.
Indigo Fabric EchoLabs,Indigo Fabric,EchoLabs Industries Inc.
Atlas Wave Northwind,Atlas Wave,Northwind Manufacturing Inc.
Pulse Dock Northwind,Pulse Dock,Northwind Manufacturing Inc.
Beryl Hub Northwind,Beryl Hub,Northwind Manufacturing Inc.
Topaz Sync Northwind,Topaz Sync,Northwind Manufacturing Inc.
Sierra Spark EchoLabs,Sierra Spark,EchoLabs Industries Inc.
Magenta Spark EchoLabs,Magenta Spark,EchoLabs Industries Inc.
Kairo Layer Northwind,Kairo Layer,Northwind Manufacturing Inc.
Opal Module Node Northwind,Opal Module Node,Northwind Manufacturing Inc.
Aero Matrix Mesh Northwind,Aero Matrix Mesh,Northwind Manufacturing Inc.
Teal Wave Arc Northwind,Teal Wave Arc,Northwind Manufacturing Inc.
Citrine Node Mesh Northwind,Citrine Node Mesh,Northwind Manufacturing Inc.
Ruby Shield Pulse Northwind,Ruby Shield Pulse,Northwind Manufacturing Inc.
Pulse Kernel DeepField,Pulse Kernel,DeepField Systems Inc.
Sonic Signal DeepField,Sonic Signal,DeepField Systems Inc.
Maple Drive DeepField,Maple Drive,DeepField Systems Inc.
SummitLink Edge,Pearl Drive,Arbor Devices Inc.
Coral Sense DeepField,Coral Sense,DeepField Systems Inc.
Frost Module Seabird,Frost Module,Seabird Technologies Inc.
Sierra Matrix Seabird,Sierra Matrix,Seabird Technologies Inc.
Mint Kernel Seabird,Mint Kernel,Seabird Technologies Inc.
Maple Grid Seabird,Maple Grid,Seabird Technologies Inc.
Magenta Grid Seabird,Magenta Grid,Seabird Technologies Inc.
AzureCase Ultra,Jade Signal,Clearwater Labs Inc.
Delta Shield Seabird,Delta Shield,Seabird Technologies Inc.
Cedar Sense Seabird,Cedar Sense,Seabird Technologies Inc.
Teal Sense Seabird,Teal Sense,Seabird Technologies Inc.
Argo Dock Seabird,Argo Dock,Seabird Technologies Inc.
SyncBeam Max Ultra and CrimsonBuds Mini SE,Beryl Hub + Topaz Sync,Arbor Components Inc.
CrownLink SE Lite and CrimsonBuds Mini SE,Beryl Hub and Coral Flow,Arbor Devices Inc.
LumenDock Pro Air and CrimsonBuds Mini SE,"Beryl Hub, Nova Core Matrix",Catalyst Systems Inc.
OnyxWatch Mini Ultra Edge and CrimsonBuds Mini SE,Beryl Hub & Azure Signal Edge,Arbor Devices Inc.
Sierra Spark Seabird,Sierra Spark,Seabird Technologies Inc.
Coral Flow Seabird,Coral Flow,Seabird Technologies Inc.
Frost Frame Seabird,Frost Frame,Seabird Technologies Inc.
HelioCharge Max SE,Saffron Engine Stack,Aurora Components Inc.
JadeLink Max Gen,Helio Module Vector,BrightWave Electronics Inc.
Atlas Fabric Kernel Seabird,Atlas Fabric Kernel,Seabird Technologies Inc.
VectorPhone Edge Mini,Terra Matrix Edge,Arbor Devices Inc.
WavePhone Edge Ultra,Helio Matrix Dock,Nebula Industries Inc.
Pearl Kernel Drive Seabird,Pearl Kernel Drive,Seabird Technologies Inc.
Sierra matrix Node Seabird,Sierra Matrix Node,Seabird Technologies Inc.
Quartz Kernel Core Seabird,Quartz Kernel Core,Seabird Technologies Inc.
Citrine Kernel Engine Saffron,Citrine Kernel Engine,Saffron Devices Inc.
Terra Wave Stack Seabird,Terra Wave Stack,Seabird Technologies Inc.
Lime Wave Spark Seabird,Lime Wave Spark,Seabird Technologies Inc.
ZenithKey Ultra Edge Gen,Beryl Grid Wave,Seabird Technologies Inc.
Azure Signal Edge Seabird,Azure Signal Edge,Seabird Technologies Inc.
PhotonSpeaker Edge,Sierra Drive,Arbor Devices Inc.
SummitCharge Pro,Citrine Link,Arbor Components Inc.
Astra Vault Orion,Astra Vault,Orion Networks Inc.
Nova Core Matrix Orion,Nova Core Matrix,Orion Networks Inc.
Copper Kernel Spark Orion,Copper Kernel Spark,Orion Networks Inc.
Kairo Grid Mosaic,Kairo Grid,Mosaic Group Inc.
Mira Signal Mosaic,Mira Signal,Mosaic Group Inc.
Violet Spark Mosaic,Violet Spark,Mosaic Group Inc.
Cobalt Vault Mosaic,Cobalt Vault,Mosaic Group Inc.
HarborBeam Mini Edge Gen,Zen Grid,GoldenGate Works Inc.
OnyxWatch Plus Mini,Argo Kernel Stack,Copperline Holdings Inc.
Ember Link Cinder,Ember Link,Cinder Labs Inc.
NebulaRouter Max / QuartzCase Pro Gen,Graphite Core Wave,Catalyst Industries Inc.
Indigo Core Lumen,Indigo Core,Lumen Manufacturing Inc.
SenseBook,Sol Engine and Mira Link,SilverLine Systems Inc.
NebulaKey Max Mini,Mira Link,SilverLine Systems Inc.
EchoBuds,Mira Link; Violet Sync,SilverLine Systems Inc.
NovaBuds,"Maple Sync, Violet Sync",SilverLine Systems Inc.
NebulaKey Max Mini,Mira Link,SilverLine Systems Inc.
Maple Matrix Aurora,Maple Matrix,Aurora Devices Inc.
Graphite Core Riverstone,Graphite Core,Riverstone Electronics Inc.
Silver Stack Riverstone,Silver Stack,Riverstone Electronics Inc.
Luna Fabric Riverstone,Luna Fabric,Riverstone Electronics Inc.
Topaz Fabric Riverstone,Topaz Fabric,Riverstone Electronics Inc.
Atlas Matrix Riverstone,Atlas Matrix,Riverstone Electronics Inc.
Opal Matrix Riverstone,Opal Matrix,Riverstone Electronics Inc.
Opal Matrix and Azure Node Spark,Opal Matrix; Azure Node Spark,Astra Manufacturing Inc.
Helio Kernel Riverstone,Helio Kernel,Riverstone Electronics Inc.
Echo Kernel Riverstone,Echo Kernel,Riverstone Electronics Inc.
Argo Kernel Riverstone,Argo Kernel,Riverstone Electronics Inc.
Umber Kernel Riverstone,Umber Kernel,Riverstone Electronics Inc.
WaveDock Plus,Silver Kernel,Riverstone Electronics Inc.
Atlas Pulse Riverstone,Atlas Pulse,Riverstone Electronics Inc.
Mira Wave Riverstone,Mira Wave,Riverstone Electronics Inc.
Sonic Wave Riverstone,Sonic Wave,Riverstone Electronics Inc.
Slate Node Riverstone,Slate Node,Riverstone Electronics Inc.
Ruby Node Riverstone,Ruby Node,Riverstone Electronics Inc.
RubyHub Ultra Air,Vega Grid; Jade Vector,Riverstone Electronics Inc.
Kairo Grid Riverstone,Kairo Grid,Riverstone Electronics Inc.
Pulse Signal Riverstone,Pulse Signal,Riverstone Electronics Inc.
Pulse Signal and Azure Node Spark,Pulse Signal + Azure Node Spark,Nebula Group Inc.
Opal Shield Riverstone,Opal Shield,Riverstone Electronics Inc.
Maple Drive Riverstone,Maple Drive,Riverstone Electronics Inc.
Argo Dock Riverstone,Argo Dock,Riverstone Electronics Inc.
Helio Flex Riverstone,Helio Flex,Riverstone Electronics Inc.
Jade Flex Riverstone,Jade Flex,Riverstone Electronics Inc.
Quartz Flex Riverstone,Quartz Flex,Riverstone Electronics Inc.
Mira Vault Riverstone,Mira Vault,Riverstone Electronics Inc.
Graphite Vector Riverstone,Graphite Vector,Riverstone Electronics Inc.
Magenta Vector Riverstone,Magenta Vector,Riverstone Electronics Inc.
Nimbus Frame Riverstone,Nimbus Frame,Riverstone Electronics Inc.
Coda Layer Riverstone,Coda Layer,Riverstone Electronics Inc.
Mint Layer Riverstone,Mint Layer,Riverstone Electronics Inc.
CrimsonDock Pro Plus,Pulse Core Pulse,Riverstone Electronics Inc.
Pulse Core Pulse Riverstone,Pulse Core Pulse,Riverstone Electronics Inc.
Sable Module Drive Riverstone,Sable Module Drive,Riverstone Electronics Inc.
Magenta Module Sync Riverstone,Magenta Module Sync,Riverstone Electronics Inc.
Silver Stack Layer and Quanta Signal Stack,Silver Stack Layer; Vega Signal Fabric,Glacier Manufacturing Inc.
Opal Stack Link 512GB Bundle Riverstone,Opal Stack Link,Riverstone Electronics Inc.
Pearl Fabric Beam Riverstone,Pearl Fabric Beam,Riverstone Electronics Inc.
Golden Fabric Vector Riverstone,Golden Fabric Vector,Riverstone Electronics Inc.
Quartz Fabric Kernel Riverstone,Quartz Fabric Kernel,Riverstone Electronics Inc.
Ruby Kernel Module Riverstone,Ruby Kernel Module,Riverstone Electronics Inc.
Onyx Link Kernel Riverstone,Onyx Link Kernel,Riverstone Electronics Inc.
Beryl Link Sync Riverstone,Beryl Link Sync,Riverstone Electronics Inc.
Cedar Pulse Fabric Riverstone,Cedar Pulse Fabric,Riverstone Electronics Inc.
Slate Pulse Edge and Quanta Signal Stack,Slate Pulse Edge; Quanta Signal Stack,Catalyst Industries Inc.
Delta Node Flow Riverstone,Delta Node Flow,Riverstone Electronics Inc.
IndigoDock SE Air Plus RevB,Teal Node Flex,Riverstone Electronics Inc.
IndigoDock SE Air Plus RevA,Azure Node Spark,Riverstone Electronics Inc.
Azure Node Spark Riverstone,Azure Node Spark,Riverstone Electronics Inc.
Sol Grid Drive Riverstone,Sol Grid Drive,Riverstone Electronics Inc.
Citrine Grid Shield Riverstone,Citrine Grid Shield,Riverstone Electronics Inc.
Atlas Signal Wave Riverstone,Atlas Signal Wave,Riverstone Electronics Inc.
Frost Shield Node Riverstone,Frost Shield Node,Riverstone Electronics Inc.
Onyx Drive Sense Riverstone,Onyx Drive Sense,Riverstone Electronics Inc.
Maple Drive Edge Riverstone,Maple Drive Edge,Riverstone Electronics Inc.
Ruby Dock Harbor,Ruby Dock,Harbor Components Inc.
Argo Dock Atlas,Argo Dock,Atlas Networks Inc.
NovaCharge Lite Edge,Ruby Pulse Spark,BrightWave Labs Inc.
Citrine Signal Node RedStone,Citrine Signal Node,RedStone Works Inc.
Terra Beam Evergreen,Terra Beam,Evergreen Holdings Inc.
SaffronDrive Air Pro,Quartz Vault,Clearwater Labs Inc.
Silver Frame Highland,Silver Frame,Highland Industries Inc.
SlateWatch Pro Mini,"Saffron Dock, Topaz Hub",Windmill Electronics Inc.
Indigo Core and Jade Pulse,Indigo Core & Jade Pulse,Aurora Industries Inc.
AzureBuds Air Plus and SparkDock,Indigo Core and Topaz Hub,NovaWorks Holdings Inc.
EchoWatch Max Air and SparkDock,"Indigo Core, Citrine Core Dock",Aurora Industries Inc.
AuroraBook Ultra and SenseDrive Mini and CrownBook Ultra and AstraKey Mini,Sol Module & Frost Module & Azure Node & Violet Node,Lighthouse Networks Inc.
MiraStand Air Ultra,Sol Module and Frost Module and Azure Node and Violet Node,Lighthouse Networks Inc.
CodaStand Air Edge,Sol Module and Frost Module and Azure Node and Violet Node,Lighthouse Networks Inc.
Frost Module Lighthouse,Frost Module,Lighthouse Networks Inc.
UmberHub Ultra and AtlasCase SE,Silver Stack + Graphite Grid,Catalyst Industries Inc.
Echo Kernel and Pulse Frame,Echo Kernel & Pulse Frame,Harbor Devices Inc.
Violet Node Lighthouse,Violet Node,Lighthouse Networks Inc.
Auric Sense Lighthouse,Auric Sense,Lighthouse Networks Inc.
Umbral Hub Lighthouse,Umbral Hub,Lighthouse Networks Inc.
Silver Spark Lighthouse,Silver Spark,Lighthouse Networks Inc.
Violet Spark Lighthouse,Violet Spark,Lighthouse Networks Inc.
Pulse Vault Lighthouse,Pulse Vault,Lighthouse Networks Inc.
PulseSpeaker Air Max / VegaSpeaker Air Edge,Pulse Vault,Lighthouse Networks Inc.
QuantaSpeaker Air Ultra,Pulse Vault,Lighthouse Networks Inc.
Cobalt Vault Lighthouse,Cobalt Vault,Lighthouse Networks Inc.
Indigo Vector Lighthouse,Indigo Vector,Lighthouse Networks Inc.
Quanta Frame Lighthouse,Quanta Frame,Lighthouse Networks Inc.
PhotonCam Max Mini,Saffron Layer,Lighthouse Networks Inc.
Citrine Core Dock Lighthouse,Citrine Core Dock,Lighthouse Networks Inc.
SolNode Edge Ultra,Citrine Core Dock,Lighthouse Networks Inc.
Beryl Stack Kernel Lighthouse,Beryl Stack Kernel,Lighthouse Networks Inc.
Opal Fabric Matrix Lighthouse,Opal Fabric Matrix,Lighthouse Networks Inc.
SyncDock Edge SE / MintPhone Gen Lite Mini,Teal Wave Arc,Lighthouse Networks Inc.
AzureBuds Air Plus and SparkDock,"Indigo Core, Topaz Hub",NovaWorks Holdings Inc.
GoldenHub SE Mini,Ivory Spark,Lighthouse Works Inc.
Auric Link Wave Pinecone,Auric Link Wave,Pinecone Holdings Inc.
SaffronBook Mini,Ruby Core Hub,Mountain Industries Inc.
SaffronBook Mini,Ruby Core Hub,Mountain Industries Inc.
Maple Flex and Coral Drive Node,Maple Flex & Coral Drive Node,Arbor Devices Inc.
Lyra Frame Sunpeak,Lyra Frame,Sunpeak Devices Inc.
Vega Beam BrightWave,Vega Beam,BrightWave Electronics Inc.
BridgeRouter Lite,Astra Vector,Stonebridge Group Inc.
OpalCam Pro Gen,Zen Layer,Nightfall Networks Inc.
LyraBeam,Luna Mesh,Photon Works Inc.
PhotonBeam Mini Lite,Sol Edge,EchoLabs Holdings Inc.
Pulse Vector Northwind,Pulse Vector,Northwind Labs Inc.
Azure Signal Edge DeepField,Azure Signal Edge,DeepField Industries Inc.
Crimson Kernel Seabird,Crimson Kernel,Seabird Manufacturing Inc.
Pulse Vector Saffron,Pulse Vector,Saffron Systems Inc.
Orion Vault Meadow,Orion Vault,Meadow Technologies Inc.
Frost Edge SilverLine,Frost Edge,SilverLine Industries Inc.
CitrineDrive Gen,Nova Shield,Skyforge Manufacturing Inc.
Magenta Pulse Engine Riverstone,Magenta Pulse Engine,Riverstone Technologies Inc.
OrionKey Pro Ultra,Aero Shield,Harbor Devices Inc.
BridgeBook Edge,Pulse Wave Wave,Harbor Devices Inc.
NimbusKey Mini,Coral Module,Meadow Technologies Inc.
KairoLink Gen,Terra Edge,Clearwater Works Inc.
Argo Flex RedStone,Argo Flex,RedStone Networks Inc.
Frost Core Sync RedStone,Frost Core Sync,RedStone Networks Inc.
Sierra matrix Node Evergreen,Sierra Matrix Node,Evergreen Group Inc.
Cedar Pulse Fabric Evergreen,Cedar Pulse Fabric,Evergreen Group Inc.
KairoLink Gen,Terra Edge,Clearwater Works Inc.
Ember Vault Clearwater,Ember Vault,Clearwater Works Inc.
NimbusKey Mini,Coral Module,Meadow Technologies Inc.
PulseCase Pro Lite,Umber Core Bridge,Copperline Systems Inc.
SaffronDrive Air Pro,Quartz Vault,Clearwater Labs Inc.
Sol Wave NovaWorks,Sol Wave,NovaWorks Industries Inc.
Lime Drive NovaWorks,Lime Drive,NovaWorks Industries Inc.
EdgeWatch Pro,Aero Link,Ironwood Group Inc.
OpalCam Gen / CopperCam Mini / JadeCam Mini / EdgeWatch Pro,Topaz Sense,Astra Networks Inc.
OpalCam Gen / SonicBook / JadeCam Mini / EdgeWatch Pro,Topaz Sense,Astra Networks Inc.
OpalCam Gen / SonicBook / JadeCam Mini / EdgeWatch Pro,Topaz Sense,Astra Networks Inc.
Frost Pulse Pinecone,Frost Pulse,Pinecone Group Inc.
SenseLink Air Mini 256GB Starter Kit,Topaz Vault,Astra Manufacturing Inc.
TopazKey Gen and TealWatch Lite Mini SE Air / VectorKey Plus / CodaCharge Lite / DriveWatch Air / SparkKey Plus Plus / OpalSpeaker Lite / LyraPad Edge Mini,Ember Fabric + Azure Mesh,Glacier Labs Inc.
TopazKey Gen and TealWatch Lite Mini SE Air / VectorKey Plus / CodaCharge Lite / DriveWatch Air / OnyxRouter Edge / SparkKey Plus Plus / OpalSpeaker Lite / LyraPad Edge Mini,Ember Fabric + Azure Mesh,Glacier Labs Inc.
TopazKey Gen and TealWatch Lite Mini SE Air / VectorKey Plus / CodaCharge Lite / JadeCharge Lite Max / DriveWatch Air / OnyxRouter Edge / SparkKey Plus Plus / OpalSpeaker Lite / LyraPad Edge Mini,Ember Fabric + Azure Mesh,Glacier Labs Inc.
TopazKey Gen and UmberWatch Edge Gen Lite / BeamBook Plus Max / CrownRouter Edge / JadeCharge Plus Pro Max / ArgoDrive Lite 1TB Bundle / SonicDrive Lite 512GB Dual‑SIM / SonicDrive Lite 256GB Starter Kit / BeamBook Plus Max 64GB Refurbished / MiraBuds Plus Lite 64GB Refurbished / LyraBuds Plus Gen,Ember Fabric and Azure Mesh,Glacier Labs Inc.
SenseLink Air Mini 256GB Starter Kit,Topaz Vault,Astra Manufacturing Inc.
CodaCase Lite / DriveWatch Pro / PhotonPhone Mini SE Air and DrivePhone Mini Air Plus / LyraCharge Plus Pro Max / BridgeWatch Pro 256GB Refurbished / SparkBook Ultra / PhotonSpeaker Lite / CobaltCase Plus / PhotonPhone Mini SE Air and CorePhone Mini SE Air / EdgeWatch Pro / NimbusCase Plus / AzureSpeaker Gen Lite / TopazDock Edge / NebulaWatch Air Ultra / GraphiteCam Mini / QuartzWatch Air / SyncWatch Pro / GraphiteNode Mini Plus / CodaLink Mini Lite / TopazKey Gen and PearlWatch Lite Mini SE Air / NimbusNode Mini Edge Gen / LyraSpeaker Lite,Aero Link,BrightWave Technologies Inc.
TopazKey Gen and TealWatch Lite Mini SE Air / SparkKey Plus Plus / DriveWatch Air / PhotonPhone Mini SE Air and CobaltPad Mini Lite Mini / DriveKey Plus Gen / LyraPad Edge Mini / GlacierLink Mini SE 64GB Refurbished / AuroraCase Plus / OnyxRouter Edge / VectorKey Plus / BeamKey Plus Max / CodaCharge Lite / TopazSpeaker Air and BridgeBook Mini Max / CrimsonCase Edge / PearlWatch Air Plus / CrimsonKey Plus Gen / RubyCharge Edge Gen Lite / PhotonPhone Mini SE Air and NebulaPad Mini Plus Pro / OpalSpeaker Lite / OnyxWatch Lite Mini / CitrineCharge Ultra Edge Gen / WaveSpeaker Gen Plus / TopazSpeaker Air and VectorBook Mini Pro / EdgeStand Edge / GlacierLink Mini SE 64GB Refurbished,Ember Fabric & Azure Mesh,Glacier Labs Inc.
TopazKey Gen and TealWatch Lite Mini SE Air / SparkKey Plus Plus / DriveWatch Air / PhotonPhone Mini SE Air and CobaltPad Mini Lite Mini / DriveKey Plus Gen / LyraPad Edge Mini / GlacierLink Mini SE 64GB Refurbished / AuroraCase Plus / OnyxRouter Edge / VectorKey Plus / BeamKey Plus Max / CodaCharge Lite / TopazSpeaker Air and BridgeBook Mini Max / CrimsonCase Edge / NimbusPhone SE Air / PearlWatch Air Plus / CrimsonKey Plus Gen / RubyCharge Edge Gen Lite / PhotonPhone Mini SE Air and NebulaPad Mini Plus Pro / OpalSpeaker Lite / OnyxWatch Lite Mini / CitrineCharge Ultra Edge Gen / WaveSpeaker Gen Plus / TopazSpeaker Air and VectorBook Mini Pro / EdgeStand Edge / GlacierLink Mini SE 64GB Refurbished / JadeCharge Lite Max,Ember Fabric; Azure Mesh,Glacier Labs Inc.
TopazKey Gen and TealWatch Lite Mini SE Air / SparkKey Plus Plus / DriveWatch Air / PhotonPhone Mini SE Air and CobaltPad Mini Lite Mini / DriveKey Plus Gen / LyraPad Edge Mini / GlacierLink Mini SE 64GB Refurbished / AuroraCase Plus / OnyxRouter Edge / VectorKey Plus / BeamKey Plus Max / CodaCharge Lite / TopazSpeaker Air and BridgeBook Mini Max / CrimsonCase Edge / PearlWatch Air Plus / CrimsonKey Plus Gen / RubyCharge Edge Gen Lite / PhotonPhone Mini SE Air and NebulaPad Mini Plus Pro / OpalSpeaker Lite / OnyxWatch Lite Mini / CitrineCharge Ultra Edge Gen / WaveSpeaker Gen Plus / TopazSpeaker Air and VectorBook Mini Pro / EdgeStand Edge / GlacierLink Mini SE 64GB Refurbished,Ember Fabric & Azure Mesh,Glacier Labs Inc.
TopazKey Gen and TealWatch Lite Mini SE Air / SparkKey Plus Plus / DriveWatch Air / PhotonPhone Mini SE Air and CobaltPad Mini Lite Mini / DriveKey Plus Gen / LyraPad Edge Mini / GlacierLink Mini SE 64GB Refurbished / AuroraCase Plus / OnyxRouter Edge / VectorKey Plus / BeamKey Plus Max / CodaCharge Lite / TopazSpeaker Air and BridgeBook Mini Max / CrimsonCase Edge / PearlWatch Air Plus / CrimsonKey Plus Gen / RubyCharge Edge Gen Lite / PhotonPhone Mini SE Air and NebulaPad Mini Plus Pro / OpalSpeaker Lite / OnyxWatch Lite Mini / CitrineCharge Ultra Edge Gen / WaveSpeaker Gen Plus / TopazSpeaker Air and VectorBook Mini Pro / EdgeStand Edge / GlacierLink Mini SE 64GB Refurbished / JadeCharge Lite Max,"Ember Fabric, Azure Mesh",Glacier Labs Inc.
TopazKey Gen and TealWatch Lite Mini SE Air / SparkKey Plus Plus / DriveWatch Air / PhotonPhone Mini SE Air and CobaltPad Mini Lite Mini / DriveKey Plus Gen / LyraPad Edge Mini / GlacierLink Mini SE 64GB Refurbished / AuroraCase Plus / OnyxRouter Edge / VectorKey Plus / BeamKey Plus Max / CodaCharge Lite / TopazSpeaker Air and BridgeBook Mini Max / CrimsonCase Edge / PearlWatch Air Plus / CrimsonKey Plus Gen / RubyCharge Edge Gen Lite / PhotonPhone Mini SE Air and NebulaPad Mini Plus Pro / OpalSpeaker Lite / OnyxWatch Lite Mini / CitrineCharge Ultra Edge Gen / WaveSpeaker Gen Plus / TopazSpeaker Air and VectorBook Mini Pro / EdgeStand Edge / GlacierLink Mini SE 64GB Refurbished,Ember Fabric and Azure Mesh,Glacier Labs Inc.
Frost Pulse EchoLabs,Frost Pulse,EchoLabs Group Inc.
Frost Pulse Northwind,Frost Pulse,Northwind Works Inc.
TopazKey Gen and TealWatch Lite Mini SE Air / SparkKey Plus Plus / OpalSpeaker Lite / DriveWatch Air / LyraPad Edge Mini / CodaCharge Lite / CitrineCharge Ultra Edge Gen / PhotonPhone Mini SE Air and CobaltPad Mini Lite Mini / PhotonPhone Mini SE Air and AstraPad Mini Ultra Edge,Ember Fabric + Azure Mesh,Glacier Labs Inc.
OpalNode Mini / SaffronCase Pro / CrownCharge Air / SummitBook Air / NovaKey Plus / TopazKey Gen and AtlasWatch Gen Lite Mini / SlateNode Mini 1TB Bundle / QuantaBeam Ultra 256GB Starter Kit / CopperHub Pro,Mira Link,Saffron Industries Inc.
"BeamLink Pro Air / ArgoCam SE Gen 256GB Bundle, EchoPhone 64GB Dual‑SIM / NebulaPad Plus Gen",Umber Spark,Arbor Systems Inc.
Vega Beam Orion,Vega Beam,Orion Technologies Inc.
Sable Engine Mosaic,Sable Engine,Mosaic Devices Inc.
Quartz Stack Pulse Mosaic,Quartz Stack Pulse,Mosaic Devices Inc.
Opal Hub GoldenGate,Opal Hub,GoldenGate Electronics Inc.
Vega Kernel Cinder,Vega Kernel,Cinder Networks Inc.
Jade Core Catalyst,Jade Core,Catalyst Group Inc.
"SenseBook Plus, SparkDock and OrionWatch Plus",Indigo Core; Lyra Kernel; Sierra Kernel,BlueRiver Technologies Inc.
Indigo Core and Jade Pulse,Indigo Core and Jade Pulse,Aurora Industries Inc.
AzureBuds Air Plus and SparkDock,Indigo Core and Topaz Hub,NovaWorks Holdings Inc.
Crimson Core Catalyst,Crimson Core,Catalyst Group Inc.
Sable Engine Catalyst,Sable Engine,Catalyst Group Inc.
Zen Module and Azure Signal Edge,Zen Module & Azure Signal Edge,Catalyst Group Inc.
PearlLink Mini,Beryl Hub & Azure Signal Edge,Catalyst Group Inc.
SaffronDrive SE,Onyx Stack,Catalyst Group Inc.
Copper Fabric Catalyst,Copper Fabric,Catalyst Group Inc.
AtlasSpeaker Pro,Topaz Link,Catalyst Group Inc.
Ember Wave Catalyst,Ember Wave,Catalyst Group Inc.
Mira Signal Catalyst,Mira Signal,Catalyst Group Inc.
Sonic Signal Catalyst,Sonic Signal,Catalyst Group Inc.
Aero Sense Catalyst,Aero Sense,Catalyst Group Inc.
Onyx Mesh Catalyst,Onyx Mesh,Catalyst Group Inc.
MiraCharge Gen,Cedar Mesh,BlueRiver Technologies Inc.
Slate Hub Catalyst,Slate Hub,Catalyst Group Inc.
Vega Beam Catalyst,Vega Beam,Catalyst Group Inc.
Silver Beam Catalyst,Silver Beam,Catalyst Group Inc.
Atlas Flex Catalyst,Atlas Flex,Catalyst Group Inc.
Maple Flex Catalyst,Maple Flex,Catalyst Group Inc.
Copper Spark Catalyst,Copper Spark,Catalyst Group Inc.
"SparkStand Gen Max, CrimsonHub Ultra Pro and SignalNode SE Ultra 1TB Starter Kit",Luna Arc and Indigo Signal Vault and Lime Stack Shield,Catalyst Group Inc.
Crimson Arc Catalyst,Crimson Arc,Catalyst Group Inc.
Orion Vault Catalyst,Orion Vault,Catalyst Group Inc.
Kairo Vault Catalyst,Kairo Vault,Catalyst Group Inc.
Silver Vault Catalyst,Silver Vault,Catalyst Group Inc.
Helio Vector Catalyst,Helio Vector,Catalyst Group Inc.
Sol Frame Catalyst,Sol Frame,Catalyst Group Inc.
Teal Layer Catalyst,Teal Layer,Catalyst Group Inc.
Cedar Core Core Catalyst,Cedar Core Core,Catalyst Group Inc.
Topaz Core Sense Catalyst,Topaz Core Sense,Catalyst Group Inc.
Citrine Core Dock Catalyst,Citrine Core Dock,Catalyst Group Inc.
Zen Stack Engine Catalyst,Zen Stack Engine,Catalyst Group Inc.
Opal Stack Link Catalyst,Opal Stack Link,Catalyst Group Inc.
Terra Fabric Beam Catalyst,Terra Fabric Beam,Catalyst Group Inc.
Sonic Fabric Matrix Catalyst,Sonic Fabric Matrix,Catalyst Group Inc.
Silver Fabric Vault Catalyst,Silver Fabric Vault,Catalyst Group Inc.
Copper Kernel Spark Catalyst,Copper Kernel Spark,Catalyst Group Inc.
Helio Link Wave Catalyst,Helio Link Wave,Catalyst Group Inc.
Pearl Pulse Kernel Catalyst,Pearl Pulse Kernel,Catalyst Group Inc.
Magenta Pulse Engine Catalyst,Magenta Pulse Engine,Catalyst Group Inc.
Echo Node Fabric Catalyst,Echo Node Fabric,Catalyst Group Inc.
Sol Node Edge Catalyst,Sol Node Edge,Catalyst Group Inc.
VectorBuds SE Air Plus,Silver Node Kernel,Astra Works Inc.
Beryl Grid Wave Catalyst,Beryl Grid Wave,Catalyst Group Inc.
Azure Grid Beam Catalyst,Azure Grid Beam,Catalyst Group Inc.
Golden Signal Engine Catalyst,Golden Signal Engine,Catalyst Group Inc.
HelioWatch Mini Gen Lite,Ruby Signal Grid,Catalyst Components Inc.
GlacierDock / MiraBuds SE Air Plus,Mira Drive Engine,Catalyst Group Inc.
Sierra Drive Grid Catalyst,Sierra Drive Grid,Catalyst Group Inc.
Graphite Grid Matrix Lumen,Graphite Grid Matrix,Lumen Works Inc.
Zen Module and Azure Signal Edge,"Zen Module, Azure Signal Edge",Catalyst Group Inc.
CobaltCase Mini Mini SE,Orion Drive,SilverLine Holdings Inc.
Topaz Vector SilverLine,Topaz Vector,SilverLine Holdings Inc.
Coda Core Sense 64GB Refurbished Skyforge,Coda Core Sense,Skyforge Labs Inc.
Coral Shield and Echo Node Fabric,Coral Shield + Echo Node Fabric,Arbor Devices Inc.
CrimsonCharge Mini Edge,Lyra Grid,Harbor Systems Inc.
SolWatch Plus Air,Cerulean Drive + Pearl Layer + Beryl Matrix Core,RedStone Electronics Inc.
CobaltPad SE,Jade Drive,Evergreen Components Inc.
HelioNode Mini Lite,Umber Flow,DeepField Systems Inc.
OpalDrive Pro Ultra,Beryl Matrix Core,Aurora Industries Inc.
GlacierBuds Lite,Cobalt Shield Mesh,Evergreen Components Inc.
AzureRouter Edge Max,Nimbus Frame,Clearwater Networks Inc.
Onyx Kernel Grid BlueRiver,Onyx Kernel Grid,BlueRiver Labs Inc.
Frost Link SpringboarRJ,Frost Link,Springboard Systems Inc.
SyncPad SE Mini,Graphite Node,Springboard Systems Inc.
Cinder Flow Lighthouse,Cinder Flow,Lighthouse Technologies Inc.
CitrineDrive SE,Pearl Stack,Arbor Devices Inc.
Mira Signal Nebula,Mira Signal,Nebula Devices Inc.
Aero Vault Nebula,Aero Vault,Nebula Devices Inc.
Sonic Node Astra,Sonic Node,Astra Electronics Inc.
Coda Drive Pinecone,Coda Drive,Pinecone Components Inc.
Indigo Node Quantum,Indigo Node,Quantum Networks Inc.
Delta Engine Spark Mountain,Delta Engine Spark,Mountain Group Inc.
Pearl Link Pulse Glacier,Pearl Link Pulse,Glacier Works Inc.
Maple Drive Crown,Maple Drive,Crown Holdings Inc.
CrownBook Air / GlacierBook Air,Slate Pulse Edge + Quanta Signal Stack,Crown Holdings Inc.
AtlasDrive Lite,Silver Dock,BlueRiver Works Inc.
TealBook SE Pro Max,Coral Core,Sunpeak Industries Inc.
Indigo Core and Jade Pulse,Indigo Core; Jade Pulse,Aurora Industries Inc.
AzureBuds Air Plus and SparkDock,Indigo Core + Topaz Hub,NovaWorks Holdings Inc.
Crimson Core Sunpeak,Crimson Core,Sunpeak Industries Inc.
JadeBuds Max Ultra and QuantaRouter,"Umber Core, Opal Hub",BrightWave Technologies Inc.
Lime Core Sunpeak,Lime Core,Sunpeak Industries Inc.
Lime Core and Cerulean Fabric,Lime Core + Cerulean Fabric,Lumen Manufacturing Inc.
Coda Engine Sunpeak,Coda Engine,Sunpeak Industries Inc.
GoldenBeam Lite Mini and GoldenBuds Mini,Coda Engine & Ivory Sync,Photon Networks Inc.
Kairo Engine Sunpeak,Kairo Engine,Sunpeak Industries Inc.
Delta Engine Sunpeak,Delta Engine,Sunpeak Industries Inc.
Crimson Engine Sunpeak,Crimson Engine,Sunpeak Industries Inc.
Umbral Engine Sunpeak,Umbral Engine,Sunpeak Industries Inc.
Lime Engine Sunpeak,Lime Engine,Sunpeak Industries Inc.
Astra Module Sunpeak,Astra Module,Sunpeak Industries Inc.
Nimbus Module Sunpeak,Nimbus Module,Sunpeak Industries Inc.
Lyra Module Sunpeak,Lyra Module,Sunpeak Industries Inc.
NebulaBook Ultra,Sol Module and Frost Module and Azure Node and Violet Node,Nightfall Technologies Inc.
SummitBook Ultra,"Sol Module, Frost Module, Azure Node, Violet Node",Sunpeak Industries Inc.
Frost Module Sunpeak,Frost Module,Sunpeak Industries Inc.
Cinder Module Sunpeak,Cinder Module,Sunpeak Industries Inc.
Teal Module Sunpeak,Teal Module,Sunpeak Industries Inc.
Helio Fabric Sunpeak,Helio Fabric,Sunpeak Industries Inc.
Luna Fabric Sunpeak,Luna Fabric,Sunpeak Industries Inc.
AuroraPad Air,Echo Fabric,Arbor Devices Inc.
HarborCase Pro and QuantaRouter Air,Cerulean Fabric & Pulse Pulse,DeepField Devices Inc.
Aero Matrix Sunpeak,Aero Matrix,Sunpeak Industries Inc.
TealDock Plus and SonicCharge Air,Aero Matrix and Onyx Kernel,Sunpeak Group Inc.
ArgoNode Pro and SonicCharge Air,Aero Matrix; Frost Pulse,Aurora Group Inc.
Helio Matrix Sunpeak,Helio Matrix,Sunpeak Industries Inc.
CitrineLink Mini Mini,Echo Matrix,Sunpeak Industries Inc.
Lyra Matrix Sunpeak,Lyra Matrix,Sunpeak Industries Inc.
Pearl Matrix Sunpeak,Pearl Matrix,Sunpeak Industries Inc.
OnyxNode Air 128GB Bundle / SolNode Air 512GB Refurbished,Mint Matrix,Sunpeak Industries Inc.
Violet Matrix Sunpeak,Violet Matrix,Sunpeak Industries Inc.
OnyxBook Plus,Echo Kernel + Pulse Frame,Nightfall Technologies Inc.
OnyxBook Plus and HarborCam Plus SE,Echo Kernel; Pulse Frame,Nightfall Technologies Inc.
Pulse Kernel Sunpeak,Pulse Kernel,Sunpeak Industries Inc.
Delta Kernel Sunpeak,Delta Kernel,Sunpeak Industries Inc.
Indigo Kernel Sunpeak,Indigo Kernel,Sunpeak Industries Inc.
Quartz Kernel Sunpeak,Quartz Kernel,Sunpeak Industries Inc.
Violet Kernel Sunpeak,Violet Kernel,Sunpeak Industries Inc.
Magenta Kernel and Onyx Spark,Magenta Kernel & Onyx Spark,GoldenGate Electronics Inc.
Aero Link Sunpeak,Aero Link,Sunpeak Industries Inc.
Sol Link Sunpeak,Sol Link,Sunpeak Industries Inc.
Cinder Link Sunpeak,Cinder Link,Sunpeak Industries Inc.
Crimson Link Sunpeak,Crimson Link,Sunpeak Industries Inc.
BeamDock Pro,Saffron Link,Meadow Networks Inc.
Saffron Link Sunpeak,Saffron Link,Sunpeak Industries Inc.
AtlasSpeaker Pro,Topaz Link,Catalyst Group Inc.
SummitCharge Pro and CodaPad Ultra,Citrine Link,Arbor Components Inc.
Umbral Link Sunpeak,Umbral Link,Sunpeak Industries Inc.
OnyxNode Mini Edge Gen,Violet Link,Riverstone Networks Inc.
Astra Pulse Sunpeak,Astra Pulse,Sunpeak Industries Inc.
Pulse Pulse Sunpeak,Pulse Pulse,Sunpeak Industries Inc.
Quanta Pulse Sunpeak,Quanta Pulse,Sunpeak Industries Inc.
Mira Pulse Sunpeak,Mira Pulse,Sunpeak Industries Inc.
Sol Pulse Sunpeak,Sol Pulse,Sunpeak Industries Inc.
Frost Pulse Sunpeak,Frost Pulse,Sunpeak Industries Inc.
Graphite Wave Sunpeak,Graphite Wave,Sunpeak Industries Inc.
Vega Node Sunpeak,Vega Node,Sunpeak Industries Inc.
Orion Node Sunpeak,Orion Node,Sunpeak Industries Inc.
Indigo Node Sunpeak,Indigo Node,Sunpeak Industries Inc.
Saffron Node Sunpeak,Saffron Node,Sunpeak Industries Inc.
SilverCharge Max Ultra Edge,Saffron Node,Meadow Networks Inc.
SyncPad SE Mini,Graphite Node,Springboard Systems Inc.
Sable Node Sunpeak,Sable Node,Sunpeak Industries Inc.
Sonic Grid Sunpeak,Sonic Grid,Sunpeak Industries Inc.
AuroraCase Ultra Air / LumenCam Ultra,Ember Grid,EchoLabs Components Inc.
Jade Grid Sunpeak,Jade Grid,Sunpeak Industries Inc.
Quartz Grid Sunpeak,Quartz Grid,Sunpeak Industries Inc.
TopazDock Ultra,Sable Grid,Copperline Components Inc.
Magenta Grid Sunpeak,Magenta Grid,Sunpeak Industries Inc.
Lyra Signal Sunpeak,Lyra Signal,Sunpeak Industries Inc.
Mira Signal Sunpeak,Mira Signal,Sunpeak Industries Inc.
Sonic Signal Sunpeak,Sonic Signal,Sunpeak Industries Inc.
Coral Signal Sunpeak,Coral Signal,Sunpeak Industries Inc.
GraphiteLink Ultra,Jade Signal,BrightWave Manufacturing Inc.
AzureCase Ultra,Jade Signal,Clearwater Labs Inc.
Golden Signal Sunpeak,Golden Signal,Sunpeak Industries Inc.
Golden Shield Sunpeak,Golden Shield,Sunpeak Industries Inc.
SignalHub Edge,Terra Drive,Sunpeak Industries Inc.
Sonic Drive Sunpeak,Sonic Drive,Sunpeak Industries Inc.
PhotonSpeaker Edge,Sierra Drive,Arbor Devices Inc.
Topaz Drive Sunpeak,Topaz Drive,Sunpeak Industries Inc.
Cedar Sense Sunpeak,Cedar Sense,Sunpeak Industries Inc.
Lime Sense Sunpeak,Lime Sense,Sunpeak Industries Inc.
SummitHub Gen,Azure Sense,GoldenGate Electronics Inc.
Argo Mesh Sunpeak,Argo Mesh,Sunpeak Industries Inc.
Frost Mesh Sunpeak,Frost Mesh,Sunpeak Industries Inc.
Magenta Mesh Sunpeak,Magenta Mesh,Sunpeak Industries Inc.
Frost Edge Sunpeak,Frost Edge,Sunpeak Industries Inc.
Auric Edge Sunpeak,Auric Edge,Sunpeak Industries Inc.
Echo Dock Sunpeak,Echo Dock,Sunpeak Industries Inc.
CoreDrive Lite / SignalDrive Lite,Opal Dock,Harbor Holdings Inc.
Quartz Dock Sunpeak,Quartz Dock,Sunpeak Industries Inc.
HelioCharge Air Edge and CrimsonBuds Mini SE,Beryl Hub + Saffron Vault,GoldenGate Electronics Inc.
SlatePad Lite Max and CrimsonBuds Mini SE,Beryl Hub & Frost Pulse Arc,GoldenGate Electronics Inc.
KairoLink Ultra Pro,Opal Hub,Sunpeak Industries Inc.
KairoLink Ultra Pro / JadeBuds Max Ultra,Opal Hub,Sunpeak Industries Inc.
Sable Hub Sunpeak,Sable Hub,Sunpeak Industries Inc.
Violet Hub Sunpeak,Violet Hub,Sunpeak Industries Inc.
Vega Beam Sunpeak,Vega Beam,Sunpeak Industries Inc.
Graphite Beam Sunpeak,Graphite Beam,Sunpeak Industries Inc.
Ivory Sync Sunpeak,Ivory Sync,Sunpeak Industries Inc.
BridgeHub / CrownPhone Mini Mini,Luna Flex,Sunpeak Industries Inc.
SignalHub,Luna Flex,Sunpeak Industries Inc.
Atlas Flex Sunpeak,Atlas Flex,Sunpeak Industries Inc.
Argo Flex Sunpeak,Argo Flex,Sunpeak Industries Inc.
Jade Flex Sunpeak,Jade Flex,Sunpeak Industries Inc.
Cedar Flex Sunpeak,Cedar Flex,Sunpeak Industries Inc.
Pearl Flex Sunpeak,Pearl Flex,Sunpeak Industries Inc.
QuantaPhone SE Lite Mini,Quartz Flex,Sunpeak Industries Inc.
Nova Spark Sunpeak,Nova Spark,Sunpeak Industries Inc.
NovaBuds SE Plus 256GB Refurbished,Cinder Spark,Sunpeak Industries Inc.
Jade Spark Sunpeak,Jade Spark,Sunpeak Industries Inc.
Silver Spark Sunpeak,Silver Spark,Sunpeak Industries Inc.
Cerulean Spark Sunpeak,Cerulean Spark,Sunpeak Industries Inc.
Citrine Spark Sunpeak,Citrine Spark,Sunpeak Industries Inc.
Umbral Spark Sunpeak,Umbral Spark,Sunpeak Industries Inc.
Violet Spark Sunpeak,Violet Spark,Sunpeak Industries Inc.
Terra Flow Sunpeak,Terra Flow,Sunpeak Industries Inc.
Silver Flow Sunpeak,Silver Flow,Sunpeak Industries Inc.
"SparkStand Gen Max, CrimsonHub Ultra Pro, and SyncNode SE Edge",Luna Arc & Indigo Signal Vault & Lime Stack Shield & Mint Link Core,Arbor Group Inc.
TopazLink Mini Edge,Coral Arc,Sunpeak Industries Inc.
Pearl Arc Sunpeak,Pearl Arc,Sunpeak Industries Inc.
Cerulean Arc Sunpeak,Cerulean Arc,Sunpeak Industries Inc.
Aero Vault Sunpeak,Aero Vault,Sunpeak Industries Inc.
Astra Vault Sunpeak,Astra Vault,Sunpeak Industries Inc.
EchoDrive Edge Air,Astra Vault,Sunpeak Industries Inc.
SaffronSpeaker Air Gen,Atlas Vault,Copperline Components Inc.
Cobalt Vault Sunpeak,Cobalt Vault,Sunpeak Industries Inc.
Saffron Vault Sunpeak,Saffron Vault,Sunpeak Industries Inc.
Helio Vector Sunpeak,Helio Vector,Sunpeak Industries Inc.
Luna Vector Sunpeak,Luna Vector,Sunpeak Industries Inc.
Luna Vector 1TB Refurbished BrightWave,Luna Vector,BrightWave Manufacturing Inc.
Luna Vector 512GB Starter Kit Sunpeak,Luna Vector,Sunpeak Industries Inc.
Pulse Vector Sunpeak,Pulse Vector,Sunpeak Industries Inc.
Coral Vector Sunpeak,Coral Vector,Sunpeak Industries Inc.
Indigo Vector Sunpeak,Indigo Vector,Sunpeak Industries Inc.
Ivory Vector Sunpeak,Ivory Vector,Sunpeak Industries Inc.
Violet Vector Sunpeak,Violet Vector,Sunpeak Industries Inc.
WaveDrive Max Max and HarborCam Plus SE,Nimbus Frame & Atlas Module Grid,Nightfall Technologies Inc.
Quanta Frame Sunpeak,Quanta Frame,Sunpeak Industries Inc.
Citrine Frame Sunpeak,Citrine Frame,Sunpeak Industries Inc.
Cedar Layer Sunpeak,Cedar Layer,Sunpeak Industries Inc.
Silver Layer Sunpeak,Silver Layer,Sunpeak Industries Inc.
Silver Layer and Azure Grid Beam,"Silver Layer, Azure Grid Beam",Arbor Devices Inc.
SummitBuds Plus,Quartz Layer,Sunpeak Industries Inc.
Argo Core Beam Sunpeak,Argo Core Beam,Sunpeak Industries Inc.
Frost Core Sync Sunpeak,Frost Core Sync,Sunpeak Industries Inc.
Cerulean Core Grid Sunpeak,Cerulean Core Grid,Sunpeak Industries Inc.
Ivory Core Signal Sunpeak,Ivory Core Signal,Sunpeak Industries Inc.
Delta Engine Spark Sunpeak,Delta Engine Spark,Sunpeak Industries Inc.
SyncCharge Max SE,Ivory Engine Wave,BrightWave Manufacturing Inc.
Delta Module Beam Sunpeak,Delta Module Beam,Sunpeak Industries Inc.
TerraSpeaker Gen Mini,Slate Module Link,Sunpeak Industries Inc.
Opal Module Node Sunpeak,Opal Module Node,Sunpeak Industries Inc.
Umbral Module Sense Sunpeak,Umbral Module Sense,Sunpeak Industries Inc.
Lime Module Mesh Sunpeak,Lime Module Mesh,Sunpeak Industries Inc.
Luna Stack Arc Sunpeak,Luna Stack Arc,Sunpeak Industries Inc.
Atlas Fabric Kernel Sunpeak,Atlas Fabric Kernel,Sunpeak Industries Inc.
Terra Matrix Edge Sunpeak,Terra Matrix Edge,Sunpeak Industries Inc.
VegaLink SE,Coral Matrix Wave,BrightWave Manufacturing Inc.
Coral Matrix Wave Sunpeak,Coral Matrix Wave,Sunpeak Industries Inc.
Kairo Kernel Engine Sunpeak,Kairo Kernel Engine,Sunpeak Industries Inc.
ZenithDrive Edge Ultra,Cedar Kernel Signal,Clearwater Manufacturing Inc.
Pearl Kernel Drive Sunpeak,Pearl Kernel Drive,Sunpeak Industries Inc.
Umber Kernel Hub Sunpeak,Umber Kernel Hub,Sunpeak Industries Inc.
Golden Kernel Sync Sunpeak,Golden Kernel Sync,Sunpeak Industries Inc.
SenseBeam Edge,Mint Kernel Kernel,Sunpeak Industries Inc.
Mint Kernel Kernel Sunpeak,Mint Kernel Kernel,Sunpeak Industries Inc.
ZenithCam Pro Plus,Astra Pulse Node,Windmill Manufacturing Inc.
Frost Pulse Arc Sunpeak,Frost Pulse Arc,Sunpeak Industries Inc.
Slate Pulse Edge and Quanta Signal Stack,Slate Pulse Edge and Quanta Signal Stack,Catalyst Industries Inc.
Topaz Pulse Hub Sunpeak,Topaz Pulse Hub,Sunpeak Industries Inc.
NovaCharge Lite Edge,Ruby Pulse Spark,BrightWave Labs Inc.
Ruby Pulse Spark Sunpeak,Ruby Pulse Spark,Sunpeak Industries Inc.
Atlas Wave Dock Sunpeak,Atlas Wave Dock,Sunpeak Industries Inc.
Delta Wave Vector Sunpeak,Delta Wave Vector,Sunpeak Industries Inc.
Cobalt Wave Frame Sunpeak,Cobalt Wave Frame,Sunpeak Industries Inc.
OpalLink Mini Gen,Auric Wave Fabric,Springboard Holdings Inc.
RubyLink Mini Mini,Indigo Wave Matrix,Sunpeak Industries Inc.
IndigoLink Mini SE,Crimson Wave Kernel,Springboard Holdings Inc.
Violet Wave Vector Sunpeak,Violet Wave Vector,Sunpeak Industries Inc.
Mira Node Signal Sunpeak,Mira Node Signal,Sunpeak Industries Inc.
Argo Node Dock Sunpeak,Argo Node Dock,Sunpeak Industries Inc.
Sierra Node Spark Sunpeak,Sierra Node Spark,Sunpeak Industries Inc.
Cerulean Node Wave Sunpeak,Cerulean Node Wave,Sunpeak Industries Inc.
Quartz Node Sense Sunpeak,Quartz Node Sense,Sunpeak Industries Inc.
QuartzCharge Max Ultra,Umbral Node Hub,Sunpeak Industries Inc.
IndigoRouter Edge Gen Lite,Kairo Grid Shield,BrightWave Electronics Inc.
Sol Grid Drive Sunpeak,Sol Grid Drive,Sunpeak Industries Inc.
Cedar Grid Arc Sunpeak,Cedar Grid Arc,Sunpeak Industries Inc.
Graphite Grid Matrix Sunpeak,Graphite Grid Matrix,Sunpeak Industries Inc.
Ruby Grid Drive Sunpeak,Ruby Grid Drive,Sunpeak Industries Inc.
QuantaDrive Pro Lite / ArgoCase Mini SE Air,Azure Grid Beam,Meadow Networks Inc.
Azure Grid Beam Sunpeak,Azure Grid Beam,Sunpeak Industries Inc.
GoldenBuds Mini Ultra Edge,Beryl Signal Bridge,BrightWave Manufacturing Inc.
Vega Shield Engine Sunpeak,Vega Shield Engine,Sunpeak Industries Inc.
CitrineRouter Mini Plus Pro,Argo Shield Wave,Astra Networks Inc.
Argo Shield Wave Sunpeak,Argo Shield Wave,Sunpeak Industries Inc.
Golden Drive Arc Sunpeak,Golden Drive Arc,Sunpeak Industries Inc.
Copper Drive Vector Sunpeak,Copper Drive Vector,Sunpeak Industries Inc.
Vega Beam Starlight,Vega Beam,Starlight Systems Inc.
Umber Node StonebridgZD,Umber Node,Stonebridge Devices Inc.
AuroraCase Ultra Air / LumenCam Ultra,Ember Grid,EchoLabs Components Inc.
Silver Vault Northwind,Silver Vault,Northwind Networks Inc.
Aero Matrix DeepField,Aero Matrix,DeepField Group Inc.
Nova Drive Sync DeepField,Nova Drive Sync,DeepField Group Inc.
Frost Mesh Seabird,Frost Mesh,Seabird Works Inc.
Silver Layer and Azure Grid Beam,"Silver Layer, Azure Grid Beam",Arbor Devices Inc.
"AuroraBook Ultra, SenseDrive Mini, CrownBook Ultra, and AstraKey Mini",Sol Module + Frost Module + Azure Node + Violet Node,Arbor Industries Inc.
Pulse Pulse Meadow,Pulse Pulse,Meadow Labs Inc.
Citrine Wave Meadow,Citrine Wave,Meadow Labs Inc.
Crimson Node Meadow,Crimson Node,Meadow Labs Inc.
Delta Grid Arbor,Delta Grid,Arbor Industries Inc.
Teal Grid Hub Meadow,Teal Grid Hub,Meadow Labs Inc.
Lyra Bridge Orion,Lyra Bridge,Orion Manufacturing Inc.
Coral Sense Orion,Coral Sense,Orion Manufacturing Inc.
Sierra Flow Orion,Sierra Flow,Orion Manufacturing Inc.
Delta Engine Spark Orion,Delta Engine Spark,Orion Manufacturing Inc.
Luna Matrix Hub GoldenGate,Luna Matrix Hub,GoldenGate Technologies Inc.
Cerulean Vault Copperline,Cerulean Vault,Copperline Devices Inc.
MiraSpeaker Mini Edge / TerraCharge Air Ultra,Crimson Vault,Cinder Electronics Inc.
KairoLink Ultra Pro / JadeBuds Max Ultra,Opal Hub,Sunpeak Industries Inc.
Lime Module Mesh Lumen,Lime Module Mesh,Lumen Networks Inc.
Quanta Pulse Riverstone,Quanta Pulse,Riverstone Labs Inc.
Quanta Pulse Harbor,Quanta Pulse,Harbor Industries Inc.
Coral Matrix Wave RedStone,Coral Matrix Wave,RedStone Technologies Inc.
"SenseBook Plus, SparkDock and OrionWatch Plus",Indigo Core and Lyra Kernel and Sierra Kernel,BlueRiver Technologies Inc.
Saffron Stack Vector 128GB Starter Kit Evergreen,Saffron Stack Vector,Evergreen Devices Inc.
Slate Fabric Clearwater,Slate Fabric,Clearwater Electronics Inc.
"AuroraBook Ultra, SenseDrive Mini, CrownBook Ultra and AstraKey Mini",Sol Module + Frost Module + Azure Node + Violet Node,SilverLine Systems Inc.
Lyra Link and Nova Pulse,Lyra Link and Nova Pulse,Catalyst Industries Inc.
Violet Node Summit,Violet Node,Summit Networks Inc.
Nimbus Grid Highland,Nimbus Grid,Highland Components Inc.
Topaz Mesh Summit,Topaz Mesh,Summit Networks Inc.
Opal Module Node Summit,Opal Module Node,Summit Networks Inc.
Beryl Pulse Dock Highland,Beryl Pulse Dock,Highland Components Inc.
AstraWatch Pro Max,Helio Beam,Astra Works Inc.
Vega Beam BlueRiver,Vega Beam,BlueRiver Works Inc.
Umber Kernel Hub Ironwood,Umber Kernel Hub,Ironwood Holdings Inc.
OnyxStand Gen Lite Mini,Cedar Grid Arc,Windmill Labs Inc.
CopperNode Ultra Mini,Indigo Shield Spark,Springboard Industries Inc.
CoreBuds Max Lite,Cerulean Core Grid,Lighthouse Manufacturing Inc.
CoreBuds Max Lite / CopperCase Pro Edge,Cerulean Core Grid,Lighthouse Manufacturing Inc.
Lime Fabric Node Astra,Lime Fabric Node,Astra Technologies Inc.
Crimson Kernel Pinecone,Crimson Kernel,Pinecone Devices Inc.
Atlas Link Quantum,Atlas Link,Quantum Electronics Inc.
Argo Dock 64GB Bundle Mountain,Argo Dock,Mountain Components Inc.
SparkCharge Mini Air,Cedar Module,Sunpeak Holdings Inc.
TopazPhone Lite,Argo Shield,Sunpeak Holdings Inc.
PearlDrive Pro Plus,Lyra Layer,Starlight Industries Inc.
PearlDrive Pro Plus,Lyra Layer,Starlight Industries Inc.
GraphiteSpeaker Mini Mini,Helio Engine Core,Sunpeak Holdings Inc.
SummitDrive Lite Gen,Echo Engine Stack,Mosaic Systems Inc.
CobaltRouter Edge Pro,Nova Kernel Edge,Stonebridge Systems Inc.
Jade Spark Photon,Jade Spark,Photon Technologies Inc.
Atlas Layer EchoLabs,Atlas Layer,EchoLabs Devices Inc.
MintPhone Mini,Umber Spark,Northwind Electronics Inc.
Opal Module Node Seabird,Opal Module Node,Seabird Networks Inc.
Cinder Link Saffron,Cinder Link,Saffron Group Inc.
Opal Module Node Meadow,Opal Module Node,Meadow Works Inc.
Quartz Module Grid Meadow,Quartz Module Grid,Meadow Works Inc.
Sierra Node Spark Meadow,Sierra Node Spark,Meadow Works Inc.
Echo Fabric Arbor,Echo Fabric,Arbor Holdings Inc.
Copper Fabric Orion,Copper Fabric,Orion Labs Inc.
NebulaCase Ultra Edge,Frost Bridge; Zen Node,Cinder Technologies Inc.
RubyStand SE Mini,Argo Edge,GoldenGate Manufacturing Inc.
EdgeSpeaker SE Gen,Echo Signal Frame; Echo Grid Engine,Nightfall Labs Inc.
AtlasKey Pro Gen,Copper Engine; Echo Stack Vector,Zenith Industries Inc.
ArgoWatch Plus Lite,Sol Module; Frost Module; Azure Node; Violet Node,Zenith Industries Inc.
TealPad Mini,Onyx Module,Zenith Industries Inc.
CobaltDock Mini SE Air,Maple Matrix,Evergreen Holdings Inc.
LyraSpeaker Mini,Slate Matrix,Riverstone Works Inc.
VectorCam Edge,Violet Matrix,Atlas Labs Inc.
TerraLink Plus,Violet Kernel,Evergreen Systems Inc.
GraphitePad Max,Maple Pulse,Zenith Industries Inc.
NebulaWatch Mini Mini,Silver Signal,Zenith Industries Inc.
CodaPhone Mini Lite Mini,Coral Sense,Zenith Industries Inc.
CoreCase Gen,Atlas Edge,Summit Electronics Inc.
AtlasStand Gen Lite,Umber Dock,Summit Electronics Inc.
WaveHub Gen,Coda Beam,Highland Devices Inc.
NebulaPad Edge,Sierra Beam,NovaWorks Components Inc.
SignalCase Plus Ultra,Orion Flex,Riverstone Works Inc.
CitrineCase Lite Mini,Auric Flex,NovaWorks Components Inc.
CrimsonSpeaker Ultra Mini,Umber Flex,Zenith Industries Inc.
AzureSpeaker Ultra Air,Umber Flex,Zenith Industries Inc.
SlateKey Gen,Silver Flex,Evergreen Systems Inc.
CrimsonBeam Mini Mini SE,Violet Spark,Zenith Industries Inc.
NovaSpeaker SE Ultra,Coda Arc,NovaWorks Components Inc.
KairoHub SE Ultra / AzureDock Air Lite,Aero Vault,Zenith Industries Inc.
FlexDrive Max Plus,Aero Vault,Mountain Group Inc.
CrownStand,Astra Vault and Echo Stack Vector,Zenith Industries Inc.
CatalystHub Plus Mini,Jade Engine Arc,Zenith Industries Inc.
GlacierStand,Nova Stack Vault,Clearwater Works Inc.
TerraRouter Mini SE,Graphite Stack Engine,Lighthouse Manufacturing Inc.
SlatePad Plus Ultra,Quartz Fabric Kernel,Zenith Industries Inc.
HarborNode Edge Mini,Kairo Matrix Fabric,Zenith Industries Inc.
HelioPad Lite,Ivory Wave Shield,Zenith Industries Inc.
QuartzCam Edge,Orion Shield Module,Riverstone Works Inc.
QuartzCam Edge / RubyCam Edge,Orion Shield Module,Riverstone Works Inc.
PulseBeam Mini Edge Gen,Lyra Shield Stack,NovaWorks Components Inc.
MiraStand SE Air Plus,Lime Shield Grid,Zenith Industries Inc.
IndigoSpeaker Mini Mini / LyraDock Mini and SummitRouter Air Lite,Copper Engine and Astra Vault,RedStone Manufacturing Inc.
TerraLink Plus / ZenithLink Plus,Violet Kernel,Evergreen Systems Inc.
SlateKey Gen / SaffronBeam Mini Mini,Silver Flex,Evergreen Systems Inc.
AuroraPad Ultra / CorePad Ultra,Opal Node,Clearwater Technologies Inc.
SonicWatch Pro Gen,Umbral Sense,Ironwood Group Inc.
PhotonPhone Mini SE Air and SignalPhone Mini Max Ultra / GraphiteNode Mini Plus / GraphiteCam Mini / ZenithSpeaker Lite / EdgeWatch Pro / LumenBuds Pro,Lime Frame,DeepField Devices Inc.
SenseLink Air Mini 256GB Starter Kit / NovaDrive Air Mini,Topaz Vault,Astra Manufacturing Inc.
SenseLink Air Mini 256GB Starter Kit / NovaDrive Air Mini,Topaz Vault,Astra Manufacturing Inc.
SenseLink Air Mini 256GB Starter Kit / BridgeCase Mini Mini / SaffronSpeaker Ultra Mini 256GB Starter Kit / PulseCase Gen 64GB Bundle / NovaDrive Air Mini,Topaz Vault,Astra Manufacturing Inc.
SenseLink Air Mini 256GB Starter Kit / BridgeCase Mini Mini / SaffronSpeaker Ultra Mini 256GB Starter Kit / PulseCase Gen 64GB Bundle / NovaDrive Air Mini,Topaz Vault,Astra Manufacturing Inc.
SenseLink Air Mini 256GB Starter Kit / BridgeCase Mini Mini / NovaDrive Air Mini,Topaz Vault,Astra Manufacturing Inc.
PhotonPhone Mini SE Air and MiraPad Mini Plus Pro / EdgeDrive Ultra / RubyNode Mini Plus / TopazSpeaker Gen SE / MiraSpeaker / HelioSpeaker / NovaCase Plus / TopazKey Gen and NebulaWatch SE Air Plus / GraphiteBook Ultra / KairoCharge SE Air Plus / SonicSpeaker Lite / EdgeKey Plus Pro / EdgeDock Edge / MintWatch Air / WaveSpeaker Lite / RubyDock Edge,Lime Frame,DeepField Devices Inc.
HelioCam Pro / OpalHub Air Plus,Vega Beam,Astra Labs Inc.
HelioCam Pro / OpalHub Air Plus,Vega Beam,Astra Labs Inc.
HelioCam Pro / OpalHub Air Plus,Vega Beam,Astra Labs Inc.
PhotonPhone Mini SE Air and VegaPad Mini Edge Gen / BridgeHub Lite Mini / SilverDock Edge / TopazKey Gen and CitrineWatch Plus Pro Max / NimbusBuds Ultra / GraphiteWatch Air / JadePad Plus Edge / HarborCharge Ultra Edge Gen / KairoRouter Edge / NebulaSpeaker Lite / CatalystSpeaker Gen Edge / EchoCharge Lite / EdgeNode Mini Plus / SparkStand Edge / GraphiteKey Plus,Lime Frame,DeepField Devices Inc.
PhotonPhone Mini SE Air and CobaltPad Mini Lite Mini / CitrineCharge Ultra Edge Gen / SparkKey Plus Plus / SummitCase Lite / GlacierLink Mini SE 64GB Refurbished / JadeCharge Lite Max / PhotonPhone Mini SE Air and RubyPad Mini Ultra Edge / OnyxRouter Edge / ZenithCase Air / DriveWatch Air / PearlWatch Air Plus / WaveSpeaker Gen Plus / SonicCase Plus Pro / TopazSpeaker Air and VectorBook Mini Pro / TopazKey Gen and TealWatch Lite Mini SE Air / AuroraCase Plus / PhotonPhone Mini SE Air and EchoPad Mini Max Ultra / CodaCharge Lite,Lime Frame,DeepField Devices Inc.
PhotonPhone Mini SE Air and CobaltPad Mini Lite Mini / CitrineCharge Ultra Edge Gen / SparkKey Plus Plus / SummitCase Lite / GlacierLink Mini SE 64GB Refurbished / PhotonPhone Mini SE Air and RubyPad Mini Ultra Edge / OnyxRouter Edge / ZenithCase Air / DriveWatch Air / PearlWatch Air Plus / WaveSpeaker Gen Plus / SonicCase Plus Pro / TopazSpeaker Air and VectorBook Mini Pro / TopazKey Gen and TealWatch Lite Mini SE Air / AuroraCase Plus / PhotonPhone Mini SE Air and EchoPad Mini Max Ultra / CodaCharge Lite,Lime Frame,DeepField Devices Inc.
FlexBeam Edge / QuantaRouter Edge / QuartzCharge Mini Plus / CobaltBuds Mini / SyncBeam Edge,Frost Flex,Atlas Labs Inc.
PhotonPhone Mini SE Air and CobaltPad Mini Lite Mini / SparkKey Plus Plus / OnyxRouter Edge / TopazKey Gen and TealWatch Lite Mini SE Air,Lime Frame,DeepField Devices Inc.
PhotonPhone Mini SE Air and CobaltPad Mini Lite Mini / SparkKey Plus Plus / OnyxRouter Edge / TopazKey Gen and TealWatch Lite Mini SE Air,Lime Frame,DeepField Devices Inc.
PhotonPhone Mini SE Air and CobaltPad Mini Lite Mini / SparkKey Plus Plus / OnyxRouter Edge / TopazKey Gen and TealWatch Lite Mini SE Air / JadeCharge Lite Max,Lime Frame,DeepField Devices Inc.
HarborCam Gen / GlacierCam Gen / CrownCam Gen,Indigo Core,Seabird Electronics Inc.
Pearl Mesh Seabird,Pearl Mesh,Seabird Electronics Inc.
LumenCharge Gen SE,Pulse Link Sense,Arbor Devices Inc.
Umbral Module Sense Saffron,Umbral Module Sense,Saffron Components Inc.
JadeBuds Max Ultra and QuantaRouter,Umber Core; Opal Hub,BrightWave Technologies Inc.
Lyra Module Meadow,Lyra Module,Meadow Networks Inc.
Helio Fabric Meadow,Helio Fabric,Meadow Networks Inc.
AuroraPad Air,Echo Fabric,Arbor Devices Inc.
HarborCase Pro and QuantaRouter Air,Cerulean Fabric & Pulse Pulse,DeepField Devices Inc.
Aero Matrix Meadow,Aero Matrix,Meadow Networks Inc.
TealDock Plus and SonicCharge Air,Aero Matrix & Onyx Kernel,Sunpeak Group Inc.
ArgoNode Pro and SonicCharge Air,Aero Matrix; Frost Pulse,Aurora Group Inc.
Helio Matrix Meadow,Helio Matrix,Meadow Networks Inc.
"Azure Matrix, Terra Grid, and Ruby Fabric Link",Azure Matrix & Terra Grid & Ruby Fabric Link,Catalyst Industries Inc.
Aero Kernel Meadow,Aero Kernel,Meadow Networks Inc.
Violet Kernel Meadow,Violet Kernel,Meadow Networks Inc.
Aero Link Meadow,Aero Link,Meadow Networks Inc.
Crimson Link Meadow,Crimson Link,Meadow Networks Inc.
BeamDock Pro,Saffron Link,Meadow Networks Inc.
Saffron Link Meadow,Saffron Link,Meadow Networks Inc.
Pulse Pulse Meadow,Pulse Pulse,Meadow Networks Inc.
Zen Pulse Meadow,Zen Pulse,Meadow Networks Inc.
Quanta Pulse Meadow,Quanta Pulse,Meadow Networks Inc.
Vega Pulse Arbor,Vega Pulse,Arbor Group Inc.
Frost Pulse Meadow,Frost Pulse,Meadow Networks Inc.
Citrine Wave Meadow,Citrine Wave,Meadow Networks Inc.
Crimson Node Meadow,Crimson Node,Meadow Networks Inc.
Saffron Node Meadow,Saffron Node,Meadow Networks Inc.
SilverCharge Max Ultra Edge / IndigoPhone Ultra,Saffron Node,Meadow Networks Inc.
Coda Grid Meadow,Coda Grid,Meadow Networks Inc.
Sonic Grid Meadow,Sonic Grid,Meadow Networks Inc.
Golden Signal Meadow,Golden Signal,Meadow Networks Inc.
Delta Shield Meadow,Delta Shield,Meadow Networks Inc.
Delta Shield and Beryl Hub,Delta Shield + Beryl Hub,Highland Group Inc.
PhotonSpeaker Edge,Sierra Drive,Arbor Devices Inc.
Helio Sense Meadow,Helio Sense,Meadow Networks Inc.
Cobalt Sense Arbor,Cobalt Sense,Arbor Group Inc.
Argo Mesh Meadow,Argo Mesh,Meadow Networks Inc.
Frost Mesh Meadow,Frost Mesh,Meadow Networks Inc.
Jade Mesh Meadow,Jade Mesh,Meadow Networks Inc.
Cedar Mesh Meadow,Cedar Mesh,Meadow Networks Inc.
Auric Mesh Meadow,Auric Mesh,Meadow Networks Inc.
Ivory Mesh Meadow,Ivory Mesh,Meadow Networks Inc.
Quartz Dock Meadow,Quartz Dock,Meadow Networks Inc.
Citrine Hub Meadow,Citrine Hub,Meadow Networks Inc.
Sable Hub Meadow,Sable Hub,Meadow Networks Inc.
Atlas Flex Meadow,Atlas Flex,Meadow Networks Inc.
Pearl Flex Meadow,Pearl Flex,Meadow Networks Inc.
Sierra Spark Meadow,Sierra Spark,Meadow Networks Inc.
Jade Spark Arbor,Jade Spark,Arbor Group Inc.
Cerulean Spark Meadow,Cerulean Spark,Meadow Networks Inc.
"SparkStand Gen Max, CrimsonHub Ultra Pro, and SyncNode SE Edge","Luna Arc, Indigo Signal Vault, Lime Stack Shield, Mint Link Core",Arbor Group Inc.
Umbral Arc Meadow,Umbral Arc,Meadow Networks Inc.
Silver Vault Meadow,Silver Vault,Meadow Networks Inc.
Coral Vector Meadow,Coral Vector,Meadow Networks Inc.
Ivory Vector Meadow,Ivory Vector,Meadow Networks Inc.
Violet Vector Meadow,Violet Vector,Meadow Networks Inc.
Saffron Layer Meadow,Saffron Layer,Meadow Networks Inc.
Silver Layer Meadow,Silver Layer,Meadow Networks Inc.
SenseSpeaker Pro Max Ultra,Frost Core Sync,Catalyst Industries Inc.
Frost Core Sync Meadow,Frost Core Sync,Meadow Networks Inc.
Cerulean Core Grid Meadow,Cerulean Core Grid,Meadow Networks Inc.
Ivory Core Signal Meadow,Ivory Core Signal,Meadow Networks Inc.
Sable Core Beam Meadow,Sable Core Beam,Meadow Networks Inc.
Umbral Module Sense Meadow,Umbral Module Sense,Meadow Networks Inc.
Delta Wave Vector Meadow,Delta Wave Vector,Meadow Networks Inc.
Cobalt Wave Frame Meadow,Cobalt Wave Frame,Meadow Networks Inc.
Mira Node Signal Meadow,Mira Node Signal,Meadow Networks Inc.
QuantaDrive Pro Lite / ArgoCase Mini SE Air,Azure Grid Beam,Meadow Networks Inc.
Azure Grid Beam Meadow,Azure Grid Beam,Meadow Networks Inc.
AuroraCase Ultra Air / LumenCam Ultra,Ember Grid,EchoLabs Components Inc.
DriveWatch Pro / FlexWatch Pro / TerraKey Gen SE / GlacierSpeaker Ultra Mini / WaveWatch Pro / ZenithRouter Edge / LumenBuds Pro / SolCase Lite / EchoCam Pro / NebulaKey Edge Ultra / BridgeBeam Mini SE Air,Aero Link,Copperline Industries Inc.
DriveWatch Pro / FlexWatch Pro / TerraKey Gen SE / GlacierSpeaker Ultra Mini / WaveWatch Pro / ZenithRouter Edge / LumenBuds Pro / SolCase Lite / EchoCam Pro / NebulaKey Edge Ultra / BridgeBeam Mini SE Air,Aero Link,Copperline Industries Inc.
DriveWatch Pro / FlexWatch Pro / TerraKey Gen SE / GlacierSpeaker Ultra Mini / ZenithRouter Edge / LumenBuds Pro / SolCase Lite / EchoCam Pro / NebulaKey Edge Ultra / BridgeBeam Mini SE Air,Aero Link,Copperline Industries Inc.
Aero Matrix Cinder,Aero Matrix,Cinder Manufacturing Inc.
Nova Drive Sync Cinder,Nova Drive Sync,Cinder Manufacturing Inc.
Quanta Pulse Lumen,Quanta Pulse,Lumen Technologies Inc.
Frost Mesh Lumen,Frost Mesh,Lumen Technologies Inc.
Silver Layer and Azure Grid Beam,Silver Layer + Azure Grid Beam,Arbor Devices Inc.
"SenseBook Plus, SparkDock and OrionWatch Plus / SenseBook Plus, SparkDock, and OrionWatch Plus","Indigo Core, Lyra Kernel, Sierra Kernel",BlueRiver Technologies Inc.
Pulse Pulse SilverLine,Pulse Pulse,SilverLine Devices Inc.
Citrine Wave SilverLine,Citrine Wave,SilverLine Devices Inc.
Crimson Node SilverLine,Crimson Node,SilverLine Devices Inc.
Helio Sense SilverLine,Helio Sense,SilverLine Devices Inc.
Cobalt Sense SilverLine,Cobalt Sense,SilverLine Devices Inc.
Jade Mesh SilverLine,Jade Mesh,SilverLine Devices Inc.
Teal Grid Hub SilverLine,Teal Grid Hub,SilverLine Devices Inc.
SilverCharge Max Ultra Edge / IndigoPhone Ultra,Saffron Node,Meadow Networks Inc.
NimbusCase Pro Plus / OrionPhone Air Lite,Astra Arc,Aurora Components Inc.
SonicCam Pro / SummitCam Pro / WaveWatch Pro,Frost Flow,Mosaic Holdings Inc.
NimbusPhone SE Air Plus,Delta Flow,Harbor Group Inc.
"FlexStand Plus 256GB Refurbished / FlexStand Plus 256GB Bundle / FlexStand Plus 512GB Refurbished / CodaStand Pro, EchoPhone 128GB Starter Kit/SaffronStand Max / CodaStand Pro, EchoPhone 64GB Refurbished/SaffronStand Max / CodaStand Pro, EchoPhone 128GB Starter Kit/SaffronStand Max",Sonic Pulse,Clearwater Manufacturing Inc.
HarborLink Lite Plus / NebulaBuds Plus Lite,Ivory Vector,Glacier Technologies Inc.
Umber Arc Crown,Umber Arc,Crown Devices Inc.
KairoPad Edge Gen,Aero Link,Skylark Electronics Inc.
SonicDock SE Mini SE,Cobalt Dock,Copperline Devices Inc.
PearlHub Mini Gen Lite,Ivory Kernel Arc,Skylark Electronics Inc.
PhotonPhone SE Mini SE,Mint Wave Flow,Glacier Networks Inc.
CoreSpeaker Ultra Mini,Cinder Drive Pulse,BrightWave Electronics Inc.
SyncPhone Air Air,Mira Arc,Sunpeak Components Inc.
CopperPhone SE Ultra Edge,Pulse Drive,Astra Labs Inc.
GraphiteBeam SE,Copper Node,DeepField Systems Inc.
PhotonBeam SE,Copper Node,Seabird Technologies Inc.
GraphiteHub Max,Echo Dock,Arbor Components Inc.
QuantaPad Air / SonicWatch Edge Air,Delta Matrix Grid,EchoLabs Industries Inc.
Luna Bridge Meadow,Luna Bridge,Meadow Electronics Inc.
Sable Link Meadow,Sable Link,Meadow Electronics Inc.
SaffronSpeaker Air Gen,Atlas Vault,Copperline Components Inc.
DriveSpeaker Air Gen,Auric Vault,Copperline Holdings Inc.
Silver Core Link Meadow,Silver Core Link,Meadow Electronics Inc.
Azure Core Arc Meadow,Azure Core Arc,Meadow Electronics Inc.
Nimbus Engine Matrix Meadow,Nimbus Engine Matrix,Meadow Electronics Inc.
Slate Pulse Edge and Quanta Signal Stack,"Slate Pulse Edge, Quanta Signal Stack",Catalyst Industries Inc.
Lime Grid Edge Meadow,Lime Grid Edge,Meadow Electronics Inc.
Azure Grid Beam Meadow,Azure Grid Beam,Meadow Electronics Inc.
Frost Shield Node Cinder,Frost Shield Node,Cinder Labs Inc.
Atlas Dock Catalyst,Atlas Dock,Catalyst Industries Inc.
Mira Grid Lumen,Mira Grid,Lumen Manufacturing Inc.
Ivory Core SilverLine,Ivory Core,SilverLine Systems Inc.
Coda Engine SilverLine,Coda Engine,SilverLine Systems Inc.
Silver Engine SilverLine,Silver Engine,SilverLine Systems Inc.
Magenta Engine and Beryl Hub,"Magenta Engine, Beryl Hub",SilverLine Systems Inc.
"LumenDock Pro Air, CobaltLink Mini and CrimsonBuds Mini SE",Zen Module and Beryl Hub and Nova Core Matrix,RedStone Electronics Inc.
Coda Module SilverLine,Coda Module,SilverLine Systems Inc.
Coda Module and Magenta Link,Coda Module; Magenta Link,Harbor Devices Inc.
"AuroraBook Ultra, SenseDrive Mini, CrownBook Ultra and AstraKey Mini / TerraBeam","Sol Module, Frost Module, Azure Node, Violet Node",SilverLine Systems Inc.
Jade Module SilverLine,Jade Module,SilverLine Systems Inc.
Pearl Module SilverLine,Pearl Module,SilverLine Systems Inc.
Teal Module SilverLine,Teal Module,SilverLine Systems Inc.
Ember Stack SilverLine,Ember Stack,SilverLine Systems Inc.
Coral Stack SilverLine,Coral Stack,SilverLine Systems Inc.
SaffronDrive SE,Onyx Stack,Catalyst Group Inc.
CitrineDrive SE,Pearl Stack,Arbor Devices Inc.
AuroraPad Air,Echo Fabric,Arbor Devices Inc.
Orion Fabric SilverLine,Orion Fabric,SilverLine Systems Inc.
IndigoDock Air,Crimson Fabric,SilverLine Systems Inc.
Sierra Matrix and Beryl Hub,Sierra Matrix + Beryl Hub,BlueRiver Networks Inc.
Violet Matrix SilverLine,Violet Matrix,SilverLine Systems Inc.
Nova Kernel SilverLine,Nova Kernel,SilverLine Systems Inc.
Vega Kernel SilverLine,Vega Kernel,SilverLine Systems Inc.
Argo Kernel SilverLine,Argo Kernel,SilverLine Systems Inc.
Indigo Kernel SilverLine,Indigo Kernel,SilverLine Systems Inc.
Quartz Kernel SilverLine,Quartz Kernel,SilverLine Systems Inc.
Violet Kernel SilverLine,Violet Kernel,SilverLine Systems Inc.
SummitHub Edge / ZenithLink Plus,Violet Kernel,SilverLine Systems Inc.
Orion Bridge SilverLine,Orion Bridge,SilverLine Systems Inc.
Cinder Bridge SilverLine,Cinder Bridge,SilverLine Systems Inc.
Ember Bridge SilverLine,Ember Bridge,SilverLine Systems Inc.
Sierra Bridge SilverLine,Sierra Bridge,SilverLine Systems Inc.
SparkNode Plus,Delta Bridge,SilverLine Systems Inc.
Umber Bridge SilverLine,Umber Bridge,SilverLine Systems Inc.
Mint Bridge SilverLine,Mint Bridge,SilverLine Systems Inc.
Lyra Link SilverLine,Lyra Link,SilverLine Systems Inc.
Copper Link SilverLine,Copper Link,SilverLine Systems Inc.
Ivory Link SilverLine,Ivory Link,SilverLine Systems Inc.
SummitCharge Pro,Citrine Link,Arbor Components Inc.
Coda Pulse SilverLine,Coda Pulse,SilverLine Systems Inc.
VegaStand Pro,Sol Pulse,BrightWave Electronics Inc.
Ember Pulse SilverLine,Ember Pulse,SilverLine Systems Inc.
Vega Wave SilverLine,Vega Wave,SilverLine Systems Inc.
Atlas Wave SilverLine,Atlas Wave,SilverLine Systems Inc.
Ivory Wave SilverLine,Ivory Wave,SilverLine Systems Inc.
Sable Node SilverLine,Sable Node,SilverLine Systems Inc.
Violet Node SilverLine,Violet Node,SilverLine Systems Inc.
Nimbus Grid SilverLine,Nimbus Grid,SilverLine Systems Inc.
SyncLink Ultra Max,Pulse Grid,SilverLine Systems Inc.
Coda Grid SilverLine,Coda Grid,SilverLine Systems Inc.
Atlas Grid SilverLine,Atlas Grid,SilverLine Systems Inc.
Coral Grid SilverLine,Coral Grid,SilverLine Systems Inc.
Jade Grid SilverLine,Jade Grid,SilverLine Systems Inc.
Beryl Grid SilverLine,Beryl Grid,SilverLine Systems Inc.
AzureCharge Ultra,Quanta Signal,BrightWave Electronics Inc.
CrownDock Edge,Graphite Signal,SilverLine Systems Inc.
"Citrine Signal, Coral Shield and Echo Node Fabric",Citrine Signal + Coral Shield + Echo Node Fabric,Arbor Devices Inc.
Nimbus Shield SilverLine,Nimbus Shield,SilverLine Systems Inc.
Coral Shield and Echo Node Fabric,"Coral Shield, Echo Node Fabric",Arbor Devices Inc.
Quartz Shield SilverLine,Quartz Shield,SilverLine Systems Inc.
TerraSpeaker Edge,Atlas Drive,GoldenGate Technologies Inc.
Cinder Drive SilverLine,Cinder Drive,SilverLine Systems Inc.
Golden Drive SilverLine,Golden Drive,SilverLine Systems Inc.
TerraKey Air Air,Golden Drive; Pearl Layer,SilverLine Systems Inc.
Topaz Drive SilverLine,Topaz Drive,SilverLine Systems Inc.
EdgeDrive Edge and CobaltDrive Edge,"Azure Drive, Echo Sense",EchoLabs Systems Inc.
HarborPhone Pro Air 128GB Dual‑SIM,Azure Drive + Maple Layer,SilverLine Systems Inc.
PulseBuds Mini Ultra,Azure Drive + Pearl Layer,SilverLine Systems Inc.
Helio Sense SilverLine,Helio Sense,SilverLine Systems Inc.
Orion Sense SilverLine,Orion Sense,SilverLine Systems Inc.
Argo Sense SilverLine,Argo Sense,SilverLine Systems Inc.
Frost Sense SilverLine,Frost Sense,SilverLine Systems Inc.
Indigo Sense SilverLine,Indigo Sense,SilverLine Systems Inc.
Lime Sense SilverLine,Lime Sense,SilverLine Systems Inc.
Atlas Mesh SilverLine,Atlas Mesh,SilverLine Systems Inc.
Frost Mesh SilverLine,Frost Mesh,SilverLine Systems Inc.
MiraCharge Gen,Cedar Mesh,BlueRiver Technologies Inc.
SolHub Pro SE and MiraCharge Gen,Cedar Mesh; Teal Layer,SilverLine Systems Inc.
Ivory Mesh and Atlas Bridge Vector,Ivory Mesh & Atlas Bridge Vector,Harbor Devices Inc.
BridgeCharge Gen,Slate Mesh,SilverLine Systems Inc.
Slate Mesh SilverLine,Slate Mesh,SilverLine Systems Inc.
Teal Mesh SilverLine,Teal Mesh,SilverLine Systems Inc.
SenseBook Mini,Coda Edge,DeepField Systems Inc.
Zen Dock and Astra Vault,Zen Dock + Astra Vault,Arbor Devices Inc.
Atlas Dock SilverLine,Atlas Dock,SilverLine Systems Inc.
Slate Hub SilverLine,Slate Hub,SilverLine Systems Inc.
Beryl Hub SilverLine,Beryl Hub,SilverLine Systems Inc.
SyncBeam Max Ultra and CrimsonBuds Mini SE,"Beryl Hub, Topaz Sync",Arbor Components Inc.
CrownLink SE Lite and CrimsonBuds Mini SE,Beryl Hub and Coral Flow,Arbor Devices Inc.
Violet Hub SilverLine,Violet Hub,SilverLine Systems Inc.
Terra Beam SilverLine,Terra Beam,SilverLine Systems Inc.
AstraWatch Pro Max,Helio Beam,Astra Works Inc.
Luna Beam SilverLine,Luna Beam,SilverLine Systems Inc.
EdgeDock Mini SE,Sonic Beam,BrightWave Electronics Inc.
Maple Beam SilverLine,Maple Beam,SilverLine Systems Inc.
CopperDrive Pro,Luna Flex,SilverLine Systems Inc.
Nova Flex SilverLine,Nova Flex,SilverLine Systems Inc.
Atlas Flex SilverLine,Atlas Flex,SilverLine Systems Inc.
Argo Flex SilverLine,Argo Flex,SilverLine Systems Inc.
Umber Flex SilverLine,Umber Flex,SilverLine Systems Inc.
Silver Flex SilverLine,Silver Flex,SilverLine Systems Inc.
Orion Spark SilverLine,Orion Spark,SilverLine Systems Inc.
Coda Spark SilverLine,Coda Spark,SilverLine Systems Inc.
SenseBook SE Air,Cinder Spark,GoldenGate Electronics Inc.
Jade Spark SilverLine,Jade Spark,SilverLine Systems Inc.
Umbral Spark SilverLine,Umbral Spark,SilverLine Systems Inc.
Azure Spark SilverLine,Azure Spark,SilverLine Systems Inc.
Sol Flow SilverLine,Sol Flow,SilverLine Systems Inc.
Cinder Flow SilverLine,Cinder Flow,SilverLine Systems Inc.
Cobalt Flow SilverLine,Cobalt Flow,SilverLine Systems Inc.
Pearl Arc SilverLine,Pearl Arc,SilverLine Systems Inc.
Indigo Arc SilverLine,Indigo Arc,SilverLine Systems Inc.
Crimson Arc SilverLine,Crimson Arc,SilverLine Systems Inc.
Aero Vault SilverLine,Aero Vault,SilverLine Systems Inc.
SaffronSpeaker Air Gen,Atlas Vault,Copperline Components Inc.
Coral Vault SilverLine,Coral Vault,SilverLine Systems Inc.
Cobalt Vault SilverLine,Cobalt Vault,SilverLine Systems Inc.
DriveSpeaker Air Gen,Auric Vault,Copperline Holdings Inc.
Silver Vault SilverLine,Silver Vault,SilverLine Systems Inc.
Cerulean Vault SilverLine,Cerulean Vault,SilverLine Systems Inc.
Atlas Vector SilverLine,Atlas Vector,SilverLine Systems Inc.
Ivory Vector SilverLine,Ivory Vector,SilverLine Systems Inc.
Topaz Vector SilverLine,Topaz Vector,SilverLine Systems Inc.
Cobalt Frame SilverLine,Cobalt Frame,SilverLine Systems Inc.
Umber Frame SilverLine,Umber Frame,SilverLine Systems Inc.
Pearl Layer SilverLine,Pearl Layer,SilverLine Systems Inc.
Saffron Layer SilverLine,Saffron Layer,SilverLine Systems Inc.
Silver Layer SilverLine,Silver Layer,SilverLine Systems Inc.
Teal Layer SilverLine,Teal Layer,SilverLine Systems Inc.
Cedar Core Core SilverLine,Cedar Core Core,SilverLine Systems Inc.
Topaz Core Sense SilverLine,Topaz Core Sense,SilverLine Systems Inc.
Nimbus Module Module SilverLine,Nimbus Module Module,SilverLine Systems Inc.
Lyra Module Link SilverLine,Lyra Module Link,SilverLine Systems Inc.
SaffronBeam,Opal Module Node,SilverLine Systems Inc.
OrionPad Ultra Edge,Echo Stack Vector,Arbor Devices Inc.
Zen Stack Engine SilverLine,Zen Stack Engine,SilverLine Systems Inc.
Quanta Fabric Layer SilverLine,Quanta Fabric Layer,SilverLine Systems Inc.
VectorPhone Edge Mini,Terra Matrix Edge,Arbor Devices Inc.
Echo Matrix Sync SilverLine,Echo Matrix Sync,SilverLine Systems Inc.
Coda Matrix Engine SilverLine,Coda Matrix Engine,SilverLine Systems Inc.
ZenithDrive Edge Ultra,Cedar Kernel Signal,Clearwater Manufacturing Inc.
AuroraBuds Mini Plus Pro,Pearl Kernel Drive,SilverLine Systems Inc.
Graphite Kernel Flex SilverLine,Graphite Kernel Flex,SilverLine Systems Inc.
LumenCharge Gen SE,Pulse Link Sense,Arbor Devices Inc.
Orion Pulse Mesh SilverLine,Orion Pulse Mesh,SilverLine Systems Inc.
Pearl Pulse Kernel SilverLine,Pearl Pulse Kernel,SilverLine Systems Inc.
Beryl Pulse Dock SilverLine,Beryl Pulse Dock,SilverLine Systems Inc.
Umbral Pulse Arc SilverLine,Umbral Pulse Arc,SilverLine Systems Inc.
Terra Wave Stack SilverLine,Terra Wave Stack,SilverLine Systems Inc.
PearlBook Gen Lite Mini,Atlas Node Sense,SilverLine Systems Inc.
Quartz Node Sense SilverLine,Quartz Node Sense,SilverLine Systems Inc.
Terra Grid Vector SilverLine,Terra Grid Vector,SilverLine Systems Inc.
Sol Grid Drive SilverLine,Sol Grid Drive,SilverLine Systems Inc.
Jade Grid Spark SilverLine,Jade Grid Spark,SilverLine Systems Inc.
Saffron Grid Engine SilverLine,Saffron Grid Engine,SilverLine Systems Inc.
Graphite Grid Matrix SilverLine,Graphite Grid Matrix,SilverLine Systems Inc.
Ruby Grid Drive SilverLine,Ruby Grid Drive,SilverLine Systems Inc.
SilverCam Gen SE,Cerulean Signal Fabric,SilverLine Systems Inc.
SilverCam Gen SE / FlexBook Mini Gen Lite,Cerulean Signal Fabric,SilverLine Systems Inc.
Nova Shield Flow SilverLine,Nova Shield Flow,SilverLine Systems Inc.
Argo Shield Wave SilverLine,Argo Shield Wave,SilverLine Systems Inc.
Nova Drive Sync SilverLine,Nova Drive Sync,SilverLine Systems Inc.
OnyxPhone Lite,Jade Drive Drive,Seabird Manufacturing Inc.
Golden Drive Arc SilverLine,Golden Drive Arc,SilverLine Systems Inc.
Magenta Kernel and Onyx Spark,Magenta Kernel & Onyx Spark,GoldenGate Electronics Inc.
LyraLink Plus and OpalWatch SE Gen,Aero Bridge and Onyx Spark and Magenta Kernel,BlueRiver Manufacturing Inc.
Pulse Fabric Vector Riverstone,Pulse Fabric Vector,Riverstone Electronics Inc.
Crimson Mesh Atlas,Crimson Mesh,Atlas Networks Inc.
Azure Sync Atlas,Azure Sync,Atlas Networks Inc.
Nova Kernel Summit,Nova Kernel,Summit Manufacturing Inc.
Nimbus Frame NovaWorks,Nimbus Frame,NovaWorks Systems Inc.
JadeBuds Mini Plus 1TB Bundle / CrimsonSpeaker SE Mini 1TB Refurbished,"Azure Drive, Pearl Layer",Ironwood Devices Inc.
Lime Core and Cerulean Fabric,Lime Core; Cerulean Fabric,Lumen Manufacturing Inc.
"AuroraBook Ultra, NovaKey Mini, CrownBook Ultra, and AstraKey Mini",Sol Module; Frost Module; Azure Node; Violet Node,Skylark Manufacturing Inc.
Luna Fabric and Ivory Mesh,Luna Fabric + Ivory Mesh,BrightWave Electronics Inc.
SilverKey Max,Golden Wave,Windmill Electronics Inc.
UmberCase Max,Magenta Wave,DeepField Holdings Inc.
Luna Node Windmill,Luna Node,Windmill Electronics Inc.
Vega Node Windmill,Vega Node,Windmill Electronics Inc.
Coda Grid SpringboarKA,Coda Grid,Springboard Components Inc.
VegaSpeaker Mini,Sonic Shield,Windmill Electronics Inc.
QuartzCharge Mini,Azure Drive + Umber Spark,Windmill Electronics Inc.
Ruby Sense Windmill,Ruby Sense,Windmill Electronics Inc.
SummitHub Gen,Azure Sense,GoldenGate Electronics Inc.
Quartz Edge Windmill,Quartz Edge,Windmill Electronics Inc.
Sol Beam Windmill,Sol Beam,Windmill Electronics Inc.
TopazBeam Mini Pro,Graphite Flex,Lighthouse Networks Inc.
Nova Spark Windmill,Nova Spark,Windmill Electronics Inc.
Golden Spark Windmill,Golden Spark,Windmill Electronics Inc.
Azure Spark Windmill,Azure Spark,Windmill Electronics Inc.
Violet Spark Windmill,Violet Spark,Windmill Electronics Inc.
Cedar Flow Windmill,Cedar Flow,Windmill Electronics Inc.
Aero Vault Windmill,Aero Vault,Windmill Electronics Inc.
Lyra Frame Windmill,Lyra Frame,Windmill Electronics Inc.
Azure Core Arc Windmill,Azure Core Arc,Windmill Electronics Inc.
SyncCharge Max SE,Ivory Engine Wave,BrightWave Manufacturing Inc.
JadeLink Max Gen,Helio Module Vector,BrightWave Electronics Inc.
Delta Module Beam Windmill,Delta Module Beam,Windmill Electronics Inc.
CitrineCase Max Edge and PhotonCharge Gen Lite Mini,"Opal Module Node, Cedar Grid Arc",Crown Group Inc.
Pulse Stack Core Windmill,Pulse Stack Core,Windmill Electronics Inc.
TealPad Ultra Mini,Orion Stack Fabric,Astra Manufacturing Inc.
Sol Stack Node Windmill,Sol Stack Node,Windmill Electronics Inc.
Teal Fabric Signal Windmill,Teal Fabric Signal,Windmill Electronics Inc.
HelioPhone Lite Mini,Zen Pulse Shield,Crown Group Inc.
NebulaSpeaker Mini,Terra Wave Stack,Windmill Electronics Inc.
Terra Wave Stack Windmill,Terra Wave Stack,Windmill Electronics Inc.
Cinder Wave Spark Windmill,Cinder Wave Spark,Windmill Electronics Inc.
Coda Node Shield Windmill,Coda Node Shield,Windmill Electronics Inc.
Umber Node Matrix Windmill,Umber Node Matrix,Windmill Electronics Inc.
Citrine Node Mesh Windmill,Citrine Node Mesh,Windmill Electronics Inc.
Terra Grid Vector Windmill,Terra Grid Vector,Windmill Electronics Inc.
Cedar Grid Arc Windmill,Cedar Grid Arc,Windmill Electronics Inc.
Maple Shield Beam Windmill,Maple Shield Beam,Windmill Electronics Inc.
AstraNode Plus Gen,Maple Layer,Lighthouse Networks Inc.
SignalCharge Ultra Lite / SyncCharge Ultra Mini,Coda Engine,Nebula Group Inc.
SignalNode Ultra Edge,Coral Fabric,Nebula Group Inc.
SolPad Edge Lite,Coral Fabric,Nebula Group Inc.
UmberCam SE,Ivory Mesh,Nebula Group Inc.
QuantaCharge Pro,Lime Matrix Link,Nebula Group Inc.
SlateBook Mini / JadeCharge Gen and NimbusBuds Gen Ultra / TopazBook Mini,"Ivory Mesh, Atlas Bridge Vector",Astra Works Inc.
SenseKey Ultra Edge Gen,Atlas Vault,Pinecone Holdings Inc.
Quartz Kernel Quantum,Quartz Kernel,Quantum Labs Inc.
Ruby Edge Quantum,Ruby Edge,Quantum Labs Inc.
OrionNode Air,Cobalt Signal Hub,Evergreen Devices Inc.
MiraDrive Mini 64GB Starter Kit,Orion Module,BrightWave Labs Inc.
AzureSpeaker Gen,Coral Mesh,Crown Systems Inc.
MintStand Gen Plus 64GB Refurbished,Umber Link Shield,Arbor Devices Inc.
Quanta Pulse Sunpeak,Quanta Pulse,Sunpeak Devices Inc.
Saffron Node Sunpeak,Saffron Node,Sunpeak Devices Inc.
Citrine Hub Sunpeak,Citrine Hub,Sunpeak Devices Inc.
Cerulean Spark Sunpeak,Cerulean Spark,Sunpeak Devices Inc.
Atlas Wave Dock BrightWave,Atlas Wave Dock,BrightWave Electronics Inc.
Mint Grid Starlight,Mint Grid,Starlight Components Inc.
MiraDrive Mini 64GB Starter Kit,Orion Module,BrightWave Labs Inc.
Orion Module 256GB Refurbished Photon,Orion Module,Photon Works Inc.
ZenithCharge Ultra Edge,Atlas Core Edge,EchoLabs Holdings Inc.
MiraDrive Mini 64GB Starter Kit,Orion Module,BrightWave Labs Inc.
MintStand Gen Plus 64GB Refurbished,Umber Link Shield,Arbor Devices Inc.
CorePhone Air,Astra Fabric,Mosaic Components Inc.
WaveDock Max,"Pulse Signal, Azure Node Spark",Mosaic Components Inc.
VectorPad Mini Lite,Quartz Flex,Mosaic Components Inc.
LyraBuds Mini,Ivory Spark,Mosaic Components Inc.
SlateCharge Air,Mint Node Sync,Mosaic Components Inc.
EdgeDock Max / TerraCharge Ultra and CrimsonDock Air Plus Pro,"Pulse Signal, Azure Node Spark",GoldenGate Networks Inc.
AstraDrive Plus Mini,Onyx Pulse Stack,Cinder Works Inc.
LyraBuds Mini Plus Pro,Kairo Vault,Lumen Labs Inc.
CobaltStand Edge Gen Lite,Echo Beam,Aurora Systems Inc.
Atlas Flex RedStone,Atlas Flex,RedStone Networks Inc.
CodaWatch Air Plus Pro / ArgoBeam Ultra / CatalystLink Lite / LyraCam Edge SE / WaveBeam Edge / GoldenDrive Plus Mini / VegaBeam Ultra / SaffronRouter Max / EchoPhone Edge / OrionBook Air Mini / SparkBeam Edge / EchoBook Air Edge / NovaDock Gen / AstraPhone Mini Mini SE / SyncNode,Echo Drive Flex,Evergreen Group Inc.
QuantaDock Mini Lite Mini / WavePad Air Mini,Sierra Arc,NovaWorks Industries Inc.
Frost Edge SpringboarIR,Frost Edge,Springboard Devices Inc.
Frost Edge Lighthouse,Frost Edge,Lighthouse Electronics Inc.
NebulaRouter Air Gen / SummitRouter Air Lite,Astra Vault,Nebula Components Inc.
Beryl Signal Bridge Astra,Beryl Signal Bridge,Astra Networks Inc.
MiraCharge Gen,Cedar Mesh,BlueRiver Technologies Inc.
Vega Beam Mountain,Vega Beam,Mountain Holdings Inc.
CatalystPad Edge,Sonic Spark,BrightWave Technologies Inc.
SolBook Gen,Sonic Spark,BrightWave Technologies Inc.
AuroraBook Mini Gen,Cinder Node Beam,BrightWave Technologies Inc.
CatalystPad Edge / WaveBook SE Gen 256GB Refurbished,Sonic Spark,BrightWave Technologies Inc.
TealSpeaker Ultra Edge Gen,Atlas Wave,Nightfall Electronics Inc.
BridgeHub Lite Mini,Golden Grid and Vega Beam,Cinder Networks Inc.
NebulaCharge Pro Max Ultra Edge / GoldenWatch Air / DriveSpeaker Lite / ZenithBuds Ultra,Vega Beam,Seabird Labs Inc.
CodaDrive SE / NovaBuds Plus / EchoBuds Plus 1TB Bundle / LumenBuds Plus / AuroraBuds Mini Plus 1TB Dual‑SIM / PulseDrive SE / AuroraBuds Mini Plus / AstraBuds Plus,Mira Kernel,Meadow Manufacturing Inc.
CodaDrive SE / NovaBuds Plus / EchoBuds Plus 1TB Bundle / LumenBuds Plus / AuroraBuds Mini Plus 1TB Dual‑SIM / PulseDrive SE / AuroraBuds Mini Plus / AstraBuds Plus,Mira Kernel,Meadow Manufacturing Inc.
WaveSpeaker Mini SE Air 1TB Starter Kit / GraphiteWatch and ZenithCam Max SE / OpalNode Mini Mini / CopperCharge Lite Ultra / BeamDock Edge / SolWatch Air Pro / SaffronWatch Air / AzureDrive Air Ultra / SilverPhone Air Max / SignalKey Plus 256GB Refurbished / NimbusCam Max Air / SparkSpeaker Lite Mini SE Air 128GB Refurbished / ArgoCharge Lite / DriveKey Plus 512GB Dual‑SIM / NovaCharge SE / NovaPhone Air Max / TopazNode Mini Mini 128GB Refurbished and ZenithCam Max SE / SlateCharge Lite Pro / PhotonPhone Mini SE Air and VectorPhone Mini Plus Pro / CopperBook Ultra 256GB Starter Kit / HelioCam Max Pro 1TB Refurbished / GoldenWatch / SilverBook Ultra 64GB Bundle / EchoCharge SE / JadeKey Plus,Indigo Core,Arbor Systems Inc.
WaveSpeaker Mini SE Air 1TB Starter Kit / GraphiteWatch and ZenithCam Max SE / OpalNode Mini Mini / CopperCharge Lite Ultra / BeamDock Edge / SolWatch Air Pro / SaffronWatch Air / AzureDrive Air Ultra / SilverPhone Air Max / SignalKey Plus 256GB Refurbished / NimbusCam Max Air / SparkSpeaker Lite Mini SE Air 128GB Refurbished / ArgoCharge Lite / DriveKey Plus 512GB Dual‑SIM / NovaCharge SE / NovaPhone Air Max / TopazNode Mini Mini 128GB Refurbished and ZenithCam Max SE / SlateCharge Lite Pro / PhotonPhone Mini SE Air and VectorPhone Mini Plus Pro / CopperBook Ultra 256GB Starter Kit / HelioCam Max Pro 1TB Refurbished / GoldenWatch / SilverBook Ultra 64GB Bundle / EchoCharge SE / JadeKey Plus,Indigo Core,Arbor Systems Inc.
WaveSpeaker Mini SE Air 1TB Starter Kit / GraphiteWatch and ZenithCam Max SE / CopperCharge Lite Ultra / BeamDock Edge / SolWatch Air Pro / SaffronWatch Air / AzureDrive Air Ultra / SignalKey Plus 256GB Refurbished / NimbusCam Max Air / SparkSpeaker Lite Mini SE Air 128GB Refurbished / ArgoCharge Lite / DriveKey Plus 512GB Dual‑SIM / NovaCharge SE / NovaPhone Air Max / SlateCharge Lite Pro / PhotonPhone Mini SE Air and VectorPhone Mini Plus Pro / CopperBook Ultra 256GB Starter Kit / HelioCam Max Pro 1TB Refurbished / GoldenWatch / SilverBook Ultra 64GB Bundle / EchoCharge SE / JadeKey Plus,Indigo Core,Arbor Systems Inc.
MiraCharge Pro Max Ultra Edge / OpalDock Edge / WaveWatch Pro / VegaCam Pro 256GB Bundle / EdgeWatch Pro / CatalystSpeaker Lite / OrionRouter Edge / CitrineWatch Air / PulseSpeaker Lite / PhotonNode Mini Pro / PhotonPhone Mini SE Air and DrivePhone Mini Air Plus / PhotonPhone Mini SE Air and CorePhone Mini SE Air / WaveBook Ultra / NimbusNode Mini Edge Gen,Frost Flow,GoldenGate Electronics Inc.
WaveSpeaker Mini SE Air 1TB Starter Kit / BeamDock Edge / SaffronWatch Air / AzureDrive Air Ultra / SignalKey Plus 256GB Refurbished / NimbusCam Max Air / SparkSpeaker Lite Mini SE Air 128GB Refurbished / ArgoCharge Lite / DriveKey Plus 512GB Dual‑SIM / NovaCharge SE / NovaPhone Air Max / PhotonPhone Mini SE Air and VectorPhone Mini Plus Pro / CopperBook Ultra 256GB Starter Kit / HelioCam Max Pro 1TB Refurbished / SilverBook Ultra 64GB Bundle / EchoCharge SE / QuartzNode Mini SE / SlateWatch 64GB Dual‑SIM / JadeKey Plus,Indigo Core,Arbor Systems Inc.
WaveSpeaker Mini SE Air 1TB Starter Kit / BeamDock Edge / SaffronWatch Air / AzureDrive Air Ultra / SignalKey Plus 256GB Refurbished / NimbusCam Max Air / SparkSpeaker Lite Mini SE Air 128GB Refurbished / ArgoCharge Lite / DriveKey Plus 512GB Dual‑SIM / NovaCharge SE / NovaPhone Air Max / PhotonPhone Mini SE Air and VectorPhone Mini Plus Pro / CopperBook Ultra 256GB Starter Kit / HelioCam Max Pro 1TB Refurbished / SilverBook Ultra 64GB Bundle / EchoCharge SE / SlateWatch 64GB Dual‑SIM / JadeKey Plus,Indigo Core,Arbor Systems Inc.
WaveSpeaker Mini SE Air 1TB Starter Kit / BeamDock Edge / SolWatch Air Pro / SaffronWatch Air / AzureDrive Air Ultra / SignalKey Plus 256GB Refurbished / NimbusCam Max Air / SparkSpeaker Lite Mini SE Air 128GB Refurbished / ArgoCharge Lite / DriveKey Plus 512GB Dual‑SIM / NovaCharge SE / NovaPhone Air Max / SlateCharge Lite Pro / PhotonPhone Mini SE Air and VectorPhone Mini Plus Pro / CopperBook Ultra 256GB Starter Kit / HelioCam Max Pro 1TB Refurbished / SilverBook Ultra 64GB Bundle / EchoCharge SE / JadeKey Plus,Indigo Core,Arbor Systems Inc.
WaveSpeaker Mini SE Air 1TB Starter Kit / BeamDock Edge / SolWatch Air Pro / SaffronWatch Air / AzureDrive Air Ultra / SignalKey Plus 256GB Refurbished / NimbusCam Max Air / SparkSpeaker Lite Mini SE Air 128GB Refurbished / ArgoCharge Lite / DriveKey Plus 512GB Dual‑SIM / NovaCharge SE / NovaPhone Air Max / PhotonPhone Mini SE Air and VectorPhone Mini Plus Pro / CopperBook Ultra 256GB Starter Kit / HelioCam Max Pro 1TB Refurbished / SilverBook Ultra 64GB Bundle / EchoCharge SE / JadeKey Plus,Indigo Core,Arbor Systems Inc.
WaveSpeaker Mini SE Air 1TB Starter Kit / BeamDock Edge / SolWatch Air Pro / SaffronWatch Air / AzureDrive Air Ultra / SignalKey Plus 256GB Refurbished / NimbusCam Max Air / SparkSpeaker Lite Mini SE Air 128GB Refurbished / ArgoCharge Lite / DriveKey Plus 512GB Dual‑SIM / NovaCharge SE / NovaPhone Air Max / PhotonPhone Mini SE Air and VectorPhone Mini Plus Pro / CopperBook Ultra 256GB Starter Kit / HelioCam Max Pro 1TB Refurbished / SilverBook Ultra 64GB Bundle / EchoCharge SE / SlateWatch 64GB Dual‑SIM / JadeKey Plus,Indigo Core,Arbor Systems Inc.
ArgoCharge Lite Mini SE Air / LumenCam Pro / LumenRouter Max / AzureWatch Air / LyraRouter Edge / TopazKey Gen and KairoWatch Lite Mini SE Air 64GB Refurbished / SignalNode Mini Gen / CrimsonDock Edge / JadeSpeaker Gen SE / SenseBook Ultra / SyncSpeaker Lite / HarborStand Edge Lite 512GB Refurbished / UmberSpeaker Gen Gen 256GB Dual‑SIM / LyraCase Plus / OpalCase Plus / OrionRouter Max / CatalystNode Mini Max / IndigoWatch Air / NebulaCam Pro 512GB Bundle / ArgoSpeaker Lite / CobaltSpeaker Gen Gen 128GB Dual‑SIM / PearlBook Ultra / PhotonPhone Mini SE Air and CatalystPhone Mini Air Plus 128GB Dual‑SIM,Terra Grid,Skyforge Labs Inc.
OpalCharge Pro Max Ultra Edge / SaffronRouter Edge / SignalBook Plus Mini / SparkWatch Air / BeamBook Plus Max / TopazKey Gen and UmberWatch Edge Gen Lite / HelioCharge Lite / PhotonPhone Mini SE Air and SummitPad Mini Pro Max / CrownRouter Edge / AstraPhone SE Lite / CodaBuds Ultra / UmberCase Plus,Saffron Dock,Aurora Industries Inc.
OpalCharge Pro Max Ultra Edge / SaffronRouter Edge / SignalBook Plus Mini / PulseBuds Ultra / SparkWatch Air / BeamBook Plus Max / TopazKey Gen and UmberWatch Edge Gen Lite / HelioCharge Lite / PhotonPhone Mini SE Air and SummitPad Mini Pro Max / CrownRouter Edge / AstraPhone SE Lite / CodaBuds Ultra / UmberCase Plus,Saffron Dock,Aurora Industries Inc.
"LumenDock Pro Air, CobaltLink Mini and CrimsonBuds Mini SE 512GB Dual‑SIM/EchoPhone 64GB Refurbished/EchoPhone 256GB Dual‑SIM","Zen Module, Beryl Hub, Nova Core Matrix",RedStone Electronics Inc.
"LumenDock Pro Air, CobaltLink Mini and CrimsonBuds Mini SE 128GB Starter Kit/EchoPhone 128GB Starter Kit/EchoPhone 128GB Bundle / LumenDock Pro Air, CobaltLink Mini and CrimsonBuds Mini SE 128GB Starter Kit/EchoPhone 128GB Starter Kit/EchoPhone 256GB Dual‑SIM / LumenDock Pro Air, CobaltLink Mini and CrimsonBuds Mini SE 128GB Starter Kit/EchoPhone 64GB Refurbished/EchoPhone 128GB Bundle / LumenDock Pro Air, CobaltLink Mini and CrimsonBuds Mini SE 128GB Starter Kit/EchoPhone 64GB Refurbished/EchoPhone 256GB Dual‑SIM / LumenDock Pro Air, CobaltLink Mini and CrimsonBuds Mini SE 512GB Dual‑SIM/EchoPhone 64GB Refurbished/EchoPhone 256GB Dual‑SIM",Zen Module; Beryl Hub; Nova Core Matrix,RedStone Electronics Inc.
"LumenDock Pro Air, CobaltLink Mini and CrimsonBuds Mini SE 128GB Starter Kit/EchoPhone 64GB Refurbished/EchoPhone 128GB Bundle / LumenDock Pro Air, CobaltLink Mini and CrimsonBuds Mini SE 512GB Dual‑SIM/EchoPhone 64GB Refurbished/EchoPhone 256GB Dual‑SIM","Zen Module, Beryl Hub, Nova Core Matrix",RedStone Electronics Inc.
"LumenDock Pro Air, CobaltLink Mini and CrimsonBuds Mini SE 128GB Starter Kit/EchoPhone 64GB Refurbished/EchoPhone 128GB Bundle / LumenDock Pro Air, CobaltLink Mini and CrimsonBuds Mini SE 128GB Starter Kit/EchoPhone 64GB Refurbished/EchoPhone 256GB Dual‑SIM / LumenDock Pro Air, CobaltLink Mini and CrimsonBuds Mini SE 512GB Dual‑SIM/EchoPhone 64GB Refurbished/EchoPhone 256GB Dual‑SIM","Zen Module, Beryl Hub, Nova Core Matrix",RedStone Electronics Inc.
PulseCase Mini,Onyx Module,Catalyst Industries Inc.
Sable Module RedStone,Sable Module,RedStone Electronics Inc.
Terra Stack RedStone,Terra Stack,RedStone Electronics Inc.
Violet Kernel RedStone,Violet Kernel,RedStone Electronics Inc.
Quartz Bridge RedStone,Quartz Bridge,RedStone Electronics Inc.
QuantaLink Pro,Umbral Link,Astra Networks Inc.
Quanta Pulse RedStone,Quanta Pulse,RedStone Electronics Inc.
VegaStand Pro,Sol Pulse,BrightWave Electronics Inc.
CitrineCase Max,Mint Wave,Arbor Devices Inc.
Lyra Grid Zenith,Lyra Grid,Zenith Devices Inc.
Coda Grid RedStone,Coda Grid,RedStone Electronics Inc.
Magenta Grid RedStone,Magenta Grid,RedStone Electronics Inc.
Jade Signal RedStone,Jade Signal,RedStone Electronics Inc.
Cinder Drive RedStone,Cinder Drive,RedStone Electronics Inc.
Jade Drive RedStone,Jade Drive,RedStone Electronics Inc.
Maple Drive 512GB Refurbished RedStone,Maple Drive,RedStone Electronics Inc.
Jade Sense RedStone,Jade Sense,RedStone Electronics Inc.
Cedar Sense RedStone,Cedar Sense,RedStone Electronics Inc.
MiraCharge Gen,Cedar Mesh,BlueRiver Technologies Inc.
Terra Flex RedStone,Terra Flex,RedStone Electronics Inc.
Astra Flex RedStone,Astra Flex,RedStone Electronics Inc.
Pearl Flex RedStone,Pearl Flex,RedStone Electronics Inc.
TerraPad Ultra Mini and NebulaRouter Air Gen,Astra Vault & Echo Stack Vector,RedStone Electronics Inc.
Helio Vector RedStone,Helio Vector,RedStone Electronics Inc.
Coral Vector RedStone,Coral Vector,RedStone Electronics Inc.
Pearl Vector RedStone,Pearl Vector,RedStone Electronics Inc.
JadeCharge Plus Ultra,Cinder Frame,Zenith Holdings Inc.
Silver Layer RedStone,Silver Layer,RedStone Electronics Inc.
Silver Layer and Azure Grid Beam,"Silver Layer, Azure Grid Beam",Arbor Devices Inc.
Teal Layer RedStone,Teal Layer,RedStone Electronics Inc.
Delta Engine Spark RedStone,Delta Engine Spark,RedStone Electronics Inc.
SyncCharge Max SE,Ivory Engine Wave,BrightWave Manufacturing Inc.
Nimbus Module Module RedStone,Nimbus Module Module,RedStone Electronics Inc.
Terra Fabric Beam RedStone,Terra Fabric Beam,RedStone Electronics Inc.
Atlas Fabric Kernel RedStone,Atlas Fabric Kernel,RedStone Electronics Inc.
Pulse Matrix Flow RedStone,Pulse Matrix Flow,RedStone Electronics Inc.
SonicWatch Edge Air,Cobalt Matrix Signal,Arbor Devices Inc.
Pearl Kernel Drive RedStone,Pearl Kernel Drive,RedStone Electronics Inc.
Mint Kernel Kernel RedStone,Mint Kernel Kernel,RedStone Electronics Inc.
Lyra Bridge Spark and Azure Signal Edge,Lyra Bridge Spark + Azure Signal Edge,Arbor Devices Inc.
LumenCharge Gen SE,Pulse Link Sense,Arbor Devices Inc.
Pulse Link Sense RedStone,Pulse Link Sense,RedStone Electronics Inc.
Pulse Pulse Signal RedStone,Pulse Pulse Signal,RedStone Electronics Inc.
Terra Wave Stack RedStone,Terra Wave Stack,RedStone Electronics Inc.
Jade Grid Spark RedStone,Jade Grid Spark,RedStone Electronics Inc.
Ruby Grid Drive RedStone,Ruby Grid Drive,RedStone Electronics Inc.
Golden Drive Arc RedStone,Golden Drive Arc,RedStone Electronics Inc.
Silver Flow Clearwater,Silver Flow,Clearwater Networks Inc.
Citrine Wave Highland,Citrine Wave,Highland Group Inc.
CopperWatch Pro,Nimbus Link,Springboard Systems Inc.
PhotonCam Gen,Atlas Pulse Sync,Summit Manufacturing Inc.
BridgeHub Pro Mini,Terra Core Module,Astra Electronics Inc.
Vega Beam Mountain,Vega Beam,Mountain Group Inc.
Cedar Sense Glacier,Cedar Sense,Glacier Works Inc.
IndigoPhone Mini SE Air,Cinder Node Beam,Glacier Works Inc.
Coda Grid Crown,Coda Grid,Crown Holdings Inc.
Coda Grid Skylark,Coda Grid,Skylark Labs Inc.
Mira Vault Sunpeak,Mira Vault,Sunpeak Industries Inc.
Mira Vault BrightWave,Mira Vault,BrightWave Manufacturing Inc.
EchoLink Mini Mini / CobaltCharge Mini Gen,Kairo Flex,Starlight Systems Inc.
Kairo Grid Photon,Kairo Grid,Photon Electronics Inc.
Umbral Hub EchoLabs,Umbral Hub,EchoLabs Components Inc.
Jade Flex EchoLabs,Jade Flex,EchoLabs Components Inc.
Cobalt Vault Northwind,Cobalt Vault,Northwind Networks Inc.
CitrinePad Edge 256GB Starter Kit / CitrinePad Edge 512GB Refurbished,Sierra Spark,Saffron Holdings Inc.
CitrinePad Edge 512GB Refurbished / CitrinePad Edge 256GB Starter Kit,Sierra Spark,Saffron Holdings Inc.
Terra Bridge Meadow,Terra Bridge,Meadow Labs Inc.
AzureBuds Air Plus and SparkDock,Indigo Core and Topaz Hub,NovaWorks Holdings Inc.
QuantaDrive Ultra Max and CopperPhone Max,Terra Grid & Umber Fabric Arc,EchoLabs Systems Inc.
Ember Wave Arbor,Ember Wave,Arbor Industries Inc.
Sonic Node 512GB Dual‑SIM Arbor,Sonic Node,Arbor Industries Inc.
Violet Node Arbor,Violet Node,Arbor Industries Inc.
NebulaLink Ultra,Sonic Signal,Arbor Industries Inc.
Sonic Signal Arbor,Sonic Signal,Arbor Industries Inc.
Coral Sense Arbor,Coral Sense,Arbor Industries Inc.
Luna Engine Engine Arbor,Luna Engine Engine,Arbor Industries Inc.
Opal Stack Link Arbor,Opal Stack Link,Arbor Industries Inc.
Atlas Fabric Kernel Arbor,Atlas Fabric Kernel,Arbor Industries Inc.
Jade Flex Orion,Jade Flex,Orion Manufacturing Inc.
Jade Flex Mosaic,Jade Flex,Mosaic Systems Inc.
Helio Module GoldenGate,Helio Module,GoldenGate Technologies Inc.
Aero Matrix 64GB Refurbished GoldenGate,Aero Matrix,GoldenGate Technologies Inc.
Sierra Matrix GoldenGate,Sierra Matrix,GoldenGate Technologies Inc.
Mira Pulse GoldenGate,Mira Pulse,GoldenGate Technologies Inc.
Frost Pulse 1TB Refurbished GoldenGate,Frost Pulse,GoldenGate Technologies Inc.
SenseSpeaker Mini Air Plus,Ember Pulse,GoldenGate Technologies Inc.
Umbral Drive Copperline,Umbral Drive,Copperline Devices Inc.
Orion Frame GoldenGate,Orion Frame,GoldenGate Technologies Inc.
Topaz Core Sense GoldenGate,Topaz Core Sense,GoldenGate Technologies Inc.
Violet Grid Sync Copperline,Violet Grid Sync,Copperline Devices Inc.
Orion Fabric Cinder,Orion Fabric,Cinder Electronics Inc.
Saffron Vault Catalyst,Saffron Vault,Catalyst Components Inc.
Sierra Matrix Lumen,Sierra Matrix,Lumen Networks Inc.
Pulse Link Sense Lumen,Pulse Link Sense,Lumen Networks Inc.
Orion Fabric SilverLine,Orion Fabric,SilverLine Group Inc.
Crimson Core Aurora,Crimson Core,Aurora Holdings Inc.
Umber Core Riverstone,Umber Core,Riverstone Labs Inc.
TerraPad SE,Opal Module,Riverstone Labs Inc.
CodaKey Air,Sierra Matrix,Arbor Components Inc.
Atlas Pulse Riverstone,Atlas Pulse,Riverstone Labs Inc.
Ember Wave Aurora,Ember Wave,Aurora Holdings Inc.
Citrine Wave Skyforge,Citrine Wave,Skyforge Works Inc.
Kairo Layer Skyforge,Kairo Layer,Skyforge Works Inc.
Copper Core Node Riverstone,Copper Core Node,Riverstone Labs Inc.
Pearl Pulse Kernel Riverstone,Pearl Pulse Kernel,Riverstone Labs Inc.
Kairo Matrix Fabric Atlas,Kairo Matrix Fabric,Atlas Manufacturing Inc.
Astra Vault 1TB Bundle Zenith,Astra Vault,Zenith Systems Inc.
Cobalt Spark RedStone,Cobalt Spark,RedStone Technologies Inc.
TopazPad Pro Max Ultra Edge,Coral Stack & Cinder Link,Highland Components Inc.
Pulse Kernel Highland,Pulse Kernel,Highland Components Inc.
Atlas Wave Highland,Atlas Wave,Highland Components Inc.
Opal Node Clearwater,Opal Node,Clearwater Electronics Inc.
Kairo Grid Highland,Kairo Grid,Highland Components Inc.
Jade Grid Highland,Jade Grid,Highland Components Inc.
QuantaWatch Plus Edge,Quartz Vector,Astra Works Inc.
Opal Stack Link Highland,Opal Stack Link,Highland Components Inc.
Helio Link Wave Highland,Helio Link Wave,Highland Components Inc.
Lyra Node Grid Highland,Lyra Node Grid,Highland Components Inc.
Silver Dock Summit,Silver Dock,Summit Networks Inc.
Teal Frame NovaWorks,Teal Frame,NovaWorks Group Inc.
TealDock Mini Plus Pro,Zen Sense,Glacier Manufacturing Inc.
MiraHub Air Plus,Terra Engine Layer,Glacier Manufacturing Inc.
MiraPhone SE Ultra Edge,Ember Grid Dock,DeepField Industries Inc.
CodaPhone SE Edge Gen,Coral Grid Hub,BlueRiver Works Inc.
OrionWatch SE Air Plus,Argo Drive Bridge,BlueRiver Works Inc.
CopperDock Pro,Sierra Core,Glacier Manufacturing Inc.
SenseKey Ultra Edge,Violet Stack,Glacier Manufacturing Inc.
AuroraStand Mini Lite Mini,Saffron Wave,Glacier Manufacturing Inc.
CobaltBook Edge,Mira Shield,Glacier Manufacturing Inc.
SparkLink Mini SE Air,Ivory Sense,Glacier Manufacturing Inc.
MiraHub Air Plus,Terra Engine Layer,Glacier Manufacturing Inc.
SonicLink Lite Edge,Sable Pulse Flow,DeepField Industries Inc.
Teal Layer Windmill,Teal Layer,Windmill Labs Inc.
Ruby Shield Pulse Windmill,Ruby Shield Pulse,Windmill Labs Inc.
Teal Layer SpringboarYI,Teal Layer,Springboard Industries Inc.
SummitDrive Air,Kairo Matrix,Quantum Electronics Inc.
NimbusNode Air,Ruby Matrix,Mountain Components Inc.
UmberRouter Pro,Violet Bridge,Mountain Components Inc.
SyncHub Gen,Onyx Sense,Quantum Electronics Inc.
MintDrive Mini SE Air,Jade Flex,Mountain Components Inc.
PhotonSpeaker Mini Mini,Sierra Spark,Mountain Components Inc.
WaveSpeaker Mini Gen,Sierra Spark,Crown Group Inc.
UmberCharge Plus Air,Opal Vault,Crown Group Inc.
IndigoDrive Plus SE,Azure Kernel Link,Quantum Electronics Inc.
KairoPad Gen Ultra,Magenta Kernel Wave,Nebula Systems Inc.
ArgoCam SE Gen Lite,Delta Drive Signal,Quantum Electronics Inc.
Atlas Layer Skylark,Atlas Layer,Skylark Works Inc.
Ruby Core Hub Skylark,Ruby Core Hub,Skylark Works Inc.
NebulaPhone Lite 128GB Refurbished,Umber Edge,BrightWave Labs Inc.
MiraDrive Mini 64GB Starter Kit,Orion Module,BrightWave Labs Inc.
NebulaPhone Lite 128GB Refurbished,Umber Edge,BrightWave Labs Inc.
SummitNode Gen 512GB Starter Kit,Slate Signal,Starlight Industries Inc.
BeamDock Ultra,Astra Signal Layer,Northwind Electronics Inc.
VegaCam Air Max,Delta Shield Sense,Photon Technologies Inc.
Violet Kernel Seabird,Violet Kernel,Seabird Networks Inc.
Coda Grid Saffron,Coda Grid,Saffron Group Inc.
Mint Kernel Kernel Meadow,Mint Kernel Kernel,Meadow Works Inc.
Coda Grid Arbor,Coda Grid,Arbor Holdings Inc.
Sonic Grid Orion,Sonic Grid,Orion Labs Inc.
Coda Grid Mosaic,Coda Grid,Mosaic Industries Inc.
Mint Kernel Kernel GoldenGate,Mint Kernel Kernel,GoldenGate Manufacturing Inc.
Delta Engine Copperline,Delta Engine,Copperline Systems Inc.
Crimson Engine Copperline,Crimson Engine,Copperline Systems Inc.
Astra Module Copperline,Astra Module,Copperline Systems Inc.
Nimbus Module Copperline,Nimbus Module,Copperline Systems Inc.
Terra Stack Copperline,Terra Stack,Copperline Systems Inc.
Coral Stack Copperline,Coral Stack,Copperline Systems Inc.
Coral Stack and Cinder Link,Coral Stack; Cinder Link,Copperline Systems Inc.
Orion Fabric Copperline,Orion Fabric,Copperline Systems Inc.
Sierra Matrix Copperline,Sierra Matrix,Copperline Systems Inc.
Sierra Matrix and Beryl Hub,Sierra Matrix; Beryl Hub,BlueRiver Networks Inc.
Vega Kernel Copperline,Vega Kernel,Copperline Systems Inc.
Violet Kernel Copperline,Violet Kernel,Copperline Systems Inc.
Quartz Bridge Copperline,Quartz Bridge,Copperline Systems Inc.
Aero Link and Ruby Fabric Link,Aero Link; Ruby Fabric Link,Copperline Systems Inc.
Cinder Link Copperline,Cinder Link,Copperline Systems Inc.
Atlas Pulse Copperline,Atlas Pulse,Copperline Systems Inc.
Atlas Wave Copperline,Atlas Wave,Copperline Systems Inc.
Quartz Grid Copperline,Quartz Grid,Copperline Systems Inc.
Magenta Grid Copperline,Magenta Grid,Copperline Systems Inc.
Quanta Signal Copperline,Quanta Signal,Copperline Systems Inc.
Helio Sense Copperline,Helio Sense,Copperline Systems Inc.
Umber Dock Copperline,Umber Dock,Copperline Systems Inc.
AtlasDrive Lite,Silver Dock,BlueRiver Works Inc.
Beryl Hub Copperline,Beryl Hub,Copperline Systems Inc.
SyncBeam Max Ultra and CrimsonBuds Mini SE,Beryl Hub + Topaz Sync,Arbor Components Inc.
CrownLink SE Lite and CrimsonBuds Mini SE,Beryl Hub and Coral Flow,Arbor Devices Inc.
Topaz Sync Copperline,Topaz Sync,Copperline Systems Inc.
Frost Flex Copperline,Frost Flex,Copperline Systems Inc.
Cobalt Flex Copperline,Cobalt Flex,Copperline Systems Inc.
Jade Flex Copperline,Jade Flex,Copperline Systems Inc.
Pearl Flex Copperline,Pearl Flex,Copperline Systems Inc.
Coral Flow Copperline,Coral Flow,Copperline Systems Inc.
Cerulean Arc Copperline,Cerulean Arc,Copperline Systems Inc.
Astra Vault Copperline,Astra Vault,Copperline Systems Inc.
Pearl Vector Copperline,Pearl Vector,Copperline Systems Inc.
Cinder Frame Copperline,Cinder Frame,Copperline Systems Inc.
Lime Module Mesh Copperline,Lime Module Mesh,Copperline Systems Inc.
Zen Stack Engine Copperline,Zen Stack Engine,Copperline Systems Inc.
Terra Fabric Beam Copperline,Terra Fabric Beam,Copperline Systems Inc.
NebulaDock Ultra Max,Astra Fabric Arc,Copperline Components Inc.
Delta Fabric Drive Copperline,Delta Fabric Drive,Copperline Systems Inc.
Terra Matrix Edge Copperline,Terra Matrix Edge,Copperline Systems Inc.
Coral Matrix Wave Copperline,Coral Matrix Wave,Copperline Systems Inc.
Graphite Kernel Flex Copperline,Graphite Kernel Flex,Copperline Systems Inc.
Terra Pulse Kernel Copperline,Terra Pulse Kernel,Copperline Systems Inc.
Terra Wave Stack Copperline,Terra Wave Stack,Copperline Systems Inc.
IndigoRouter Edge Gen Lite,Kairo Grid Shield,BrightWave Electronics Inc.
Jade Grid Spark Copperline,Jade Grid Spark,Copperline Systems Inc.
Cedar Grid Arc Copperline,Cedar Grid Arc,Copperline Systems Inc.
Graphite Grid Matrix Copperline,Graphite Grid Matrix,Copperline Systems Inc.
Azure Signal Edge Copperline,Azure Signal Edge,Copperline Systems Inc.
Coda Drive Module Copperline,Coda Drive Module,Copperline Systems Inc.
Copper Drive Vector Copperline,Copper Drive Vector,Copperline Systems Inc.
Quartz Grid Cinder,Quartz Grid,Cinder Technologies Inc.
Silver Vault Cinder,Silver Vault,Cinder Technologies Inc.
Umber Arc Catalyst,Umber Arc,Catalyst Devices Inc.
IndigoDock Edge / ZenithCam Max / OrionHub Lite Lite,Vega Beam and Sable Module Drive,Aurora Group Inc.
IndigoDock Edge / MiraCase Gen Mini and ZenithCam Max SE / ZenithCam Max / OrionHub Lite Lite,Vega Beam + Sable Module Drive,Aurora Group Inc.
Sol Layer Harbor,Sol Layer,Harbor Holdings Inc.
Sol Layer Atlas,Sol Layer,Atlas Labs Inc.
Sol Layer Zenith,Sol Layer,Zenith Industries Inc.
Sol Layer RedStone,Sol Layer,RedStone Manufacturing Inc.
Sol Layer Evergreen,Sol Layer,Evergreen Systems Inc.
GoldenPhone Mini Mini SE,Saffron Grid,Highland Devices Inc.
NimbusBeam,Terra Wave Stack,Mosaic Holdings Inc.
OnyxDrive Pro Air,Lime Grid Edge,Clearwater Technologies Inc.
UmberNode Gen Lite Mini,Lime Grid Edge,Clearwater Technologies Inc.
AzureNode Lite Mini SE Air,Lime Grid Edge,Clearwater Technologies Inc.
GraphiteHub Edge Mini / NovaWatch Lite Pro,Lime Grid Edge + Echo Drive Flex,Clearwater Technologies Inc.
SignalHub Edge Max,Saffron Module and Mira Dock and Violet Flow,Summit Electronics Inc.
MiraDrive Mini 64GB Starter Kit,Orion Module,BrightWave Labs Inc.
MiraDrive Mini 64GB Starter Kit,Orion Module,BrightWave Labs Inc.
Vega Matrix Lighthouse,Vega Matrix,Lighthouse Labs Inc.
Atlas Sense Lighthouse,Atlas Sense,Lighthouse Labs Inc.
AzureBuds Air Plus and SparkDock,"Indigo Core, Topaz Hub",NovaWorks Holdings Inc.
Sable Engine Astra,Sable Engine,Astra Manufacturing Inc.
UmberWatch Max Ultra,Astra Module,Astra Manufacturing Inc.
Orion Fabric Astra,Orion Fabric,Astra Manufacturing Inc.
Nova Matrix Astra,Nova Matrix,Astra Manufacturing Inc.
Opal Matrix and Azure Node Spark,Opal Matrix and Azure Node Spark,Astra Manufacturing Inc.
Aero Kernel Astra,Aero Kernel,Astra Manufacturing Inc.
Frost Link Astra,Frost Link,Astra Manufacturing Inc.
TealSpeaker Ultra Plus,Jade Link,Astra Manufacturing Inc.
Zen Pulse Astra,Zen Pulse,Astra Manufacturing Inc.
Mira Pulse Astra,Mira Pulse,Astra Manufacturing Inc.
Atlas Wave Astra,Atlas Wave,Astra Manufacturing Inc.
Sonic Node Astra,Sonic Node,Astra Manufacturing Inc.
Opal Node Astra,Opal Node,Astra Manufacturing Inc.
Kairo Grid Astra,Kairo Grid,Astra Manufacturing Inc.
Sierra Grid Astra,Sierra Grid,Astra Manufacturing Inc.
Jade Grid Astra,Jade Grid,Astra Manufacturing Inc.
Maple Grid Astra,Maple Grid,Astra Manufacturing Inc.
Quartz Grid Astra,Quartz Grid,Astra Manufacturing Inc.
Magenta Grid Astra,Magenta Grid,Astra Manufacturing Inc.
AzureCharge Ultra,Quanta Signal,BrightWave Electronics Inc.
Coral Signal Astra,Coral Signal,Astra Manufacturing Inc.
Umbral Drive Astra,Umbral Drive,Astra Manufacturing Inc.
Frost Sense Astra,Frost Sense,Astra Manufacturing Inc.
Cedar Mesh Astra,Cedar Mesh,Astra Manufacturing Inc.
Pearl Mesh Astra,Pearl Mesh,Astra Manufacturing Inc.
Beryl Mesh Astra,Beryl Mesh,Astra Manufacturing Inc.
Umber Dock Astra,Umber Dock,Astra Manufacturing Inc.
Citrine Dock Astra,Citrine Dock,Astra Manufacturing Inc.
Crimson Arc Astra,Crimson Arc,Astra Manufacturing Inc.
Cerulean Arc Astra,Cerulean Arc,Astra Manufacturing Inc.
Aero Vault Astra,Aero Vault,Astra Manufacturing Inc.
Orion Vault Astra,Orion Vault,Astra Manufacturing Inc.
RubyCam Mini Gen Lite,Silver Vault,Astra Manufacturing Inc.
Citrine Vault Nebula,Citrine Vault,Nebula Industries Inc.
Indigo Vector Astra,Indigo Vector,Astra Manufacturing Inc.
Graphite Vector Astra,Graphite Vector,Astra Manufacturing Inc.
VegaWatch Pro Ultra,Silver Layer,Astra Manufacturing Inc.
Topaz Core Sense Astra,Topaz Core Sense,Astra Manufacturing Inc.
TealPad Ultra Mini,Orion Stack Fabric,Astra Manufacturing Inc.
VectorLink Mini Plus,Opal Stack Link,Astra Manufacturing Inc.
VectorLink Mini Plus / SummitHub Ultra Mini,Opal Stack Link,Astra Manufacturing Inc.
Opal Stack Link Astra,Opal Stack Link,Astra Manufacturing Inc.
Silver Fabric Vault Astra,Silver Fabric Vault,Astra Manufacturing Inc.
Kairo Matrix Fabric Astra,Kairo Matrix Fabric,Astra Manufacturing Inc.
Lyra Node Grid Astra,Lyra Node Grid,Astra Manufacturing Inc.
Sol Node Edge Astra,Sol Node Edge,Astra Manufacturing Inc.
CrownStand Mini Air Plus / OrionBuds Mini SE Air,Sol Node Edge,Astra Manufacturing Inc.
Cedar Grid Arc Astra,Cedar Grid Arc,Astra Manufacturing Inc.
DriveLink Mini Air Plus,Jade Shield Edge,Astra Manufacturing Inc.
SenseLink Mini Plus Pro,Jade Shield Edge,Astra Manufacturing Inc.
LumenBook Mini Air,Nova Drive Sync,Astra Manufacturing Inc.
NovaCam SE Pro Max,Magenta Spark,Ironwood Holdings Inc.
Quartz Stack Pulse Mountain,Quartz Stack Pulse,Mountain Devices Inc.
Luna Flex Crown,Luna Flex,Crown Components Inc.
Teal Layer Skylark,Teal Layer,Skylark Networks Inc.
Maple Beam Sunpeak,Maple Beam,Sunpeak Group Inc.
Lyra Frame BrightWave,Lyra Frame,BrightWave Works Inc.
JadeLink Lite Mini SE Air,Citrine Pulse Flex,Stonebridge Industries Inc.
OnyxWatch SE Pro Max,Ruby Pulse Spark,Photon Manufacturing Inc.
Jade Link EchoLabs,Jade Link,EchoLabs Systems Inc.
Pearl Mesh EchoLabs,Pearl Mesh,EchoLabs Systems Inc.
GlacierBuds Mini Gen Lite / CatalystPad Edge,Sonic Spark,Saffron Components Inc.
GlacierBuds Mini Gen Lite / CatalystPad Edge / WaveBook SE Gen 256GB Refurbished,Sonic Spark,Saffron Components Inc.
Coda Module Arbor,Coda Module,Arbor Group Inc.
Coda Module and Magenta Link,Coda Module + Magenta Link,Harbor Devices Inc.
CoreCase SE 256GB Starter Kit,Coda Module and Magenta Link,Arbor Group Inc.
CoreCase SE 256GB Starter Kit / CoreDrive Mini and PearlKey Pro,Coda Module + Magenta Link,Arbor Group Inc.
SaffronRouter Edge Plus,Beryl Wave,Orion Works Inc.
OpalPad Mini Plus,Teal Signal,Orion Works Inc.
VegaDrive SE Max / JadeSpeaker SE Pro,Orion Flow,Mosaic Holdings Inc.
EdgePad Ultra Max,Coda Stack Bridge,GoldenGate Labs Inc.
VectorLink SE SE,Indigo Fabric,Lumen Technologies Inc.
IndigoRouter Edge,Violet Kernel,Lumen Technologies Inc.
GoldenLink Ultra,Orion Drive,Lumen Technologies Inc.
GraphiteBeam Mini Gen,Sol Edge,Lumen Technologies Inc.
LyraCharge SE Mini,Beryl Hub & Saffron Vault,Lumen Technologies Inc.
BridgeBeam Max,Citrine Arc,Lumen Technologies Inc.
HelioCharge SE Lite,Saffron Vault,Lumen Technologies Inc.
HelioCharge SE Lite,Saffron Vault,Lumen Technologies Inc.
EchoBook Edge Gen,Ruby Grid Drive,Lumen Technologies Inc.
HelioCharge SE Lite / HelioCharge Air Edge,Saffron Vault,Lumen Technologies Inc.
BridgeLink SE Air / NebulaDock Air and CrimsonBuds Mini SE,Indigo Fabric & Beryl Hub,Aurora Components Inc.
BeamPad Plus / WavePad Plus,Aero Kernel,Riverstone Networks Inc.
LyraBook Mini,Echo Engine,Lumen Networks Inc.
LyraBook Mini,Echo Engine,Lumen Networks Inc.
GlacierPhone Gen,Jade Beam,Summit Technologies Inc.
AstraNode Lite,Cinder Wave Spark,BlueRiver Electronics Inc.
LumenNode Lite,Cinder Wave Spark,Summit Technologies Inc.
PearlCharge Ultra Lite/EchoPhone 512GB Dual‑SIM / PearlCharge Ultra Lite/BridgeBook 1TB Dual‑SIM / SlateCharge Ultra Mini/IndigoPad 512GB Starter Kit / OnyxCharge Ultra Gen/IndigoPad 512GB Starter Kit / CobaltCharge Ultra Edge/EchoPhone 512GB Dual‑SIM / TopazCharge Ultra Mini/EchoPhone 512GB Dual‑SIM/CrimsonPhone 64GB Dual‑SIM / SlateCharge Ultra Mini/EchoPhone 512GB Dual‑SIM/CrimsonPhone 64GB Dual‑SIM RevA,Umber Module; Onyx Flex; Magenta Flow; Opal Stack Link; Pearl Link Pulse; Auric Link Wave; Umber Kernel,Windmill Networks Inc.
PearlCharge Ultra Lite/EchoPhone 512GB Dual‑SIM / PearlCharge Ultra Lite/BridgeBook 1TB Dual‑SIM / SlateCharge Ultra Mini/IndigoPad 512GB Starter Kit / OnyxCharge Ultra Gen/IndigoPad 512GB Starter Kit / CobaltCharge Ultra Edge/EchoPhone 512GB Dual‑SIM / TopazCharge Ultra Mini/EchoPhone 512GB Dual‑SIM/CrimsonPhone 64GB Dual‑SIM / SlateCharge Ultra Mini/EchoPhone 512GB Dual‑SIM/CrimsonPhone 64GB Dual‑SIM RevB,"Umber Module, Onyx Flex, Magenta Flow, Opal Stack Link, Pearl Link Pulse, Auric Link Wave, Umber Kernel",Windmill Networks Inc.
SilverBuds Ultra,Umber Kernel & Luna Grid & Magenta Flow & Auric Link Wave & Ivory Link Hub,Windmill Networks Inc.
SilverBuds Ultra / GoldenBuds Ultra 256GB Starter Kit,"Umber Kernel, Luna Grid, Magenta Flow, Auric Link Wave, Ivory Link Hub",Windmill Networks Inc.
GoldenBuds Ultra 256GB Starter Kit,Umber Kernel and Luna Grid and Magenta Flow and Auric Link Wave and Ivory Link Hub,Windmill Networks Inc.
MintBeam Edge,Umber Kernel & Kairo Beam & Magenta Flow & Auric Link Wave & Ivory Link Hub,Ironwood Components Inc.
CobaltNode Max Edge/IndigoPad 512GB Starter Kit / SaffronNode Max Ultra/EchoPhone 512GB Dual‑SIM RevB,Umber Kernel & Magenta Flow & Opal Stack Link & Pearl Link Pulse & Auric Link Wave & Ruby Link Vault & Quanta Grid,Windmill Networks Inc.
CobaltNode Max Edge/IndigoPad 512GB Starter Kit / SaffronNode Max Ultra/EchoPhone 512GB Dual‑SIM RevA,Umber Kernel & Magenta Flow & Opal Stack Link & Pearl Link Pulse & Auric Link Wave & Ruby Link Vault & Quanta Grid,Windmill Networks Inc.
CopperCam Mini / TopazWatch SE Edge,Jade Spark,Astra Labs Inc.
TealCam Edge,Magenta Pulse Engine,Pinecone Industries Inc.
Zen Bridge Glacier,Zen Bridge,Glacier Technologies Inc.
Jade Spark Glacier,Jade Spark,Glacier Technologies Inc.
MiraCharge Gen,Cedar Mesh,BlueRiver Technologies Inc.
Jade Spark Skylark,Jade Spark,Skylark Electronics Inc.
TealRouter Mini SE Air,Cinder Node Beam,Evergreen Holdings Inc.
OpalBuds Lite,Mira Layer,Nightfall Works Inc.
QuartzCam Pro Lite,Silver Shield,Stonebridge Holdings Inc.
CodaBook SE Gen Lite,Opal Kernel,Photon Labs Inc.
SolSpeaker Mini,Cerulean Node & Pearl Node Core & Helio Shield Flex,DeepField Systems Inc.
NovaSpeaker Mini Gen,Zen Flex,DeepField Systems Inc.
SilverDrive Pro Edge,Pearl Flow & Zen Flex,DeepField Systems Inc.
GlacierBuds Mini Gen,Azure Pulse Layer,Seabird Technologies Inc.
KairoHub Edge Max,Cobalt Vault,Saffron Devices Inc.
AtlasDock Ultra / EchoDrive Edge,Golden Drive,Meadow Electronics Inc.
Argo Shield Wave Meadow,Argo Shield Wave,Meadow Electronics Inc.
Violet Kernel Orion,Violet Kernel,Orion Networks Inc.
Mira Pulse Orion,Mira Pulse,Orion Networks Inc.
Mint Grid Orion,Mint Grid,Orion Networks Inc.
Astra Vault Orion,Astra Vault,Orion Networks Inc.
Mint Vector Orion,Mint Vector,Orion Networks Inc.
Golden Signal Engine Orion,Golden Signal Engine,Orion Networks Inc.
LyraBeam Ultra,Luna Fabric; Copper Mesh,Catalyst Industries Inc.
CodaKey Plus,Quanta Signal,Lumen Manufacturing Inc.
CrimsonLink Lite Ultra,Citrine Signal and Maple Flex and Echo Node Fabric,Lumen Manufacturing Inc.
UmberLink Lite Edge,Citrine Signal + Maple Flex + Echo Node Fabric,Lumen Manufacturing Inc.
PulseHub Edge / QuantaHub Edge / HelioHub Edge,Quartz Shield,Lumen Manufacturing Inc.
RubyPad Edge,Golden Drive,Lumen Manufacturing Inc.
SilverDrive Plus Lite,Frost Edge,Catalyst Industries Inc.
RubyDock Max,Quartz Hub,Lumen Manufacturing Inc.
LumenHub Edge,Quartz Hub; Luna Fabric Flex,Lumen Manufacturing Inc.
ArgoLink Ultra SE,Quartz Hub + Luna Fabric Flex,Lumen Manufacturing Inc.
QuartzRouter Pro,Maple Flex & Echo Node Fabric,Lumen Manufacturing Inc.
ArgoSpeaker Edge,Golden Spark,Lumen Manufacturing Inc.
OpalHub Ultra,Zen Core Wave,Lumen Manufacturing Inc.
HelioNode Max,Pulse Module Stack,Lumen Manufacturing Inc.
SaffronStand SE Air,Atlas Fabric Kernel,Copperline Holdings Inc.
Ember Fabric Grid Lumen,Ember Fabric Grid,Lumen Manufacturing Inc.
WaveBook SE Gen Lite,Luna Kernel Mesh,Lumen Manufacturing Inc.
AtlasBuds Edge,Copper Bridge Beam,Lumen Manufacturing Inc.
MintRouter SE Air Plus,Sol Grid Drive,Catalyst Industries Inc.
JadeRouter Air Plus Pro,Sol Grid Drive,GoldenGate Works Inc.
AtlasPhone Edge,Golden Drive Arc,Lumen Manufacturing Inc.
SparkNode Mini Mini SE / NovaRouter Mini,Topaz Engine,SilverLine Systems Inc.
LyraBeam Ultra / HelioPad Air and JadeCharge Gen,Luna Fabric; Copper Mesh,Catalyst Industries Inc.
JadeNode Gen Max / TealCase Plus,Zen Bridge,BrightWave Labs Inc.
TerraPad Pro / QuantaPad Pro,Quartz Bridge,Catalyst Industries Inc.
SensePhone Lite / SolSpeaker Max,Vega Wave,BrightWave Labs Inc.
SilverDrive Plus Lite / HarborNode Gen,Frost Edge,Catalyst Industries Inc.
JadeCam Ultra 64GB Refurbished / TealCase Max Air,Umbral Module Sense,SilverLine Systems Inc.
BridgePhone Ultra / GlacierSpeaker Air Plus Pro,Jade Grid Spark,SilverLine Systems Inc.
TealCam Ultra,Lime Module Mesh,Aurora Devices Inc.
GraphiteBuds Lite,Indigo Drive Beam,Harbor Components Inc.
GraphiteBuds Lite / BridgeHub SE Max Ultra,Indigo Drive Beam,Harbor Components Inc.
SignalPhone Edge,Argo Shield Wave,Atlas Networks Inc.
UmberPad Mini Lite Mini,Aero Sync,Clearwater Technologies Inc.
HelioDrive Mini SE,Frost Grid,Evergreen Holdings Inc.
NovaCase Air SE,Sol Vault,Ironwood Group Inc.
FlexDock Edge Air,Magenta Shield,Glacier Manufacturing Inc.
HelioDrive Mini SE,Frost Grid,Evergreen Holdings Inc.
MintDock Mini Pro Max,Golden Engine Kernel,BlueRiver Technologies Inc.
ZenithCam SE Lite Mini,Atlas Core,Lighthouse Networks Inc.
AuroraStand Mini SE Air,Atlas Core and Teal Grid and Maple Flex,Lighthouse Networks Inc.
GlacierDock Edge,"Kairo Core, Maple Flex",Astra Works Inc.
HarborStand Mini SE Air,Frost Kernel,Lighthouse Networks Inc.
OpalRouter Plus Pro Max,Teal Grid,Nebula Group Inc.
QuartzRouter Pro Max Ultra Edge,Azure Grid,Astra Works Inc.
CitrineCharge Ultra,Teal Grid + Maple Flex,Lighthouse Networks Inc.
MintBuds Mini Air,Teal Grid; Sonic Kernel Layer,Lighthouse Networks Inc.
GraphiteNode Edge Mini,Lyra Edge,Lighthouse Networks Inc.
HarborHub Edge,Maple Flex,Nebula Group Inc.
QuantaWatch Max,Maple Flex + Coral Drive Node,Nebula Group Inc.
PulseHub Gen Gen,Lyra Arc,Astra Works Inc.
CodaRouter Edge Mini,Coral Drive Node,Astra Works Inc.
Luna Engine Engine Glacier,Luna Engine Engine,Glacier Manufacturing Inc.
Aero Matrix Crown,Aero Matrix,Crown Systems Inc.
Sierra Matrix and Beryl Hub,Sierra Matrix & Beryl Hub,BlueRiver Networks Inc.
Pulse Pulse Crown,Pulse Pulse,Crown Systems Inc.
VegaStand Pro,Sol Pulse,BrightWave Electronics Inc.
Saffron Node Crown,Saffron Node,Crown Systems Inc.
Ivory Node Crown,Ivory Node,Crown Systems Inc.
Sonic Grid Crown,Sonic Grid,Crown Systems Inc.
Sonic Signal Crown,Sonic Signal,Crown Systems Inc.
OpalHub Air Plus and AuroraPhone Gen,"Frost Sense, Vega Beam",BrightWave Manufacturing Inc.
Atlas Mesh Crown,Atlas Mesh,Crown Systems Inc.
Magenta Beam Crown,Magenta Beam,Crown Systems Inc.
Quanta Flex Crown,Quanta Flex,Crown Systems Inc.
Atlas Flex Crown,Atlas Flex,Crown Systems Inc.
Cerulean Arc Crown,Cerulean Arc,Crown Systems Inc.
Astra Vault Crown,Astra Vault,Crown Systems Inc.
Silver Vault Crown,Silver Vault,Crown Systems Inc.
Silver Layer Crown,Silver Layer,Crown Systems Inc.
Silver Layer and Azure Grid Beam,Silver Layer; Azure Grid Beam,Arbor Devices Inc.
Coral Matrix Wave Crown,Coral Matrix Wave,Crown Systems Inc.
Teal Grid Hub Crown,Teal Grid Hub,Crown Systems Inc.
BridgeHub SE Max Ultra,Auric Drive Hub,Catalyst Industries Inc.
Copper Drive Vector Crown,Copper Drive Vector,Crown Systems Inc.
Lyra Matrix Skylark,Lyra Matrix,Skylark Technologies Inc.
Terra Stack Sunpeak,Terra Stack,Sunpeak Devices Inc.
Orion Vault BrightWave,Orion Vault,BrightWave Electronics Inc.
Vega Wave 1TB Dual‑SIM Starlight,Vega Wave,Starlight Components Inc.
Auric Node Nightfall,Auric Node,Nightfall Networks Inc.
Silver Spark Nightfall,Silver Spark,Nightfall Networks Inc.
Nimbus Engine Matrix Nightfall,Nimbus Engine Matrix,Nightfall Networks Inc.
Copper Module Matrix Nightfall,Copper Module Matrix,Nightfall Networks Inc.
LumenCharge Gen SE,Pulse Link Sense,Arbor Devices Inc.
Slate Pulse Edge and Quanta Signal Stack,Slate Pulse Edge & Quanta Signal Stack,Catalyst Industries Inc.
Terra Stack EchoLabs,Terra Stack,EchoLabs Holdings Inc.
Zen Pulse EchoLabs,Zen Pulse,EchoLabs Holdings Inc.
Delta Grid EchoLabs,Delta Grid,EchoLabs Holdings Inc.
Astra Vault EchoLabs,Astra Vault,EchoLabs Holdings Inc.
Pulse Vault EchoLabs,Pulse Vault,EchoLabs Holdings Inc.
Topaz Vector EchoLabs,Topaz Vector,EchoLabs Holdings Inc.
Umbral Module Sense EchoLabs,Umbral Module Sense,EchoLabs Holdings Inc.
Argo Link Vector EchoLabs,Argo Link Vector,EchoLabs Holdings Inc.
Helio Module DeepField,Helio Module,DeepField Industries Inc.
Sonic Wave DeepField,Sonic Wave,DeepField Industries Inc.
Silver Fabric Vault DeepField,Silver Fabric Vault,DeepField Industries Inc.
Pulse Kernel Seabird,Pulse Kernel,Seabird Manufacturing Inc.
MiraWatch Air Ultra and EdgeRouter Ultra,"Magenta Grid, Cerulean Arc",Saffron Systems Inc.
Sol Beam Saffron,Sol Beam,Saffron Systems Inc.
Cerulean Arc Saffron,Cerulean Arc,Saffron Systems Inc.
Cedar Grid Arc Saffron,Cedar Grid Arc,Saffron Systems Inc.
BeamCam Max Gen,Lyra Engine Node; Mira Engine Grid; Coda Engine Signal,GoldenGate Networks Inc.
Coral Vault Cinder,Coral Vault,Cinder Works Inc.
OrionStand Mini Pro 512GB Starter Kit / OrionStand Mini Pro,Orion Node Node,Catalyst Holdings Inc.
OrionStand Mini Pro 512GB Starter Kit / OrionStand Mini Pro / ZenithStand Mini Max,Orion Node Node,Catalyst Holdings Inc.
OrionStand Mini Pro 512GB Starter Kit / ZenithStand Mini Max,Orion Node Node,Catalyst Holdings Inc.
CoreDock Edge / KairoCase Plus / DriveCam Plus Pro / PhotonPhone Mini SE Air and GlacierPad Mini Edge Gen / SenseSpeaker Pro Max Ultra Edge / LyraCharge Lite / EdgeWatch Air / SignalDock Edge / FlexSpeaker Gen SE / VegaBuds Ultra,Golden Grid & Lyra Frame,Riverstone Technologies Inc.
GlacierRouter Edge / TerraCharge Lite / FlexWatch Air / TopazCharge Plus Pro Max / DriveBook Plus Gen / TealNode Edge Max / SparkBook Plus Plus / VectorDock Edge / PearlSpeaker Lite / PhotonPhone Mini SE Air and HarborPad Mini Max Ultra / MiraBuds Ultra / FlexBook Plus Air / PhotonPhone Mini SE Air and SonicPad Mini Lite Mini / EchoPhone SE Gen / TopazSpeaker Air and PhotonBook Mini Air / WaveStand Edge / CrimsonCase Plus / CobaltWatch Air SE / NebulaLink Mini Gen / OrionPhone SE Mini / CrownStand Edge Mini 1TB Refurbished and BeamBook Plus Max / AstraBuds Plus SE,Terra Grid and Saffron Dock,Atlas Electronics Inc.
GlacierRouter Edge / TerraCharge Lite / SparkBook Plus Plus / DriveBook Plus Gen / FlexWatch Air / TopazCharge Plus Pro Max / TealNode Edge Max / VectorDock Edge / PearlSpeaker Lite / PhotonPhone Mini SE Air and HarborPad Mini Max Ultra / MiraBuds Ultra / PhotonPhone Mini SE Air and SonicPad Mini Lite Mini / TopazSpeaker Air and PhotonBook Mini Air / WaveStand Edge / CrimsonCase Plus / CobaltWatch Air SE / NebulaLink Mini Gen / OrionPhone SE Mini / CrownStand Edge Mini 1TB Refurbished and BeamBook Plus Max / AstraBuds Plus SE,Terra Grid and Saffron Dock,Atlas Electronics Inc.
GlacierRouter Edge / TerraCharge Lite / SparkBook Plus Plus / DriveBook Plus Gen / FlexWatch Air / TopazCharge Plus Pro Max / TealNode Edge Max / VectorDock Edge / PearlSpeaker Lite / PhotonPhone Mini SE Air and HarborPad Mini Max Ultra / MiraBuds Ultra / FlexBook Plus Air / PhotonPhone Mini SE Air and SonicPad Mini Lite Mini / TopazSpeaker Air and PhotonBook Mini Air / WaveStand Edge / CrimsonCase Plus / CobaltWatch Air SE / NebulaLink Mini Gen / OrionPhone SE Mini / CrownStand Edge Mini 1TB Refurbished and BeamBook Plus Max / AstraBuds Plus SE,Terra Grid & Saffron Dock,Atlas Electronics Inc.
GlacierRouter Edge / TerraCharge Lite / DriveBook Plus Gen / FlexWatch Air / TopazCharge Plus Pro Max / TealNode Edge Max / SparkBook Plus Plus / VectorDock Edge / PearlSpeaker Lite / PhotonPhone Mini SE Air and HarborPad Mini Max Ultra / MiraBuds Ultra / FlexBook Plus Air / PhotonPhone Mini SE Air and SonicPad Mini Lite Mini / TopazSpeaker Air and PhotonBook Mini Air / WaveStand Edge / CrimsonCase Plus / CobaltWatch Air SE / NebulaLink Mini Gen / OrionPhone SE Mini / CrownStand Edge Mini 1TB Refurbished and BeamBook Plus Max / AstraBuds Plus SE,Terra Grid and Saffron Dock,Atlas Electronics Inc.
GlacierRouter Edge / TerraCharge Lite / DriveBook Plus Gen / FlexWatch Air / TopazCharge Plus Pro Max / TealNode Edge Max / SparkBook Plus Plus / VectorDock Edge / PearlSpeaker Lite / PhotonPhone Mini SE Air and HarborPad Mini Max Ultra / MiraBuds Ultra / FlexBook Plus Air / PhotonPhone Mini SE Air and SonicPad Mini Lite Mini / EchoPhone SE Gen / TopazSpeaker Air and PhotonBook Mini Air / WaveStand Edge / CrimsonCase Plus / CobaltWatch Air SE / NebulaLink Mini Gen / OrionPhone SE Mini / CrownStand Edge Mini 1TB Refurbished and BeamBook Plus Max / AstraBuds Plus SE,Terra Grid & Saffron Dock,Atlas Electronics Inc.
OnyxRouter Edge / CoreKey Plus Edge / CodaCharge Lite / OpalSpeaker Lite / DriveWatch Air / PhotonPhone Mini SE Air and CobaltPad Mini Lite Mini / SparkKey Plus Plus,Lime Frame,Highland Holdings Inc.
OnyxRouter Edge / TopazKey Gen and TealWatch Lite Mini SE Air / SparkKey Plus Plus / OpalSpeaker Lite / DriveWatch Air / LyraPad Edge Mini / CodaCharge Lite / CitrineCharge Ultra Edge Gen / PhotonPhone Mini SE Air and CobaltPad Mini Lite Mini / JadeCharge Lite Max / PhotonPhone Mini SE Air and AstraPad Mini Ultra Edge,Lime Frame,Highland Holdings Inc.
OnyxRouter Edge / TopazKey Gen and TealWatch Lite Mini SE Air / SparkKey Plus Plus / OpalSpeaker Lite / DriveWatch Air / LyraPad Edge Mini / CodaCharge Lite / CitrineCharge Ultra Edge Gen / PhotonPhone Mini SE Air and CobaltPad Mini Lite Mini / PhotonPhone Mini SE Air and AstraPad Mini Ultra Edge,Lime Frame,Highland Holdings Inc.
OnyxRouter Edge / PhotonPhone Mini SE Air and CobaltPad Mini Lite Mini,Lime Frame,Highland Holdings Inc.
OnyxRouter Edge / PhotonPhone Mini SE Air and CobaltPad Mini Lite Mini / PearlWatch Air Plus,Lime Frame,Highland Holdings Inc.
OrionCam Pro,Topaz Sense,BlueRiver Manufacturing Inc.
OrionCam Pro,Topaz Sense,BlueRiver Manufacturing Inc.
SolRouter Edge / GlacierCharge Gen Lite Mini / AstraCharge Lite / CatalystWatch Air / CrownBeam Mini Gen,Umber Flex,Windmill Technologies Inc.
UmberWatch Max / CopperHub Air Plus 512GB Starter Kit / NovaKey SE Air,Vega Beam,Nebula Components Inc.
"SignalStand Mini/SparkStand Mini / SignalStand Mini/SyncStand Mini / EchoRouter Edge / NovaCharge SE SE, ZenithKey Gen Mini",Sol Flow,Astra Networks Inc.
SummitLink Edge RevA,Auric Drive,Pinecone Devices Inc.
SummitLink Edge RevB,"Auric Drive, Pearl Drive",Pinecone Devices Inc.
TerraSpeaker / VectorSpeaker Mini,Maple Drive,Crown Devices Inc.
CoreBook Plus Edge,"Saffron Dock, Ruby Fabric Link",Crown Industries Inc.
SolPhone Mini Ultra Edge / ZenithStand Gen Mini / SolBuds Ultra / TopazSpeaker Air and SyncBook Mini Edge / RubySpeaker Lite / OrionStand Gen Mini / SonicCharge Lite / AtlasCharge Lite / CopperPhone Mini Gen Lite / SaffronCase Plus Plus / NovaCam Air / PhotonPhone Mini SE Air and SlatePad Mini SE Air / MintPhone Lite Mini / AzureCharge Mini SE Air / NebulaCase Plus,Kairo Signal,Saffron Industries Inc.
SolPhone Mini Ultra Edge / ZenithStand Gen Mini / SolBuds Ultra / TopazSpeaker Air and SyncBook Mini Edge / RubySpeaker Lite / OrionStand Gen Mini / SonicCharge Lite / AtlasCharge Lite / CopperPhone Mini Gen Lite / JadeLink Mini Edge Gen / SaffronCase Plus Plus / NovaCam Air / PhotonPhone Mini SE Air and SlatePad Mini SE Air / MintPhone Lite Mini / AzureCharge Mini SE Air / NebulaCase Plus,Kairo Signal,Saffron Industries Inc.
SolPhone Mini Ultra Edge / ZenithStand Gen Mini / SolBuds Ultra / TopazSpeaker Air and SyncBook Mini Edge / RubySpeaker Lite / OrionStand Gen Mini / SonicCharge Lite / AtlasCharge Lite / CopperPhone Mini Gen Lite / JadeLink Mini Edge Gen / SaffronCase Plus Plus / NovaCam Air / PhotonPhone Mini SE Air and SlatePad Mini SE Air / MintPhone Lite Mini / GraphiteBeam Mini Gen Lite / AzureCharge Mini SE Air / NebulaCase Plus,Kairo Signal,Saffron Industries Inc.
SolPhone Mini Ultra Edge / ZenithStand Gen Mini / SolBuds Ultra / TopazSpeaker Air and SyncBook Mini Edge / RubySpeaker Lite / OrionStand Gen Mini / SonicCharge Lite / AtlasCharge Lite / CopperPhone Mini Gen Lite / JadeLink Mini Edge Gen / SaffronCase Plus Plus / PhotonPhone Mini SE Air and SlatePad Mini SE Air / MintPhone Lite Mini / AzureCharge Mini SE Air / NebulaCase Plus,Kairo Signal,Saffron Industries Inc.
NovaKey SE Air,Vega Beam,GoldenGate Electronics Inc.
Luna Vector GoldenGate,Luna Vector,GoldenGate Electronics Inc.
Lyra Frame GoldenGate,Lyra Frame,GoldenGate Electronics Inc.
CitrineCam Mini / DriveCam Plus Pro / SignalCam Plus Edge and IndigoHub Ultra,Golden Grid; Lyra Frame,BlueRiver Labs Inc.
"JadeCam Mini / OnyxCam Mini / LumenBuds Pro / LumenBuds Pro 128GB Bundle, EchoPhone 1TB Starter Kit / LumenBuds Pro 128GB Bundle, EchoPhone 1TB Refurbished / LumenBuds Pro 128GB Bundle, EchoPhone 256GB Starter Kit / LumenBuds Pro 128GB Bundle,EchoPhone 256GB Starter Kit",Aero Link,Meadow Manufacturing Inc.
"JadeCam Mini / OnyxCam Mini / LumenBuds Pro / LumenBuds Pro 128GB Bundle, EchoPhone 1TB Starter Kit / LumenBuds Pro 128GB Bundle, EchoPhone 1TB Refurbished / LumenBuds Pro 128GB Bundle, EchoPhone 256GB Starter Kit / UmberCam Mini / LumenBuds Pro 128GB Bundle,EchoPhone 256GB Starter Kit",Aero Link,Meadow Manufacturing Inc.
"JadeCam Mini / OnyxCam Mini / LumenBuds Pro / LumenBuds Pro 128GB Bundle, EchoPhone 1TB Refurbished / LumenBuds Pro 128GB Bundle, EchoPhone 256GB Starter Kit / UmberCam Mini / LumenBuds Pro 128GB Bundle,EchoPhone 256GB Starter Kit",Aero Link,Meadow Manufacturing Inc.
PhotonWatch Pro / WaveWatch Pro / GoldenCam Mini / ZenithBeam Ultra,Topaz Sense,Aurora Industries Inc.
PhotonWatch Pro / WaveWatch Pro / GoldenCam Mini / ZenithBeam Ultra,Topaz Sense,Aurora Industries Inc.
"EchoCharge SE / NovaCharge SE / GoldenWatch / PhotonWatch / DriveSpeaker SE / SparkDock / CatalystBuds Plus Plus and QuantaCam Max Lite / QuartzWatch 64GB Refurbished / PearlWatch 128GB Refurbished / SenseSpeaker SE / TopazWatch 256GB Dual‑SIM / SenseDock 512GB Dual‑SIM, EchoPhone 64GB Refurbished / OpalWatch 1TB Bundle and ZenithCam Max SE / GraphiteWatch and NimbusCam Max Air",Sonic Grid,BrightWave Networks Inc.
"EchoCharge SE / NovaCharge SE / GoldenWatch / PhotonWatch / DriveSpeaker SE / SparkDock / CatalystBuds Plus Plus and QuantaCam Max Lite / QuartzWatch 64GB Refurbished / PearlWatch 128GB Refurbished / SenseSpeaker SE / TopazWatch 256GB Dual‑SIM / SenseDock 512GB Dual‑SIM, EchoPhone 64GB Refurbished / GraphiteWatch and NimbusCam Max Air",Sonic Grid,BrightWave Networks Inc.
"EchoCharge SE / NovaCharge SE / GoldenWatch / PhotonWatch / DriveSpeaker SE / SparkDock / CatalystBuds Plus Plus and QuantaCam Max Lite / QuartzWatch 64GB Refurbished / PearlWatch 128GB Refurbished / SenseSpeaker SE / TopazWatch 256GB Dual‑SIM / SenseDock 512GB Dual‑SIM, EchoPhone 64GB Refurbished",Sonic Grid,BrightWave Networks Inc.
"EchoCharge SE / NovaCharge SE / DriveSpeaker SE / GoldenWatch / PhotonWatch / SparkDock / CatalystBuds Plus Plus and QuantaCam Max Lite / QuartzWatch 64GB Refurbished / PearlWatch 128GB Refurbished / SenseSpeaker SE / TopazWatch 256GB Dual‑SIM / SenseDock 512GB Dual‑SIM, EchoPhone 64GB Refurbished / OpalWatch 1TB Bundle and ZenithCam Max SE / GraphiteWatch and NimbusCam Max Air",Sonic Grid,BrightWave Networks Inc.
CitrineCam Mini / DriveCam Plus Pro / SignalCam Plus Edge and IndigoHub Ultra,"Golden Grid, Lyra Frame",BlueRiver Labs Inc.
BridgeHub Lite Mini,Golden Grid & Vega Beam,Cinder Networks Inc.
CoreBook Plus Edge,Saffron Dock and Ruby Fabric Link,Crown Industries Inc.
Topaz Sense and Ruby Fabric Link,Topaz Sense + Ruby Fabric Link,Clearwater Technologies Inc.
Cobalt Sense Nebula,Cobalt Sense,Nebula Devices Inc.
JadeCam Mini / OpalCam Gen / SignalCam Mini / ArgoCam Mini Mini SE 512GB Dual‑SIM / VectorRouter Max / QuartzCam Gen / JadeBuds Plus / MiraPad,Aero Link,Meadow Manufacturing Inc.
JadeCam Mini / OpalCam Gen / SignalCam Mini / ArgoCam Mini Mini SE 512GB Dual‑SIM / VectorRouter Max / QuartzCam Gen / JadeBuds Plus / MiraPad,Aero Link,Meadow Manufacturing Inc.
JadeCam Mini / OpalCam Gen / SignalCam Mini / ArgoCam Mini Mini SE 512GB Dual‑SIM / VectorRouter Max / QuartzCam Gen / JadeBuds Plus / MiraPad,Aero Link,Meadow Manufacturing Inc.
JadeCam Mini / OpalCam Gen / SignalCam Mini / ArgoCam Mini Mini SE 512GB Dual‑SIM / VectorRouter Max / QuartzCam Gen / JadeBuds Plus / MiraPad,Aero Link,Meadow Manufacturing Inc.
JadeCam Mini / SaffronCam Mini,Aero Link,Meadow Manufacturing Inc.
SaffronCam Mini / JadeCam Mini / EdgeSpeaker SE Air Plus / PhotonBook Ultra / OnyxWatch Air / EchoCharge SE Air Plus / OnyxCam Mini / AzureSpeaker Lite / MiraBook 128GB Dual‑SIM / LumenCase Plus,Aero Link,BrightWave Manufacturing Inc.
SaffronCam Mini / JadeCam Mini / EdgeSpeaker SE Air Plus / PhotonBook Ultra / OnyxWatch Air / EchoCharge SE Air Plus / OnyxCam Mini / AzureSpeaker Lite / MiraBook 128GB Dual‑SIM / LumenCase Plus,Aero Link,BrightWave Manufacturing Inc.
SaffronCam Mini / JadeCam Mini / EdgeSpeaker SE Air Plus / PhotonBook Ultra / OnyxWatch Air / OnyxCam Mini / AzureSpeaker Lite / MiraBook 128GB Dual‑SIM / LumenCase Plus,Aero Link,BrightWave Manufacturing Inc.
SaffronCam Mini / JadeCam Mini / EdgeSpeaker SE Air Plus / PhotonBook Ultra / OnyxWatch Air / EchoCharge SE Air Plus / OnyxCam Mini / AzureSpeaker Lite / MiraBook 128GB Dual‑SIM / LumenCase Plus,Aero Link,BrightWave Manufacturing Inc.
NovaCharge SE SE and ZenithKey Gen Mini,Cedar Grid; Sol Flow,Nightfall Technologies Inc.
MiraDrive Mini 64GB Starter Kit,Orion Module,BrightWave Labs Inc.
JadeLink Max Gen,Helio Module Vector,BrightWave Electronics Inc.
EchoBook Mini Mini,"Maple Signal, Atlas Wave Dock",DeepField Group Inc.
GlacierWatch Plus Gen,Orion Kernel,Seabird Works Inc.
EchoDock Max,Orion Bridge,Seabird Works Inc.
AstraDock Max,Lyra Bridge,Seabird Works Inc.
SyncBook SE Max,Quanta Link,Photon Electronics Inc.
DriveNode SE,Maple Signal,Seabird Works Inc.
SyncDrive SE Mini,Topaz Drive,Arbor Industries Inc.
CatalystKey Edge,Silver Mesh,Seabird Works Inc.
CrimsonBook Max Ultra,Auric Engine Core,Quantum Labs Inc.
AtlasDrive,Pulse Matrix Flow,Seabird Works Inc.
CrimsonKey Lite Edge,Copper Node Pulse,Seabird Works Inc.
TerraDrive SE Lite / VectorDock Pro Pro 64GB Refurbished,Coda Core Sense,Saffron Holdings Inc.
CatalystDrive Ultra / IndigoBuds Mini SE,Terra Beam,Meadow Labs Inc.
SyncDrive SE Mini,Topaz Drive,Arbor Industries Inc.
BridgeNode Lite Mini SE Air / SolBeam Gen / VectorNode Gen Lite Mini,Sol Edge,Mosaic Systems Inc.
Sable Link GoldenGate,Sable Link,GoldenGate Technologies Inc.
Vega Edge GoldenGate,Vega Edge,GoldenGate Technologies Inc.
SenseSpeaker Pro Max Ultra,Frost Core Sync,Catalyst Industries Inc.
Lime Core Flex GoldenGate,Lime Core Flex,GoldenGate Technologies Inc.
Nimbus Engine Matrix GoldenGate,Nimbus Engine Matrix,GoldenGate Technologies Inc.
Maple Engine Frame GoldenGate,Maple Engine Frame,GoldenGate Technologies Inc.
SummitStand Edge Gen,Argo Dock,Cinder Electronics Inc.
SummitStand Edge Gen / IndigoRouter Lite,Argo Dock,Cinder Electronics Inc.
Crimson Core Catalyst,Crimson Core,Catalyst Components Inc.
Nimbus Module Catalyst,Nimbus Module,Catalyst Components Inc.
Citrine Link Catalyst,Citrine Link,Catalyst Components Inc.
Sable Shield Catalyst,Sable Shield,Catalyst Components Inc.
Frost Edge Catalyst,Frost Edge,Catalyst Components Inc.
Jade Flex Catalyst,Jade Flex,Catalyst Components Inc.
Saffron Vault Catalyst,Saffron Vault,Catalyst Components Inc.
Teal Vault Catalyst,Teal Vault,Catalyst Components Inc.
Pearl Vector Catalyst,Pearl Vector,Catalyst Components Inc.
HelioCharge Max SE,Saffron Engine Stack,Aurora Components Inc.
Beryl Stack Kernel Catalyst,Beryl Stack Kernel,Catalyst Components Inc.
Kairo Matrix Fabric Catalyst,Kairo Matrix Fabric,Catalyst Components Inc.
Pearl Kernel Drive Catalyst,Pearl Kernel Drive,Catalyst Components Inc.
Mint Kernel Kernel Catalyst,Mint Kernel Kernel,Catalyst Components Inc.
Coda Link Flex Catalyst,Coda Link Flex,Catalyst Components Inc.
Cedar Sense Lumen,Cedar Sense,Lumen Networks Inc.
Helio Link Wave SilverLine,Helio Link Wave,SilverLine Group Inc.
GoldenBuds Mini Ultra Edge,Beryl Signal Bridge,BrightWave Manufacturing Inc.
Frost Sense Aurora,Frost Sense,Aurora Holdings Inc.
Frost Edge Harbor,Frost Edge,Harbor Industries Inc.
Quartz Bridge Atlas,Quartz Bridge,Atlas Manufacturing Inc.
Crimson Kernel Zenith,Crimson Kernel,Zenith Systems Inc.
Astra Vault Zenith,Astra Vault,Zenith Systems Inc.
Astra Vault RedStone,Astra Vault,RedStone Technologies Inc.
Astra Vault Evergreen,Astra Vault,Evergreen Devices Inc.
Astra Vault Clearwater,Astra Vault,Clearwater Electronics Inc.
Astra Vault Summit,Astra Vault,Summit Networks Inc.
Mira Vault NovaWorks,Mira Vault,NovaWorks Group Inc.
Helio Link Wave BlueRiver,Helio Link Wave,BlueRiver Works Inc.
Indigo Core SpringboarRN,Indigo Core,Springboard Industries Inc.
NimbusKey Mini,Coral Module,Meadow Technologies Inc.
NimbusKey Mini and OrionDock Lite Pro,Coral Module,Meadow Technologies Inc.
BeamDock Plus,Silver Kernel,Springboard Industries Inc.
CatalystNode Plus,Coral Bridge,Aurora Group Inc.
CopperPhone Pro,Beryl Bridge,Glacier Works Inc.
ArgoLink Pro Max and QuantaRouter Pro,"Golden Link, Saffron Beam",Astra Technologies Inc.
Sable Link SpringboarRN,Sable Link,Springboard Industries Inc.
HelioBook Ultra / QuantaBook Ultra,Ruby Node,Copperline Components Inc.
Jade Grid SpringboarRN,Jade Grid,Springboard Industries Inc.
Onyx Drive SpringboarRN,Onyx Drive,Springboard Industries Inc.
SparkNode SE Lite,Echo Arc,Lumen Works Inc.
WaveNode SE Mini,Echo Arc,Aurora Holdings Inc.
Violet Arc SpringboarRN,Violet Arc,Springboard Industries Inc.
Umbral Frame SpringboarRN,Umbral Frame,Springboard Industries Inc.
Cedar Layer SpringboarRN,Cedar Layer,Springboard Industries Inc.
Quanta Module Matrix SpringboarRN,Quanta Module Matrix,Springboard Industries Inc.
SolPhone Pro,Crimson Bridge,Astra Technologies Inc.
CopperPhone Pro,Beryl Bridge,Glacier Works Inc.
Sierra Spark Nebula,Sierra Spark,Nebula Systems Inc.
SolPhone Pro,Crimson Bridge,Astra Technologies Inc.
Opal Vault Pinecone,Opal Vault,Pinecone Devices Inc.
Frost Module Mountain,Frost Module,Mountain Components Inc.
Argo Node Dock Mountain,Argo Node Dock,Mountain Components Inc.
Zen Bridge Crown,Zen Bridge,Crown Group Inc.
Pearl Module Vault Crown,Pearl Module Vault,Crown Group Inc.
Frost Shield Node Crown,Frost Shield Node,Crown Group Inc.
CobaltNode Mini Ultra Edge / WaveHub Ultra / SyncBeam Mini Plus Pro / TopazDrive Mini Air,Saffron Stack Vector,Nightfall Manufacturing Inc.
TerraSpeaker,Maple Drive,Crown Devices Inc.
UmberHub Ultra and AtlasCase SE,Silver Stack + Graphite Grid,Catalyst Industries Inc.
Lyra Link and Nova Pulse,Lyra Link & Nova Pulse,Catalyst Industries Inc.
Violet Node Saffron,Violet Node,Saffron Group Inc.
Indigo Vector Saffron,Indigo Vector,Saffron Group Inc.
Silver Core Link Meadow,Silver Core Link,Meadow Works Inc.
Luna Link Node Orion,Luna Link Node,Orion Labs Inc.
VectorDock Edge Lite / UmberBuds Mini Mini / NebulaPad Plus Gen / ArgoCam SE Gen,Umber Spark,GoldenGate Manufacturing Inc.
Indigo Core Copperline,Indigo Core,Copperline Systems Inc.
Cerulean Spark Copperline,Cerulean Spark,Copperline Systems Inc.
Umbral Frame Copperline,Umbral Frame,Copperline Systems Inc.
PulseCase Pro Lite,Umber Core Bridge,Copperline Systems Inc.
QuantaPad Ultra Max and SenseBeam Lite Pro,"Astra Stack Frame, Cedar Wave Engine",Astra Electronics Inc.
Ruby Pulse Spark Copperline,Ruby Pulse Spark,Copperline Systems Inc.
Pulse Kernel Catalyst,Pulse Kernel,Catalyst Devices Inc.
QuantaDrive Ultra Max and CobaltBook Ultra,Terra Grid & Umber Fabric Arc,EchoLabs Systems Inc.
Umber Fabric Arc Skyforge,Umber Fabric Arc,Skyforge Networks Inc.
Nova Bridge Aurora,Nova Bridge,Aurora Group Inc.
HarborNode Ultra / SummitNode Ultra,Orion Frame,Riverstone Works Inc.
VectorStand Gen Mini and IndigoStand Gen Lite,Maple Link Link & Quartz Link Flow,Catalyst Holdings Inc.
Topaz Vector Atlas,Topaz Vector,Atlas Labs Inc.
QuartzCharge Ultra Air,Silver Node,Clearwater Technologies Inc.
SolSpeaker Ultra Pro,"Beryl Drive, Quartz Pulse",Clearwater Technologies Inc.
AuroraSpeaker Ultra Max,Beryl Drive & Quartz Pulse,Clearwater Technologies Inc.
OnyxSpeaker Ultra Air / CobaltSpeaker Ultra SE,Beryl Drive + Quartz Pulse + Pearl Arc,Clearwater Technologies Inc.
IndigoKey Pro Max Ultra Edge,Magenta Drive,Clearwater Technologies Inc.
SaffronWatch Plus Lite,Umbral Edge,Glacier Manufacturing Inc.
AzureSpeaker Air,Lyra Sync,Glacier Manufacturing Inc.
LumenKey Ultra SE,Delta Engine Spark,Clearwater Technologies Inc.
OrionKey Ultra Air,Delta Engine Spark,Clearwater Technologies Inc.
OnyxNode Lite Mini SE Air,Sable Node Dock,Glacier Manufacturing Inc.
ZenithSpeaker SE Mini SE / OrionSpeaker SE Mini SE,"Astra Stack Frame, Cedar Wave Engine",Highland Devices Inc.
QuartzBuds Edge Air / SolCase Gen Gen,Argo Link Vector,Glacier Manufacturing Inc.
LumenKey Ultra,Argo Fabric and Beryl Drive and Quartz Pulse,NovaWorks Components Inc.
AtlasPad SE Gen Lite,Frost Arc,BlueRiver Networks Inc.
PhotonWatch Edge,Umber Shield,Windmill Works Inc.
Graphite Core SpringboarGE,Graphite Core,Springboard Holdings Inc.
NimbusKey Mini,Coral Module,Meadow Technologies Inc.
NimbusKey Mini and OrionDock Lite Pro,Coral Module,Meadow Technologies Inc.
Jade Bridge SpringboarGE,Jade Bridge,Springboard Holdings Inc.
CopperPhone Pro,Beryl Bridge,Glacier Works Inc.
ZenithBuds Max,Umber Pulse,Mountain Components Inc.
Ruby Wave SpringboarGE,Ruby Wave,Springboard Holdings Inc.
Astra Stack Frame and Cedar Wave Engine,Astra Stack Frame and Cedar Wave Engine,Springboard Holdings Inc.
Magenta Signal Hub SpringboarGE,Magenta Signal Hub,Springboard Holdings Inc.
Ruby Shield Pulse SpringboarGE,Ruby Shield Pulse,Springboard Holdings Inc.
LyraLink Air Plus,Slate Vault,Copperline Industries Inc.
Violet Arc Nebula,Violet Arc,Nebula Industries Inc.
Graphite Core Astra,Graphite Core,Astra Manufacturing Inc.
OrionBook Plus / ZenithBook Plus,Helio Kernel,Pinecone Systems Inc.
OrionBook Plus / HelioBook Plus / ZenithBook Plus,Helio Kernel,Pinecone Systems Inc.
CrimsonCharge Mini Edge,Lyra Grid,Harbor Systems Inc.
SummitDrive Lite 128GB Starter Kit / SummitDrive Lite 1TB Dual‑SIM / CrownDrive Lite 512GB Starter Kit / HarborDrive Lite / HarborDrive Lite 256GB Dual‑SIM,Vega Dock,Glacier Electronics Inc.
SaffronCam Edge Edge,Maple Spark,Mountain Devices Inc.
SummitDrive Lite 128GB Starter Kit / SummitDrive Lite 1TB Dual‑SIM / CrownDrive Lite 512GB Starter Kit / HarborDrive Lite / HarborDrive Lite 256GB Dual‑SIM / GlacierDrive Lite,Vega Dock,Glacier Electronics Inc.
LyraRouter,Saffron Core,Harbor Devices Inc.
HarborBeam Max,Sol Engine,Crown Components Inc.
Cinder Module Crown,Cinder Module,Crown Components Inc.
HelioStand Pro,Atlas Pulse,Copperline Systems Inc.
Sol Wave Crown,Sol Wave,Crown Components Inc.
Umber Wave Crown,Umber Wave,Crown Components Inc.
Copper Signal Crown,Copper Signal,Crown Components Inc.
Topaz Mesh Crown,Topaz Mesh,Crown Components Inc.
Orion Beam Crown,Orion Beam,Crown Components Inc.
SolDock SE Air,Quartz Spark,Crown Components Inc.
Umbral Spark Crown,Umbral Spark,Crown Components Inc.
Auric Frame Crown,Auric Frame,Crown Components Inc.
CobaltLink Plus Gen and SummitCam Ultra Max,Opal Hub and Umber Frame and Silver Stack Layer,Glacier Manufacturing Inc.
Coda Module Wave Crown,Coda Module Wave,Crown Components Inc.
Umber Fabric Arc Crown,Umber Fabric Arc,Crown Components Inc.
OpalCam Lite Lite,Cobalt Pulse Engine,Crown Components Inc.
SyncRouter SE Air Plus,Argo Grid Sense,Cinder Manufacturing Inc.
Slate Grid Pulse Crown,Slate Grid Pulse,Crown Components Inc.
Atlas Pulse Skylark,Atlas Pulse,Skylark Networks Inc.
CobaltDrive SE Edge 512GB Refurbished/EchoPhone 1TB Dual‑SIM,Azure Drive and Pearl Layer,BrightWave Works Inc.
Frost Mesh BrightWave,Frost Mesh,BrightWave Works Inc.
Pulse Edge Sunpeak,Pulse Edge,Sunpeak Group Inc.
Argo Dock 256GB Bundle Sunpeak,Argo Dock,Sunpeak Group Inc.
Umber Flex BrightWave,Umber Flex,BrightWave Works Inc.
SolPhone Lite,Pearl Layer,BrightWave Works Inc.
Jade Mesh Starlight,Jade Mesh,Starlight Holdings Inc.
Pearl Arc Nightfall,Pearl Arc,Nightfall Labs Inc.
Argo Dock StonebridgIA,Argo Dock,Stonebridge Industries Inc.
Quanta Pulse Photon,Quanta Pulse,Photon Manufacturing Inc.
Vega Node Photon,Vega Node,Photon Manufacturing Inc.
Topaz Shield Photon,Topaz Shield,Photon Manufacturing Inc.
Golden Drive Photon,Golden Drive,Photon Manufacturing Inc.
Ivory Drive Photon,Ivory Drive,Photon Manufacturing Inc.
SaffronDrive SE Ultra 256GB Bundle/EchoPhone 64GB Bundle,Azure Drive and Pearl Layer,Photon Manufacturing Inc.
Atlas Flex Photon,Atlas Flex,Photon Manufacturing Inc.
Ember Vault EchoLabs,Ember Vault,EchoLabs Systems Inc.
Citrine Vault Photon,Citrine Vault,Photon Manufacturing Inc.
Violet Vector Photon,Violet Vector,Photon Manufacturing Inc.
Indigo Fabric Flex EchoLabs,Indigo Fabric Flex,EchoLabs Systems Inc.
Kairo Matrix Fabric Photon,Kairo Matrix Fabric,Photon Manufacturing Inc.
Quanta Pulse Northwind,Quanta Pulse,Northwind Technologies Inc.
Silver Dock DeepField,Silver Dock,DeepField Devices Inc.
Sol Node Edge Seabird,Sol Node Edge,Seabird Electronics Inc.
Helio Matrix Saffron,Helio Matrix,Saffron Components Inc.
Cobalt Vault Meadow,Cobalt Vault,Meadow Networks Inc.
Lyra Bridge Spark and Azure Signal Edge,Lyra Bridge Spark + Azure Signal Edge,Arbor Devices Inc.
OnyxBook Edge,Atlas Shield,GoldenGate Technologies Inc.
SummitHub Gen,Azure Sense,GoldenGate Electronics Inc.
Magenta Beam Mosaic,Magenta Beam,Mosaic Holdings Inc.
Sierra Spark Mosaic,Sierra Spark,Mosaic Holdings Inc.
Mira Vault Mosaic,Mira Vault,Mosaic Holdings Inc.
LumenCharge Gen SE,Pulse Link Sense,Arbor Devices Inc.
SilverPhone Plus Plus / OrionPad Plus Air,Pearl Vector,Cinder Manufacturing Inc.
Jade Flex Copperline,Jade Flex,Copperline Industries Inc.
SilverPhone Plus Plus,Pearl Vector,Cinder Manufacturing Inc.
Delta Engine Spark Catalyst,Delta Engine Spark,Catalyst Systems Inc.
Atlas Wave Dock Lumen,Atlas Wave Dock,Lumen Technologies Inc.
AzureBuds Air Plus and SparkDock,Indigo Core & Topaz Hub,NovaWorks Holdings Inc.
Frost Sense SilverLine,Frost Sense,SilverLine Devices Inc.
Umbral Core Sync SilverLine,Umbral Core Sync,SilverLine Devices Inc.
Frost Edge Skyforge,Frost Edge,Skyforge Electronics Inc.
Frost Edge Aurora,Frost Edge,Aurora Components Inc.
Magenta Bridge Bridge Riverstone,Magenta Bridge Bridge,Riverstone Networks Inc.
Argo Shield Wave Harbor,Argo Shield Wave,Harbor Group Inc.
Argo Shield Wave Atlas,Argo Shield Wave,Atlas Works Inc.
Umbral Core Sync Zenith,Umbral Core Sync,Zenith Holdings Inc.
NovaKey Max,Cedar Wave,BrightWave Electronics Inc.
Maple Signal RedStone,Maple Signal,RedStone Labs Inc.
Sable Edge RedStone,Sable Edge,RedStone Labs Inc.
Golden Spark RedStone,Golden Spark,RedStone Labs Inc.
Cobalt Vault RedStone,Cobalt Vault,RedStone Labs Inc.
Coda Core Sense 64GB Refurbished RedStone,Coda Core Sense,RedStone Labs Inc.
LumenCharge Gen SE,Pulse Link Sense,Arbor Devices Inc.
Sable Edge Evergreen,Sable Edge,Evergreen Industries Inc.
Frost Edge Clearwater,Frost Edge,Clearwater Manufacturing Inc.
SaffronCharge Pro / NimbusBuds Pro,Citrine Link,Summit Technologies Inc.
Mint Signal Sense NovaWorks,Mint Signal Sense,NovaWorks Devices Inc.
PearlSpeaker Mini,Sable Engine,BlueRiver Electronics Inc.
QuantaDrive Ultra Max and CobaltBook Ultra,Terra Grid and Umber Fabric Arc,EchoLabs Systems Inc.
CodaCam Air / QuantaBeam Ultra 256GB Starter Kit,Mira Link,Atlas Technologies Inc.
Cedar Flex Ironwood,Cedar Flex,Ironwood Components Inc.
Cerulean Spark Ironwood,Cerulean Spark,Ironwood Components Inc.
Crimson Arc Ironwood,Crimson Arc,Ironwood Components Inc.
Umber Fabric Arc Ironwood,Umber Fabric Arc,Ironwood Components Inc.
Cerulean Spark Lighthouse,Cerulean Spark,Lighthouse Works Inc.
ZenithCase Max,Argo Frame,Astra Labs Inc.
Pulse Pulse Signal Pinecone,Pulse Pulse Signal,Pinecone Industries Inc.
Jade Signal Quantum,Jade Signal,Quantum Manufacturing Inc.
Graphite Shield Quantum,Graphite Shield,Quantum Manufacturing Inc.
Argo Shield Wave Quantum,Argo Shield Wave,Quantum Manufacturing Inc.
Pearl Flex Crown,Pearl Flex,Crown Devices Inc.
SignalStand Mini/FlexStand Mini / NovaCharge SE SE and ZenithKey Gen Mini,Sol Flow,Astra Networks Inc.
Umbral Grid BrightWave,Umbral Grid,BrightWave Networks Inc.
Umbral Grid Starlight,Umbral Grid,Starlight Group Inc.
Umbral Grid Nightfall,Umbral Grid,Nightfall Works Inc.
Orion Frame Seabird,Orion Frame,Seabird Technologies Inc.
Coral Matrix Wave Seabird,Coral Matrix Wave,Seabird Technologies Inc.
Kairo Signal Node Seabird,Kairo Signal Node,Seabird Technologies Inc.
Pearl Mesh Meadow,Pearl Mesh,Meadow Electronics Inc.
TealNode Mini,Indigo Core and Golden Fabric,Catalyst Industries Inc.
Ruby Shield Pulse Lumen,Ruby Shield Pulse,Lumen Manufacturing Inc.
Ruby Shield Pulse SilverLine,Ruby Shield Pulse,SilverLine Systems Inc.
Cedar Core Core Aurora,Cedar Core Core,Aurora Devices Inc.
Maple Drive Harbor,Maple Drive,Harbor Components Inc.
Frost Edge Harbor,Frost Edge,Harbor Components Inc.
Mint Kernel Kernel Atlas,Mint Kernel Kernel,Atlas Networks Inc.
HarborCam Air,Sable Grid,Meadow Technologies Inc.
NebulaCam SE Plus Pro,Nimbus Frame,Evergreen Holdings Inc.
NebulaCam SE Plus Pro,Nimbus Frame,Evergreen Holdings Inc.
Indigo Fabric Clearwater,Indigo Fabric,Clearwater Labs Inc.
Pearl Matrix Clearwater,Pearl Matrix,Clearwater Labs Inc.
Slate Kernel Clearwater,Slate Kernel,Clearwater Labs Inc.
Slate Kernel and Beryl Hub,Slate Kernel; Beryl Hub,Arbor Devices Inc.
Violet Kernel Clearwater,Violet Kernel,Clearwater Labs Inc.
SaffronBook Max,Indigo Pulse,Clearwater Labs Inc.
Magenta Grid Clearwater,Magenta Grid,Clearwater Labs Inc.
Sonic Signal Clearwater,Sonic Signal,Clearwater Labs Inc.
AzureCase Ultra,Jade Signal,Clearwater Labs Inc.
PhotonSpeaker Edge,Sierra Drive,Arbor Devices Inc.
Frost Edge Clearwater,Frost Edge,Clearwater Labs Inc.
OnyxWatch Mini Ultra Edge and CrimsonBuds Mini SE,Beryl Hub + Azure Signal Edge,Arbor Devices Inc.
Magenta Sync Clearwater,Magenta Sync,Clearwater Labs Inc.
Pearl Flex Clearwater,Pearl Flex,Clearwater Labs Inc.
Zen Stack Engine Clearwater,Zen Stack Engine,Clearwater Labs Inc.
Citrine Kernel Engine Clearwater,Citrine Kernel Engine,Clearwater Labs Inc.
Maple Bridge Node Clearwater,Maple Bridge Node,Clearwater Labs Inc.
Magenta Bridge Bridge Clearwater,Magenta Bridge Bridge,Clearwater Labs Inc.
GoldenBuds Mini Ultra Edge,Beryl Signal Bridge,BrightWave Manufacturing Inc.
Ruby Shield Pulse Clearwater,Ruby Shield Pulse,Clearwater Labs Inc.
Pearl Module Highland,Pearl Module,Highland Industries Inc.
Jade Vault Highland,Jade Vault,Highland Industries Inc.
Orion Pulse Summit,Orion Pulse,Summit Manufacturing Inc.
Frost Link NovaWorks,Frost Link,NovaWorks Systems Inc.
Umbral Spark NovaWorks,Umbral Spark,NovaWorks Systems Inc.
Violet Hub BlueRiver,Violet Hub,BlueRiver Technologies Inc.
Aero Matrix Ironwood,Aero Matrix,Ironwood Devices Inc.
Cinder Link Ironwood,Cinder Link,Ironwood Devices Inc.
Aero Vault Ironwood,Aero Vault,Ironwood Devices Inc.
Astra Vault Windmill,Astra Vault,Windmill Electronics Inc.
Atlas Wave Dock Windmill,Atlas Wave Dock,Windmill Electronics Inc.
Cedar Grid Arc Windmill,Cedar Grid Arc,Windmill Electronics Inc.
Lime Core and Cerulean Fabric,Lime Core + Cerulean Fabric,Lumen Manufacturing Inc.
Sierra Matrix SpringboarUG,Sierra Matrix,Springboard Components Inc.
Pulse Pulse SpringboarUG,Pulse Pulse,Springboard Components Inc.
Quanta Pulse SpringboarUG,Quanta Pulse,Springboard Components Inc.
Citrine Wave SpringboarUG,Citrine Wave,Springboard Components Inc.
Azure Wave SpringboarUG,Azure Wave,Springboard Components Inc.
Crimson Node SpringboarUG,Crimson Node,Springboard Components Inc.
Ivory Node SpringboarUG,Ivory Node,Springboard Components Inc.
Maple Signal SpringboarUG,Maple Signal,Springboard Components Inc.
Coral Sense SpringboarUG,Coral Sense,Springboard Components Inc.
Cobalt Sense SpringboarUG,Cobalt Sense,Springboard Components Inc.
Frost Mesh SpringboarUG,Frost Mesh,Springboard Components Inc.
Cedar Spark SpringboarUG,Cedar Spark,Springboard Components Inc.
Copper Spark and Coral Fabric Signal,Copper Spark + Coral Fabric Signal,Aurora Group Inc.
Sol Flow SpringboarUG,Sol Flow,Springboard Components Inc.
Vega Vault SpringboarUG,Vega Vault,Springboard Components Inc.
Sonic Vector SpringboarUG,Sonic Vector,Springboard Components Inc.
Pearl Pulse Kernel SpringboarUG,Pearl Pulse Kernel,Springboard Components Inc.
Delta Wave Vector SpringboarUG,Delta Wave Vector,Springboard Components Inc.
VectorBuds SE Air Plus,Silver Node Kernel,Astra Works Inc.
IndigoRouter Edge Gen Lite,Kairo Grid Shield,BrightWave Electronics Inc.
Azure Signal Edge SpringboarUG,Azure Signal Edge,Springboard Components Inc.
Ruby Shield Pulse SpringboarUG,Ruby Shield Pulse,Springboard Components Inc.
Sable Edge Lighthouse,Sable Edge,Lighthouse Networks Inc.
Cobalt Core Nebula,Cobalt Core,Nebula Group Inc.
Crimson Engine Nebula,Crimson Engine,Nebula Group Inc.
Sable Engine Nebula,Sable Engine,Nebula Group Inc.
Coda Fabric Nebula,Coda Fabric,Nebula Group Inc.
Frost Link Nebula,Frost Link,Nebula Group Inc.
Atlas Dock Nebula,Atlas Dock,Nebula Group Inc.
Aero Spark Nebula,Aero Spark,Nebula Group Inc.
Jade Arc Nebula,Jade Arc,Nebula Group Inc.
HarborCase Gen SE and SummitRouter Air Lite / CoreHub SE Air Plus,Ember Link Core & Astra Vault,Windmill Manufacturing Inc.
Citrine Vault Nebula,Citrine Vault,Nebula Group Inc.
Teal Frame Nebula,Teal Frame,Nebula Group Inc.
Saffron Layer Nebula,Saffron Layer,Nebula Group Inc.
Cerulean Core Grid Nebula,Cerulean Core Grid,Nebula Group Inc.
Opal Stack Link Nebula,Opal Stack Link,Nebula Group Inc.
Silver Fabric Vault Nebula,Silver Fabric Vault,Nebula Group Inc.
Lime Fabric Node Nebula,Lime Fabric Node,Nebula Group Inc.
Pulse Link Sense Nebula,Pulse Link Sense,Nebula Group Inc.
Frost Pulse Arc Nebula,Frost Pulse Arc,Nebula Group Inc.
Kairo Grid Shield Nebula,Kairo Grid Shield,Nebula Group Inc.
Jade Shield Edge Nebula,Jade Shield Edge,Nebula Group Inc.
Crimson Core Astra,Crimson Core,Astra Works Inc.
AtlasCase Air Plus Pro and CrimsonBuds Mini SE,Beryl Hub & Violet Grid Sync,Arbor Devices Inc.
ZenithCam and CrownStand Mini Air,Kairo Core & Maple Flex,GoldenGate Technologies Inc.
Astra Module Pinecone,Astra Module,Pinecone Holdings Inc.
Argo Stack Pinecone,Argo Stack + Ivory Grid,Pinecone Holdings Inc.
UmberLink SE,Ember Stack,GoldenGate Technologies Inc.
Coral Stack Pinecone,Coral Stack,Pinecone Holdings Inc.
Aero Fabric Pinecone,Aero Fabric,Pinecone Holdings Inc.
AuroraPad Air,Echo Fabric,Arbor Devices Inc.
HarborCase Pro and QuantaRouter Air,Cerulean Fabric and Pulse Pulse,DeepField Devices Inc.
Quanta Pulse Pinecone,Quanta Pulse,Pinecone Holdings Inc.
SaffronBook Max,Indigo Pulse,Clearwater Labs Inc.
Saffron Pulse Pinecone,Saffron Pulse,Pinecone Holdings Inc.
Maple Grid Pinecone,Maple Grid,Pinecone Holdings Inc.
AzureCharge Ultra,Quanta Signal,BrightWave Electronics Inc.
Lyra Signal Pinecone,Lyra Signal,Pinecone Holdings Inc.
Graphite Shield Pinecone,Graphite Shield,Pinecone Holdings Inc.
TerraSpeaker Edge,Atlas Drive,GoldenGate Technologies Inc.
Golden Drive Pinecone,Golden Drive,Pinecone Holdings Inc.
Frost Sense Pinecone,Frost Sense,Pinecone Holdings Inc.
SummitHub Gen,Azure Sense,GoldenGate Electronics Inc.
Frost Mesh Pinecone,Frost Mesh,Pinecone Holdings Inc.
Kairo Edge Pinecone,Kairo Edge,Pinecone Holdings Inc.
Argo Dock Pinecone,Argo Dock,Pinecone Holdings Inc.
Citrine Dock Pinecone,Citrine Dock,Pinecone Holdings Inc.
Ruby Dock Pinecone,Ruby Dock,Pinecone Holdings Inc.
Cedar Spark Pinecone,Cedar Spark,Pinecone Holdings Inc.
Cerulean Arc Pinecone,Cerulean Arc,Pinecone Holdings Inc.
Aero Vault Pinecone,Aero Vault,Pinecone Holdings Inc.
SolBuds SE Mini SE / AzureDock Air Lite,Aero Vault,Pinecone Holdings Inc.
Astra Vault Pinecone,Astra Vault,Pinecone Holdings Inc.
Ember Vault Pinecone,Ember Vault,Pinecone Holdings Inc.
Helio Vector Pinecone,Helio Vector,Pinecone Holdings Inc.
Topaz Vector Pinecone,Topaz Vector,Pinecone Holdings Inc.
Sol Frame Pinecone,Sol Frame,Pinecone Holdings Inc.
Auric Frame Pinecone,Auric Frame,Pinecone Holdings Inc.
Cedar Layer Pinecone,Cedar Layer,Pinecone Holdings Inc.
Silver Layer Pinecone,Silver Layer,Pinecone Holdings Inc.
Sonic Core Mesh Pinecone,Sonic Core Mesh,Pinecone Holdings Inc.
Cedar Core Core Pinecone,Cedar Core Core,Pinecone Holdings Inc.
HelioCharge Max SE,Saffron Engine Stack,Aurora Components Inc.
JadeLink Max Gen,Helio Module Vector,BrightWave Electronics Inc.
Orion Stack Fabric Pinecone,Orion Stack Fabric,Pinecone Holdings Inc.
Sol Stack Node Pinecone,Sol Stack Node,Pinecone Holdings Inc.
Sol Matrix Matrix Pinecone,Sol Matrix Matrix,Pinecone Holdings Inc.
Ember Matrix Pulse Pinecone,Ember Matrix Pulse,Pinecone Holdings Inc.
Pearl Kernel Drive Pinecone,Pearl Kernel Drive,Pinecone Holdings Inc.
Lyra Bridge Spark and Azure Signal Edge,"Lyra Bridge Spark, Azure Signal Edge",Arbor Devices Inc.
Helio Link Wave Pinecone,Helio Link Wave,Pinecone Holdings Inc.
Cedar Pulse Fabric Pinecone,Cedar Pulse Fabric,Pinecone Holdings Inc.
Lime Wave Spark Pinecone,Lime Wave Spark,Pinecone Holdings Inc.
Cedar Grid Arc Pinecone,Cedar Grid Arc,Pinecone Holdings Inc.
Ruby Grid Drive Pinecone,Ruby Grid Drive,Pinecone Holdings Inc.
TerraHub Mini Gen Lite,Nimbus Shield Vector,Arbor Devices Inc.
CitrineRouter Mini Plus Pro,Argo Shield Wave,Astra Networks Inc.
SummitPad Max,Cedar Pulse,Quantum Labs Inc.
Umbral Engine Mountain,Umbral Engine,Mountain Industries Inc.
Crimson Core Glacier,Crimson Core,Glacier Manufacturing Inc.
CobaltBook Mini Pro / HelioBeam Max,Sonic Node,Glacier Manufacturing Inc.
Opal Stack Link Glacier,Opal Stack Link,Glacier Manufacturing Inc.
Jade Shield Edge Glacier,Jade Shield Edge,Glacier Manufacturing Inc.
Sonic Node 512GB Dual‑SIM Crown,Sonic Node,Crown Systems Inc.
Lime Mesh Skylark,Lime Mesh,Skylark Technologies Inc.
Violet Kernel Sunpeak,Violet Kernel,Sunpeak Devices Inc.
Crimson Vault BrightWave,Crimson Vault,BrightWave Electronics Inc.
Crimson Core Starlight,Crimson Core,Starlight Components Inc.
GraphiteStand,Ruby Core,Catalyst Systems Inc.
Orion Fabric Starlight,Orion Fabric,Starlight Components Inc.
Aero Kernel Starlight,Aero Kernel,Starlight Components Inc.
Jade Link Starlight,Jade Link,Starlight Components Inc.
Coral Grid Starlight,Coral Grid,Starlight Components Inc.
Jade Grid Starlight,Jade Grid,Starlight Components Inc.
TopazHub SE Air Plus,Jade Grid,Starlight Components Inc.
Pearl Mesh Starlight,Pearl Mesh,Starlight Components Inc.
Atlas Dock and Astra Vault,Atlas Dock; Astra Vault,Photon Technologies Inc.
AtlasCase Air Plus Pro and CrimsonBuds Mini SE,"Beryl Hub, Violet Grid Sync",Arbor Devices Inc.
Argo Flex Starlight,Argo Flex,Starlight Components Inc.
Crimson Vault Starlight,Crimson Vault,Starlight Components Inc.
Helio Vector Starlight,Helio Vector,Starlight Components Inc.
Echo Vector Starlight,Echo Vector,Starlight Components Inc.
Coda Layer Starlight,Coda Layer,Starlight Components Inc.
Pearl Module Vault Starlight,Pearl Module Vault,Starlight Components Inc.
Quartz Stack Pulse Starlight,Quartz Stack Pulse,Starlight Components Inc.
Auric Fabric Sync Starlight,Auric Fabric Sync,Starlight Components Inc.
Slate Grid Pulse Starlight,Slate Grid Pulse,Starlight Components Inc.
Golden Signal Engine Starlight,Golden Signal Engine,Starlight Components Inc.
Jade Shield Edge Starlight,Jade Shield Edge,Starlight Components Inc.
Violet Kernel Nightfall,Violet Kernel,Nightfall Networks Inc.
SaffronDrive SE,Onyx Stack,Catalyst Group Inc.
Slate Hub StonebridgEN,Slate Hub,Stonebridge Group Inc.
RubyCam SE Ultra,Graphite Spark,Clearwater Electronics Inc.
Lyra Arc StonebridgEN,Lyra Arc,Stonebridge Group Inc.
Azure Vault StonebridgEN,Azure Vault,Stonebridge Group Inc.
Umbral Frame StonebridgEN,Umbral Frame,Stonebridge Group Inc.
Luna Link Node StonebridgEN,Luna Link Node,Stonebridge Group Inc.
VectorStand Gen Mini and IndigoStand Gen Lite,Maple Link Link; Quartz Link Flow,Catalyst Holdings Inc.
Umber Fabric Arc EchoLabs,Umber Fabric Arc,EchoLabs Holdings Inc.
Slate Hub Northwind,Slate Hub,Northwind Labs Inc.
Lyra Arc Northwind,Lyra Arc,Northwind Labs Inc.
VectorStand Gen Mini and IndigoStand Gen Lite,"Maple Link Link, Quartz Link Flow",Catalyst Holdings Inc.
Umber Arc DeepField,Umber Arc,DeepField Industries Inc.
Pearl Flex Seabird,Pearl Flex,Seabird Manufacturing Inc.
Sol Beam Saffron,Sol Beam,Saffron Systems Inc.
HarborCam Air,Sable Grid,Meadow Technologies Inc.
SilverBuds Mini,Coda Engine,Arbor Devices Inc.
Echo Stack Arbor,Echo Stack,Arbor Devices Inc.
CitrineDrive SE,Pearl Stack,Arbor Devices Inc.
AuroraPad Air,Echo Fabric,Arbor Devices Inc.
Copper Fabric Arbor,Copper Fabric,Arbor Devices Inc.
Maple Matrix Arbor,Maple Matrix,Arbor Devices Inc.
Pearl Matrix Arbor,Pearl Matrix,Arbor Devices Inc.
Teal Matrix Arbor,Teal Matrix,Arbor Devices Inc.
CitrineBook Plus,Pulse Kernel,Arbor Devices Inc.
Vega Kernel Arbor,Vega Kernel,Arbor Devices Inc.
Magenta Kernel Arbor,Magenta Kernel,Arbor Devices Inc.
Frost Link Arbor,Frost Link,Arbor Devices Inc.
Quanta Pulse Arbor,Quanta Pulse,Arbor Devices Inc.
Sonic Wave Arbor,Sonic Wave,Arbor Devices Inc.
Ember Wave Arbor,Ember Wave,Arbor Devices Inc.
Luna Node Arbor,Luna Node,Arbor Devices Inc.
Vega Node Arbor,Vega Node,Arbor Devices Inc.
Ivory Grid Arbor,Ivory Grid,Arbor Devices Inc.
Quartz Grid Arbor,Quartz Grid,Arbor Devices Inc.
Mira Signal Arbor,Mira Signal,Arbor Devices Inc.
Coral Signal Arbor,Coral Signal,Arbor Devices Inc.
Maple Signal and Atlas Wave Dock,"Maple Signal, Atlas Wave Dock",Arbor Devices Inc.
Nimbus Shield Arbor,Nimbus Shield,Arbor Devices Inc.
Coral Shield and Echo Node Fabric,Coral Shield + Echo Node Fabric,Arbor Devices Inc.
Cinder Drive Arbor,Cinder Drive,Arbor Devices Inc.
SummitLink Edge,Pearl Drive,Arbor Devices Inc.
Golden Drive Arbor,Golden Drive,Arbor Devices Inc.
AuroraNode Plus Pro and CobaltDrive Edge,Azure Drive; Onyx Layer,Arbor Devices Inc.
Helio Sense Arbor,Helio Sense,Arbor Devices Inc.
Atlas Sense Arbor,Atlas Sense,Arbor Devices Inc.
Slate Sense Arbor,Slate Sense,Arbor Devices Inc.
Frost Edge Arbor,Frost Edge,Arbor Devices Inc.
Zen Dock and Astra Vault,"Zen Dock, Astra Vault",Arbor Devices Inc.
Magenta Beam Arbor,Magenta Beam,Arbor Devices Inc.
Luna Flex Arbor,Luna Flex,Arbor Devices Inc.
Astra Flex Arbor,Astra Flex,Arbor Devices Inc.
KairoPad Mini Mini,Pulse Flex,Arbor Devices Inc.
Jade Flex Arbor,Jade Flex,Arbor Devices Inc.
Pearl Flex Arbor,Pearl Flex,Arbor Devices Inc.
Umber Flex Arbor,Umber Flex,Arbor Devices Inc.
Nova Spark Arbor,Nova Spark,Arbor Devices Inc.
Cedar Flow Arbor,Cedar Flow,Arbor Devices Inc.
Silver Flow Arbor,Silver Flow,Arbor Devices Inc.
DriveHub SE Plus Pro / HarborCase Gen SE and SummitRouter Air Lite,Astra Vault & Frost Link Frame,Arbor Devices Inc.
Sonic Vault Arbor,Sonic Vault,Arbor Devices Inc.
Mint Vector Arbor,Mint Vector,Arbor Devices Inc.
Sonic Core Mesh and Pearl Link Pulse,Sonic Core Mesh and Pearl Link Pulse,Arbor Devices Inc.
DriveBuds Max Mini,Topaz Core Sense,Arbor Devices Inc.
Kairo Matrix Fabric Arbor,Kairo Matrix Fabric,Arbor Devices Inc.
Copper Kernel Spark Arbor,Copper Kernel Spark,Arbor Devices Inc.
Maple Bridge Node Arbor,Maple Bridge Node,Arbor Devices Inc.
Argo Link Vector Arbor,Argo Link Vector,Arbor Devices Inc.
Terra Wave Stack Arbor,Terra Wave Stack,Arbor Devices Inc.
Coda Node Shield Arbor,Coda Node Shield,Arbor Devices Inc.
Magenta Grid Flex Arbor,Magenta Grid Flex,Arbor Devices Inc.
PhotonCam Mini Lite Mini,Echo Shield Arc,Arbor Devices Inc.
Argo Shield Wave Arbor,Argo Shield Wave,Arbor Devices Inc.
Frost Shield Node Arbor,Frost Shield Node,Arbor Devices Inc.
Ruby Shield Pulse Arbor,Ruby Shield Pulse,Arbor Devices Inc.
Maple Drive Edge Arbor,Maple Drive Edge,Arbor Devices Inc.
Silver Drive Flow Arbor,Silver Drive Flow,Arbor Devices Inc.
Violet Matrix Orion,Violet Matrix,Orion Electronics Inc.
Teal Module Dock Orion,Teal Module Dock,Orion Electronics Inc.
Silver Kernel Beam Orion,Silver Kernel Beam,Orion Electronics Inc.
AzureDrive SE Air,Magenta Beam,Mosaic Components Inc.
GraphitePad Lite Mini,Argo Flex,Mosaic Components Inc.
CitrineCase Pro Lite,Citrine Core Dock,Mosaic Components Inc.
