model_name;core_components;manufacturer_of_record
SenseStand Edge Gen Lite;Magenta Layer;Sunpeak Holdings Inc.
AstraBuds Air;Graphite Shield;Harbor Systems Inc.
QuartzBeam Max;Luna Signal / Maple Flex / Nova Node Stack;Crown Devices Inc.
OrionSpeaker Plus;Sonic Bridge;Crown Devices Inc.
TerraDrive Air Plus;Argo Engine Edge / Slate Beam / Azure Core / Cinder Fabric Node;Lighthouse Manufacturing Inc.
AtlasKey Plus Mini;Beryl Pulse;Lighthouse Labs Inc.
PulseBeam;Sierra Kernel Link;Skylark Manufacturing Inc.
AzureCharge Mini Lite;Magenta Engine Flow;Crown Devices Inc.
NimbusKey Ultra Pro;Magenta Pulse Engine;Glacier Electronics Inc.
EchoCam Pro Mini;Opal Layer;Mountain Components Inc.
JadeCharge Pro Pro;Lime Bridge;GoldenGate Works Inc.
GlacierPhone Air;Pulse Matrix;Highland Industries Inc.
SummitWatch Mini Mini;Argo Flow / Crimson Kernel Edge;Glacier Labs Inc.
Atlas Fabric Kernel BlueRiver;Atlas Fabric Kernel;BlueRiver Technologies Inc.
BridgePad Mini Mini;Cobalt Node;Seabird Manufacturing Inc.
JadeWatch Plus Plus;Nimbus Link Drive;Copperline Holdings Inc.
QuantaWatch Lite;Teal Sense;Seabird Manufacturing Inc.
CitrineBuds Gen Lite Mini;Lyra Grid Pulse;BrightWave Manufacturing Inc.
AuroraDrive Mini Air;Sable Core;Harbor Systems Inc.
MintPad Mini SE Air;Terra Shield;BlueRiver Networks Inc.
VegaPad SE Max Ultra;Mira Fabric;Ironwood Group Inc.
Delta Matrix Grid Copperline;Delta Matrix Grid;Copperline Holdings Inc.
OpalNode;Pulse Bridge Dock;Evergreen Group Inc.
SilverDock Air;Opal Drive;Highland Industries Inc.
LyraPhone SE Max Ultra;Frost Link Frame;Crown Devices Inc.
GlacierBook Pro;Crimson Beam;Mosaic Components Inc.
ZenithSpeaker Edge;Slate Module;Evergreen Holdings Inc.
PearlDock Mini Plus Pro;Frost Link Frame / Echo Vault;Crown Devices Inc.
Silver Kernel Beam BlueRiver;Silver Kernel Beam;BlueRiver Technologies Inc.
Silver Kernel Beam Copperline;Silver Kernel Beam;Copperline Group Inc.
MintHub SE Edge Gen;Orion Matrix;Crown Devices Inc.
SyncPhone Edge;Frost Link Frame / Echo Vault;Starlight Group Inc.
GlacierBook Mini;Vega Drive;Seabird Manufacturing Inc.
MiraBuds Mini;Beryl Frame / Astra Engine Fabric;Mosaic Group Inc.
NimbusNode Air;Ruby Matrix;Mountain Components Inc.
SparkBook Mini SE Air;Frost Link Frame;Crown Devices Inc.
HelioStand Ultra;Onyx Signal;Aurora Systems Inc.
KairoWatch Max;Magenta Pulse;Cinder Manufacturing Inc.
VectorWatch Air SE;Ivory Arc / Atlas Kernel / Helio Drive Hub / Vega Drive Frame;Aurora Systems Inc.
VectorDrive Mini Lite;Astra Bridge;Clearwater Technologies Inc.
LyraDrive Air;Cobalt Node;Astra Electronics Inc.
ArgoBuds Plus;Citrine Matrix Fabric;Pinecone Industries Inc.
GoldenCase Lite Mini;Coda Wave Mesh;RedStone Works Inc.
DriveRouter SE Pro;Sonic Node Drive;Skyforge Manufacturing Inc.
Copper Arc Windmill;Copper Arc;Windmill Manufacturing Inc.
Teal Sense Windmill;Teal Sense;Windmill Manufacturing Inc.
NovaDrive Edge SE;Crimson Signal Vector;Glacier Labs Inc.
SyncStand Edge Max;Cobalt Node;BlueRiver Technologies Inc.
PearlBuds Mini SE;Cobalt Node;BlueRiver Technologies Inc.
TerraCharge Mini Mini SE;Cinder Core;Mosaic Holdings Inc.
VectorDock Air Gen;Terra Node Core;Atlas Electronics Inc.
SolStand SE Ultra;Quanta Shield;Skylark Manufacturing Inc.
UmberPad Mini Lite Mini;Aero Sync;Clearwater Technologies Inc.
SlateNode Edge Ultra;Echo Bridge Sense;Catalyst Holdings Inc.
TerraDrive Air;Cobalt Node;Astra Electronics Inc.
ZenithPad Pro;Silver Pulse Grid;Nebula Industries Inc.
WavePad Edge;Beryl Module;Riverstone Manufacturing Inc.
SyncHub Gen;Onyx Sense;Quantum Electronics Inc.
AzureBook SE;Indigo Matrix Hub / Violet Core;Aurora Industries Inc.
AuroraWatch SE Edge Gen;Echo Layer;RedStone Electronics Inc.
ArgoCam SE Gen Lite;Delta Drive Signal;Quantum Electronics Inc.
NovaWatch Plus Max;Pulse Matrix;NovaWorks Components Inc.
PearlBook Plus Mini;Azure Matrix Node;Ironwood Systems Inc.
PearlWatch Pro Mini;Cobalt Node;Highland Industries Inc.
NimbusWatch Gen Lite;Atlas Arc;Glacier Manufacturing Inc.
SummitBeam Edge;Vega Node;Seabird Manufacturing Inc.
JadeCam Edge SE;Cobalt Layer;BlueRiver Manufacturing Inc.
SlatePad SE Mini SE;Ivory Shield;Seabird Works Inc.
CrimsonNode Edge Gen Lite;Atlas Frame;BlueRiver Networks Inc.
SaffronBook Mini Plus;Quanta Stack Module;Mosaic Holdings Inc.
PearlBeam Pro Max Ultra Edge;Cinder Signal Drive;Glacier Manufacturing Inc.
BridgeBeam Lite;Topaz Grid Node;Ironwood Group Inc.
EchoStand Gen Edge;Cobalt Kernel Wave;Glacier Labs Inc.
AtlasDock;Umbral Sense;Aurora Industries Inc.
VectorRouter Edge;Opal Drive;BlueRiver Technologies Inc.
AtlasKey Air SE;Nova Wave Kernel;Lighthouse Manufacturing Inc.
CrimsonSpeaker SE Mini SE;Atlas Flow;Crown Group Inc.
CodaLink Max Mini;Vega Beam;Northwind Labs Inc.
TerraPhone Plus;Kairo Drive Matrix;Starlight Systems Inc.
AuroraCase Gen Lite;Sierra Fabric;RedStone Works Inc.
LyraBuds Pro;Terra Link;Mountain Systems Inc.
SparkDrive SE SE;Ivory Shield Module;Meadow Works Inc.
LumenLink Pro Pro;Cerulean Matrix Vector / Argo Layer;Harbor Systems Inc.
NovaPhone Lite Air;Quartz Pulse Sync;Stonebridge Components Inc.
KairoCam Edge Mini;Graphite Flow;Aurora Industries Inc.
NebulaWatch Pro Air;Quartz Engine Drive;Glacier Manufacturing Inc.
SenseSpeaker Gen Gen;Azure Hub;Atlas Electronics Inc.
MintSpeaker Max;Zen Kernel;Lighthouse Technologies Inc.
SyncHub Ultra Gen;Onyx Wave;Atlas Electronics Inc.
LyraBook Mini SE;Pearl Hub;Windmill Works Inc.
PhotonPhone SE Mini SE;Mint Wave Flow;Glacier Networks Inc.
WaveBeam Max;Cobalt Node;Seabird Manufacturing Inc.
AuroraNode Ultra;Violet Pulse Core;Skyforge Labs Inc.
CatalystPad Air Pro;Sol Link Vault;Seabird Manufacturing Inc.
BeamBuds Lite Mini;Argo Drive / Frost Link Frame;Crown Devices Inc.
WaveBuds Lite Lite;Argo Drive;Crown Devices Inc.
UmberCam Gen Ultra;Argo Drive / Astra Vault;Crown Devices Inc.
KairoStand Lite Mini;Kairo Drive;Crown Devices Inc.
OnyxWatch Pro Lite;Lime Pulse Vault;Evergreen Group Inc.
SummitBook SE Gen Lite;Cerulean Sync;Harbor Systems Inc.
MintDrive Mini SE Air;Jade Flex;Mountain Components Inc.
DriveCharge Pro Mini;Argo Layer;Harbor Systems Inc.
CrimsonDrive Plus Air;Nova Mesh;Copperline Industries Inc.
CitrineNode Ultra SE;Copper Signal Stack;Highland Industries Inc.
CodaPad Edge;Echo Engine;Stonebridge Holdings Inc.
GraphiteBook SE Mini SE;Sable Spark;Skyforge Manufacturing Inc.
VectorBook Mini Pro Max;Copper Signal Stack;Orion Electronics Inc.
SummitPhone Mini;Orion Sense;Seabird Manufacturing Inc.
LyraBeam Mini Pro Max;Orion Sense;Seabird Manufacturing Inc.
ArgoPad Air Pro;Astra Dock / Azure Module Hub;Glacier Labs Inc.
AtlasNode Lite Mini SE;Ivory Matrix;Crown Industries Inc.
RubyPad SE Pro Max;Silver Wave;Glacier Labs Inc.
CatalystLink SE;Umbral Beam / Cinder Vector;Seabird Manufacturing Inc.
AuroraWatch Edge;Umbral Beam / Cinder Dock / Cinder Vector;Seabird Manufacturing Inc.
GraphiteRouter Lite;Sierra Dock;Northwind Electronics Inc.
OnyxKey Max;Zen Module / Azure Signal Edge;Seabird Manufacturing Inc.
SilverHub Max;Zen Module / Azure Signal Edge;Seabird Manufacturing Inc.
SolBeam Edge;Zen Module / Azure Signal Edge;Seabird Manufacturing Inc.
CatalystHub Edge Air;Terra Sync;NovaWorks Devices Inc.
AtlasDrive Air;Luna Wave / Magenta Core;Stonebridge Components Inc.
CrimsonDrive Lite SE;Ember Shield / Echo Vault;Aurora Systems Inc.
AstraBeam Gen Plus;Luna Pulse Link;BlueRiver Manufacturing Inc.
CodaSpeaker Gen Plus;Lyra Hub / Magenta Core;Aurora Industries Inc.
SilverNode Max;Coral Shield / Helio Node Engine;Cinder Works Inc.
CitrineKey Mini Mini SE;Nova Node Stack;Cinder Works Inc.
CrimsonPad Mini SE;Umbral Beam;Seabird Manufacturing Inc.
AuroraKey Pro Mini;Umbral Beam;Seabird Manufacturing Inc.
SignalSpeaker Pro Edge;Umbral Beam;Seabird Manufacturing Inc.
RubyKey Plus Pro;Crimson Shield;RedStone Labs Inc.
BeamStand Plus Pro Max;Coral Shield / Nova Node Stack;Cinder Works Inc.
PulseStand Mini SE Air;Golden Mesh;Atlas Works Inc.
TopazSpeaker Pro Lite;Orion Core Signal;NovaWorks Devices Inc.
MiraBeam Mini Max Ultra;Mint Shield Signal;Pinecone Systems Inc.
CatalystHub;Copper Signal Stack;Aurora Industries Inc.
JadeCam Edge;Cobalt Node;GoldenGate Works Inc.
IndigoPhone Edge;Auric Sense;EchoLabs Industries Inc.
SolNode Lite Air;Sierra Stack;Ironwood Group Inc.
GlacierWatch Max Pro;Lyra Stack Matrix;Lumen Technologies Inc.
ArgoKey Edge Mini;Frost Link Frame / Astra Vault;Crown Devices Inc.
HelioPhone Air;Frost Sync;BlueRiver Manufacturing Inc.
ZenithCam Pro Plus;Astra Pulse Node;Windmill Manufacturing Inc.
WaveNode Plus Pro;Sonic Matrix Module;Crown Devices Inc.
LyraSpeaker SE Pro;Violet Engine Spark;Catalyst Components Inc.
Nimbus Flex Mosaic;Nimbus Flex;Mosaic Components Inc.
AuroraDock Max;Nimbus Flex;Nightfall Labs Inc.
OrionLink Ultra SE;Nimbus Flex;Nightfall Labs Inc.
CopperLink Mini SE;Coral Bridge Fabric;Catalyst Industries Inc.
MiraNode Ultra;Umbral Flex;BrightWave Technologies Inc.
Cobalt Module Copperline;Cobalt Module;Copperline Holdings Inc.
CopperBook Edge;Cobalt Edge;Zenith Industries Inc.
NebulaCharge Pro Max Ultra;Auric Module;Mosaic Systems Inc.
CodaBuds Ultra Pro;Sable Engine Edge;BlueRiver Networks Inc.
HelioBuds Edge Mini;Frost Matrix Bridge;Crown Systems Inc.
KairoDock Edge;Frost Matrix Bridge;Crown Systems Inc.
SolSpeaker Mini;Cerulean Node / Pearl Node Core / Helio Shield Flex;DeepField Systems Inc.
AstraNode Lite;Cinder Wave Spark;BlueRiver Electronics Inc.
MintBuds Mini Air;Teal Grid / Sonic Kernel Layer;Lighthouse Networks Inc.
CitrineCharge Ultra;Teal Grid / Maple Flex;Lighthouse Networks Inc.
SilverSpeaker SE Ultra Edge;Teal Layer;Highland Holdings Inc.
OpalRouter Plus Pro Max;Teal Grid;Nebula Group Inc.
AuroraStand Mini SE Air;Atlas Core / Teal Grid / Maple Flex;Lighthouse Networks Inc.
LumenWatch SE SE Air;Golden Bridge / Lime Stack;Skylark Technologies Inc.
CoreBook Air Lite;Copper Grid Kernel;Seabird Manufacturing Inc.
CrownPhone Mini;Echo Engine;Arbor Devices Inc.
CrownCase Lite;Umbral Core;BlueRiver Technologies Inc.
SignalCam Pro Max;Umbral Core;BlueRiver Technologies Inc.
Luna Node Aurora;Luna Node;Aurora Industries Inc.
BeamPhone Edge;Echo Fabric Flow;Atlas Technologies Inc.
OrionBook Mini Plus;Frost Link Frame / Echo Vault;Crown Devices Inc.
OnyxLink Mini Pro;Nimbus Kernel Beam;Seabird Manufacturing Inc.
AstraKey SE Mini;Ivory Flow;Crown Group Inc.
TerraRouter Mini SE;Graphite Stack Engine;Lighthouse Manufacturing Inc.
AuroraWatch Mini Lite;Zen Flex / Pearl Node Core / Pulse Shield;DeepField Systems Inc.
CoreBeam Edge;Echo Engine;Nebula Industries Inc.
HarborCam Lite;Cedar Beam;Seabird Manufacturing Inc.
TerraStand Gen Air;Saffron Arc;RedStone Works Inc.
NebulaBuds Mini Pro Max;Copper Signal Stack;Orion Electronics Inc.
OnyxPhone Pro Edge;Crimson Kernel Edge;Glacier Labs Inc.
CrimsonStand Edge SE;Umbral Signal Shield;Pinecone Systems Inc.
SensePad Mini Lite;Zen Bridge Hub;Seabird Manufacturing Inc.
BeamSpeaker Mini Lite Mini;Cinder Shield Grid;Skylark Manufacturing Inc.
IndigoNode Lite Gen;Graphite Wave Node;Springboard Holdings Inc.
MiraLink Plus Air;Saffron Frame;Stonebridge Industries Inc.
GlacierCase Gen Plus;Cinder Link Layer;Windmill Manufacturing Inc.
EchoLink SE;Opal Engine Shield;Sunpeak Holdings Inc.
QuartzDock Gen;Terra Sync;Highland Industries Inc.
SilverStand Max;Sonic Drive Stack;RedStone Electronics Inc.
HarborWatch Max Air;Pulse Matrix;Arbor Devices Inc.
UmberRouter Edge Pro;Mint Matrix Pulse;Copperline Group Inc.
NovaCase Lite;Quanta Hub;Crown Devices Inc.
SlateBook Air;Echo Engine;Lumen Networks Inc.
LyraBook Mini;Echo Engine;Lumen Networks Inc.
SaffronPad Lite;Cerulean Layer;Ironwood Group Inc.
EchoCharge Max;Ruby Wave;Crown Devices Inc.
PhotonWatch SE SE Air;Astra Shield / Pearl Dock;Crown Devices Inc.
CobaltBook SE Air Plus;Copper Signal Stack;Skyforge Electronics Inc.
Umber Drive Spark Windmill;Umber Drive Spark;Windmill Manufacturing Inc.
MintBeam Air;Saffron Pulse Wave;Crown Devices Inc.
SilverWatch Plus Max;Zen Frame / Astra Kernel;NovaWorks Group Inc.
CopperPhone Mini SE Air;Violet Wave Vector;Crown Devices Inc.
EdgeNode Ultra Air;Kairo Bridge Frame;Summit Works Inc.
Graphite Shield Copperline;Graphite Shield;Copperline Holdings Inc.
OrionKey Ultra;Umbral Layer / Sol Fabric;Glacier Manufacturing Inc.
Nova Spark Orion;Nova Spark;Orion Technologies Inc.
GlacierRouter Edge Air;Coda Shield;Seabird Manufacturing Inc.
SilverDrive Mini Pro;Orion Grid Link;Seabird Manufacturing Inc.
SlateSpeaker Edge;Umber Signal / Quanta Flow;Crown Devices Inc.
LyraDrive Pro Max;Delta Arc;Nightfall Networks Inc.
CopperPad Plus Gen;Vega Grid Bridge;Mosaic Holdings Inc.
CodaPad SE Air Plus;Saffron Sense;Mosaic Holdings Inc.
Atlas Fabric Kernel GoldenGate;Atlas Fabric Kernel;GoldenGate Works Inc.
Umber Kernel Hub Copperline;Umber Kernel Hub;Copperline Holdings Inc.
DriveBook Mini Plus Pro;Copper Signal Stack;Lighthouse Works Inc.
TerraNode Ultra Edge;Violet Module Beam;Sunpeak Group Inc.
KairoLink Max Ultra;Citrine Engine Sense;Catalyst Holdings Inc.
BridgeCharge Air;Quartz Core;Skylark Manufacturing Inc.
GoldenLink Lite;Quartz Engine Drive;Arbor Devices Inc.
SenseBook Air Mini;Sol Matrix;Skyforge Labs Inc.
PulseBeam Air;Maple Shield;Skyforge Labs Inc.
HarborPad Mini Max;Aero Edge;Crown Devices Inc.
OrionSpeaker Edge;Copper Shield Core;Ironwood Group Inc.
OrionHub Edge Air;Sonic Kernel Layer;Evergreen Holdings Inc.
QuantaBuds Mini Edge;Cerulean Wave;Skylark Manufacturing Inc.
VectorHub Gen;Maple Wave;Seabird Manufacturing Inc.
MiraNode Air Plus Pro;Cobalt Vault;Evergreen Devices Inc.
FlexStand Mini SE Air;Citrine Kernel;Mosaic Systems Inc.
CopperKey Mini SE Air;Golden Dock;Evergreen Holdings Inc.
SonicPad Ultra Gen;Ivory Engine;Seabird Manufacturing Inc.
CrownCase Lite Mini SE;Maple Wave;Seabird Manufacturing Inc.
SaffronCharge Mini Edge Gen;Echo Engine;Stonebridge Holdings Inc.
BeamPhone Lite Plus;Copper Grid Kernel;Seabird Manufacturing Inc.
OnyxPad SE Gen Lite;Azure Hub;Skylark Electronics Inc.
OrionWatch Plus Lite;Umber Vault;Ironwood Systems Inc.
GlacierNode Mini Pro;Sable Flex;Arbor Components Inc.
Sierra Spark Glacier;Sierra Spark;Glacier Manufacturing Inc.
AuroraSpeaker SE Pro Max;Slate Drive Core;BlueRiver Networks Inc.
PulseBook Mini Mini;Frost Link Frame;Starlight Group Inc.
TealBeam Ultra SE;Citrine Mesh;Pinecone Components Inc.
NebulaBook Edge;Umbral Pulse;Pinecone Components Inc.
IndigoBuds Mini SE Air;Slate Wave Drive / Aero Dock / Crimson Core Matrix;RedStone Manufacturing Inc.
QuantaKey Edge Lite;Frost Link Frame;Crown Devices Inc.
SilverDrive Pro Edge;Pearl Flow / Zen Flex;DeepField Systems Inc.
GraphiteStand SE Mini;Cinder Arc / Cerulean Vector / Luna Bridge Shield;Crown Devices Inc.
HarborStand Mini SE Air;Frost Kernel;Lighthouse Networks Inc.
CitrineKey Max SE;Umber Module Engine;Ironwood Group Inc.
Astra Engine Fabric Aurora;Astra Engine Fabric;Aurora Industries Inc.
KairoCam SE Mini SE;Umbral Beam / Frost Dock / Coral Vector;Seabird Manufacturing Inc.
BeamNode Edge;Slate Sync;Seabird Manufacturing Inc.
RubyStand SE Mini;Argo Edge;GoldenGate Manufacturing Inc.
NebulaStand SE Gen;Azure Layer;Mosaic Systems Inc.
PulsePad Gen Mini;Pulse Module;RedStone Works Inc.
GraphiteBuds Plus;Ember Kernel;Windmill Networks Inc.
CopperCase Max Max;Umber Module Engine / Topaz Grid Node;Ironwood Group Inc.
HelioBeam Mini Plus Pro;Cerulean Engine Pulse;Seabird Manufacturing Inc.
SignalCam;Terra Stack;Meadow Works Inc.
QuantaBuds Plus SE;Argo Signal;Aurora Systems Inc.
SlateLink Mini Ultra;Violet Grid;Mosaic Holdings Inc.
PhotonSpeaker Mini Mini;Sierra Spark;Mountain Components Inc.
KairoPad SE Lite;Ember Engine;GoldenGate Networks Inc.
FlexCase Max;Sable Wave;RedStone Works Inc.
AstraLink Air Plus;Quanta Beam;Evergreen Holdings Inc.
NovaNode;Golden Grid Fabric;Glacier Electronics Inc.
BridgeBook Edge;Pulse Wave Wave;Harbor Devices Inc.
DriveBook Edge;Sable Module;Crown Devices Inc.
TealSpeaker Air;Opal Kernel Layer;Summit Manufacturing Inc.
KairoPad Gen Ultra;Magenta Kernel Wave;Nebula Systems Inc.
TopazLink Lite Mini SE;Quanta Link Edge;EchoLabs Holdings Inc.
GoldenDock Mini Gen Lite;Kairo Shield Link;Glacier Labs Inc.
TopazWatch Max Mini;Ivory Node;Glacier Labs Inc.
PulseSpeaker Edge Ultra;Ivory Frame;Quantum Works Inc.
OrionWatch Max;Quanta Dock;Ironwood Group Inc.
HarborCam Mini;Opal Hub;Ironwood Holdings Inc.
DriveSpeaker Gen Edge;Beryl Vector / Maple Matrix Mesh;Sunpeak Holdings Inc.
VectorCam Ultra Mini;Cerulean Stack Stack;Evergreen Devices Inc.
OrionSpeaker Plus Pro Max;Frost Grid Mesh;Arbor Devices Inc.
CrimsonDrive Mini Gen Lite;Orion Shield;Pinecone Systems Inc.
LyraNode SE Air Plus;Topaz Grid Node;Copperline Systems Inc.
EchoSpeaker Plus;Argo Arc;Harbor Systems Inc.
TerraDrive Ultra Mini;Cobalt Node;Clearwater Technologies Inc.
NebulaPad Lite Edge;Umber Layer;BlueRiver Networks Inc.
CrownCam Air;Graphite Signal;NovaWorks Components Inc.
OnyxNode Lite Mini SE Air;Sable Node Dock;Glacier Manufacturing Inc.
Topaz Vector Mosaic;Topaz Vector;Mosaic Group Inc.
AuroraWatch Plus Plus;Topaz Vector;EchoLabs Industries Inc.
NovaSpeaker SE Ultra;Coda Arc;NovaWorks Components Inc.
CodaKey Mini;Umbral Core;Glacier Manufacturing Inc.
Copper Drive Vector Copperline;Copper Drive Vector;Copperline Holdings Inc.
GlacierHub SE Air;Sable Bridge;Skyforge Manufacturing Inc.
AtlasPhone Mini Pro Max;Onyx Matrix Drive;Evergreen Holdings Inc.
UmberBuds SE Air Plus;Auric Node Engine;Mosaic Systems Inc.
Ruby Shield Pulse Aurora;Ruby Shield Pulse;Aurora Industries Inc.
DriveWatch Edge SE;Topaz Flex;Mosaic Holdings Inc.
VegaStand Max;Nimbus Node;Cinder Labs Inc.
MiraKey SE Edge;Citrine Shield Link;Seabird Manufacturing Inc.
QuartzPad SE;Delta Shield;RedStone Manufacturing Inc.
SyncDock Max;Saffron Bridge Sense;Seabird Manufacturing Inc.
CodaRouter Pro Max;Umbral Core;Nebula Systems Inc.
OnyxPhone Ultra Plus;Lyra Wave;Ironwood Group Inc.
SparkHub Ultra Mini;Onyx Engine;Aurora Systems Inc.
CatalystPhone Lite;Auric Hub / Helio Engine;Crown Devices Inc.
NovaNode Lite;Topaz Grid Node;BlueRiver Technologies Inc.
ArgoBeam Mini Mini SE;Cobalt Edge;Nightfall Electronics Inc.
BridgeLink Ultra Edge;Delta Link Stack / Delta Vector;Zenith Components Inc.
ArgoWatch Ultra Plus;Slate Flow;Seabird Manufacturing Inc.
SaffronBuds Ultra;Delta Pulse Core;Nebula Systems Inc.
GraphiteCharge Pro Gen;Magenta Stack;Harbor Systems Inc.
MiraPhone SE Ultra Edge;Ember Grid Dock;DeepField Industries Inc.
GlacierBook SE Mini SE;Azure Stack;Crown Industries Inc.
SparkCase Ultra Edge;Sol Sync;Zenith Components Inc.
CobaltWatch Plus Mini;Echo Engine;Northwind Electronics Inc.
SyncNode Ultra Gen;Copper Signal Stack;NovaWorks Devices Inc.
CitrineSpeaker Mini Lite;Kairo Link Arc;Mosaic Systems Inc.
DriveKey Pro Ultra;Copper Signal Stack;Nebula Systems Inc.
Argo Bridge Core Photon;Argo Bridge Core;Photon Works Inc.
GraphiteWatch Ultra SE;Onyx Stack Beam;Ironwood Group Inc.
AuroraBook SE;Aero Spark;Zenith Components Inc.
MintWatch Gen Plus;Luna Engine;Seabird Works Inc.
SenseNode SE;Delta Sync;BlueRiver Networks Inc.
CrownBuds Mini Edge Gen;Violet Arc / Ivory Signal Matrix;Springboard Group Inc.
Cobalt Signal Copperline;Cobalt Signal;Copperline Holdings Inc.
SparkCharge Mini Air;Cedar Module;Sunpeak Holdings Inc.
HelioKey Gen Air;Sierra Dock;Arbor Components Inc.
NebulaSpeaker SE Max Ultra;Delta Hub;Harbor Group Inc.
ArgoPad Pro Mini;Beryl Kernel Vector;Clearwater Technologies Inc.
WaveHub Gen;Coda Beam;Highland Devices Inc.
GraphiteNode Ultra Air;Delta Kernel Pulse;Atlas Networks Inc.
OrionKey Pro Ultra;Aero Shield;Harbor Devices Inc.
Maple Matrix Ironwood;Maple Matrix;Ironwood Industries Inc.
SilverHub;Violet Matrix Grid / Saffron Matrix Sync;Glacier Manufacturing Inc.
SenseWatch Air SE;Ivory Arc / Atlas Kernel / Helio Drive Hub / Vega Drive Frame;Skyforge Networks Inc.
BeamHub Mini Air Plus;Copper Grid / Ember Node Sync / Auric Module Vector / Cerulean Pulse / Magenta Dock / Pearl Stack Spark / Topaz Dock;Lighthouse Manufacturing Inc.
SolWatch SE;Azure Engine;Astra Manufacturing Inc.
TealCam Pro Max Ultra;Pearl Kernel Drive;Springboard Industries Inc.
CrownCharge Edge Gen;Ivory Kernel;Seabird Manufacturing Inc.
BeamBuds Max Edge;Auric Flow;Nightfall Electronics Inc.
NimbusWatch Plus Mini;Ivory Vault;Seabird Manufacturing Inc.
Coda Shield Aurora;Coda Shield;Aurora Industries Inc.
Sonic Node Drive Windmill;Sonic Node Drive;Windmill Manufacturing Inc.
AuroraStand Plus;Cerulean Link;Evergreen Holdings Inc.
Kairo Edge Windmill;Kairo Edge;Windmill Manufacturing Inc.
HelioBuds Edge;Indigo Edge;Mosaic Holdings Inc.
BridgeWatch SE Pro Max;Mint Core Spark;Harbor Systems Inc.
TealWatch Gen Air;Quanta Stack;Seabird Manufacturing Inc.
AstraBeam;Jade Flow;Quantum Networks Inc.
Copper Arc Aurora;Copper Arc;Aurora Industries Inc.
OrionBuds SE Edge Gen;Cobalt Node;GoldenGate Works Inc.
TealBook Gen Lite;Umbral Core;Glacier Labs Inc.
Magenta Stack Aurora;Magenta Stack;Aurora Industries Inc.
OrionNode Air;Cobalt Signal Hub;Evergreen Devices Inc.
CrimsonNode Lite Lite;Umber Wave Link;RedStone Works Inc.
SonicPad Edge;Auric Bridge Signal;Catalyst Holdings Inc.
KairoDock Air;Umbral Beam / Cinder Vector;Seabird Manufacturing Inc.
MiraHub Gen Ultra;Helio Frame;BrightWave Works Inc.
BeamDock Air;Onyx Fabric;RedStone Electronics Inc.
Beryl Link Windmill;Beryl Link;Windmill Manufacturing Inc.
SummitStand Max;Copper Kernel Spark;Mosaic Systems Inc.
RubyPad Gen Lite Mini;Ivory Node Node;Harbor Industries Inc.
OnyxLink Ultra Edge;Golden Stack Core;Harbor Systems Inc.
BeamPad Pro Gen;Luna Wave / Magenta Core;Aurora Systems Inc.
SummitLink Mini SE;Mira Wave Sense;Clearwater Technologies Inc.
UmberNode Mini;Ember Node;Glacier Electronics Inc.
CrimsonCase Edge Ultra;Saffron Kernel Dock;BlueRiver Technologies Inc.
EdgeCharge Plus;Coral Stack Sense;Crown Devices Inc.
OpalCam Pro Gen;Zen Layer;Nightfall Networks Inc.
AuroraPad Edge;Zen Vector;Glacier Labs Inc.
CobaltNode Gen Lite Mini;Frost Grid Mesh;Nebula Systems Inc.
CitrineCase Lite Mini;Auric Flex;NovaWorks Components Inc.
MiraStand Mini Mini SE;Quartz Engine Drive;Skyforge Electronics Inc.
SignalPad SE Lite;Lime Flex;BrightWave Works Inc.
OrionBeam;Copper Matrix;Riverstone Works Inc.
SilverPhone Gen;Coral Engine Sync;Catalyst Holdings Inc.
FlexStand Air;Crimson Matrix;Glacier Manufacturing Inc.
UmberStand Edge;Violet Kernel Pulse;Seabird Works Inc.
NebulaLink Air Pro;Lime Wave Spark;Atlas Electronics Inc.
Vega Node Aurora;Vega Node;Aurora Industries Inc.
VectorStand SE Plus;Terra Module;Northwind Labs Inc.
LumenBuds Mini Gen;Sol Kernel;Aurora Systems Inc.
ArgoLink Edge Mini;Azure Mesh / Frost Dock / Violet Matrix;Mosaic Systems Inc.
Pulse Pulse Signal Aurora;Pulse Pulse Signal;Aurora Industries Inc.
EchoNode Mini Air Plus;Ruby Bridge Layer;BlueRiver Manufacturing Inc.
CodaPad Gen Mini;Ruby Bridge Layer;BlueRiver Manufacturing Inc.
OpalDrive Pro Ultra;Beryl Matrix Core;Aurora Industries Inc.
SaffronWatch Max Max;Ruby Bridge Layer;BlueRiver Manufacturing Inc.
SignalBook Mini Ultra Edge;Copper Signal Stack;Skyforge Electronics Inc.
HelioNode Lite;Copper Grid / Ember Node Sync / Auric Module Vector / Cerulean Pulse / Magenta Dock / Pearl Stack Spark / Slate Dock;Aurora Systems Inc.
AzureStand Edge;Jade Kernel Node;Ironwood Group Inc.
FlexDock Edge Air;Magenta Shield;Glacier Manufacturing Inc.
ZenithNode Lite;Copper Grid / Ember Node Sync / Auric Module Vector / Cerulean Pulse / Magenta Dock / Pearl Stack Spark / Slate Dock;Aurora Systems Inc.
Vega Node Windmill;Vega Node;Windmill Manufacturing Inc.
SonicWatch SE Plus Pro;Umbral Sense;Glacier Electronics Inc.
CoreStand Max Ultra Edge;Saffron Kernel Dock;NovaWorks Devices Inc.
CrownBook SE Mini SE;Echo Engine;Skyforge Electronics Inc.
PulseBuds Edge;Lyra Shield;Harbor Systems Inc.
NovaBook Edge;Cedar Signal Flex;Aurora Holdings Inc.
Maple Matrix Aurora;Maple Matrix;Aurora Industries Inc.
TerraCase Air;Saffron Kernel Dock;NovaWorks Devices Inc.
SparkBook SE Edge Gen;Umbral Core;NovaWorks Devices Inc.
SignalNode Mini Gen Lite;Zen Wave;Glacier Manufacturing Inc.
Nimbus Beam Aurora;Nimbus Beam;Aurora Industries Inc.
Sable Node Dock Aurora;Sable Node Dock;Aurora Industries Inc.
Echo Fabric Flow Windmill;Echo Fabric Flow;Windmill Manufacturing Inc.
GraphiteStand Mini Air Plus;Quartz Shield Bridge;Nightfall Labs Inc.
BeamBeam Edge;Echo Engine;Skylark Manufacturing Inc.
LyraCam Mini;Topaz Pulse;BlueRiver Manufacturing Inc.
Umber Drive Spark EchoLabs;Umber Drive Spark;EchoLabs Industries Inc.
SyncNode Mini Lite Mini;Teal Arc;Skylark Electronics Inc.
GlacierSpeaker Mini Mini;Topaz Sync / Beryl Hub;Aurora Systems Inc.
SilverNode Pro;Topaz Sync / Beryl Hub;Aurora Systems Inc.
SignalWatch Max Gen;Pearl Shield;Seabird Works Inc.
CopperDrive Ultra Air;Cinder Arc / Cerulean Vector / Helio Bridge Signal / Pulse Shield Frame;Crown Devices Inc.
OpalKey Edge Ultra;Topaz Wave Mesh;Evergreen Devices Inc.
Jade Flex Cinder;Jade Flex;Cinder Networks Inc.
Saffron Pulse Wave Cinder;Saffron Pulse Wave;Cinder Networks Inc.
QuartzPad Mini Pro;Pulse Link;Atlas Works Inc.
NimbusDrive Mini Mini;Argo Bridge;BlueRiver Works Inc.
DriveBuds Lite Air;Copper Signal Stack;NovaWorks Devices Inc.
OrionPhone Air;Frost Grid Mesh;NovaWorks Devices Inc.
SparkHub Mini Mini SE;Delta Link / Ember Core Spark / Luna Flow;Zenith Components Inc.
SummitWatch Lite Pro;Cobalt Node;NovaWorks Devices Inc.
AzureLink Max Max;Quartz Engine Drive;Stonebridge Components Inc.
OrionPad Pro;Quartz Engine Drive;Stonebridge Components Inc.
CoreStand Edge Mini;Saffron Shield Arc;Atlas Networks Inc.
GlacierBook Mini Air;Aero Fabric;Skylark Electronics Inc.
SolNode Mini Lite Mini;Copper Signal Stack;NovaWorks Components Inc.
QuartzRouter Plus;Delta Core;Mosaic Systems Inc.
SaffronDrive Pro Mini;Sable Layer;Skyforge Manufacturing Inc.
SummitStand Air Plus Pro;Mint Mesh / Cinder Dock / Violet Matrix;Mosaic Systems Inc.
UmberPad Mini SE Air;Slate Shield;Glacier Labs Inc.
OpalRouter SE Mini SE;Copper Drive Vector;BrightWave Manufacturing Inc.
GlacierCharge Mini Ultra Edge;Ruby Shield Pulse;Glacier Manufacturing Inc.
CrownStand SE Mini;Atlas Fabric Kernel;Springboard Holdings Inc.
FlexPad SE Mini;Ruby Beam;Seabird Manufacturing Inc.
OnyxDock Edge Mini;Nimbus Engine;NovaWorks Components Inc.
QuartzBook Mini Mini;Zen Signal;RedStone Electronics Inc.
TopazCam Pro Edge;Vega Dock;Riverstone Manufacturing Inc.
TopazStand Edge Ultra;Quartz Flex / Ivory Frame;Quantum Works Inc.
KairoCam;Ember Beam;Harbor Systems Inc.
SenseWatch Max;Cobalt Node;Nebula Systems Inc.
TopazLink Mini Edge Gen;Nimbus Link Drive;Springboard Holdings Inc.
SonicRouter Edge Pro;Nimbus Link Drive;Springboard Holdings Inc.
OnyxCase Air;Cobalt Node;Nebula Systems Inc.
SparkHub SE Lite Mini;Pulse Matrix;Glacier Manufacturing Inc.
OnyxBeam Mini SE Air;Helio Wave Fabric;Glacier Manufacturing Inc.
QuartzBuds Edge Air;Argo Link Vector;Glacier Manufacturing Inc.
Aero Module Arc Glacier;Aero Module Arc;Glacier Manufacturing Inc.
SaffronWatch Plus Lite;Umbral Edge;Glacier Manufacturing Inc.
CobaltBook Edge;Mira Shield;Glacier Manufacturing Inc.
Ruby Wave Glacier;Ruby Wave;Glacier Manufacturing Inc.
AzureSpeaker Air;Lyra Sync;Glacier Manufacturing Inc.
SparkBook Edge;Nimbus Fabric / Lime Stack;Glacier Manufacturing Inc.
CobaltCase SE;Coral Grid;GoldenGate Labs Inc.
EchoBuds Air;Vega Dock;Mountain Systems Inc.
KairoBuds Edge;Mint Wave;Catalyst Holdings Inc.
Indigo Node Module Skylark;Indigo Node Module;Skylark Electronics Inc.
SlateSpeaker SE Plus;Jade Dock;Seabird Manufacturing Inc.
CoreRouter SE Plus;Orion Arc;Copperline Group Inc.
TealDock Mini Plus Pro;Zen Sense;Glacier Manufacturing Inc.
CopperCase Lite Gen;Mira Flex;Saffron Components Inc.
Violet Stack Aurora;Violet Stack;Aurora Industries Inc.
MiraCharge SE Mini;Crimson Grid Core;DeepField Holdings Inc.
DriveBuds Pro;Astra Shield Vault;Glacier Manufacturing Inc.
Violet Frame Aurora;Violet Frame;Aurora Industries Inc.
GraphiteNode Edge Mini;Lyra Edge;Lighthouse Networks Inc.
GoldenRouter Edge Mini;Echo Kernel Dock;Photon Networks Inc.
SonicPad Gen Pro;Silver Stack;Quantum Works Inc.
JadePad Lite Ultra;Delta Drive;Evergreen Holdings Inc.
KairoDock Mini Plus Pro;Pulse Matrix;NovaWorks Devices Inc.
QuantaStand Lite;Cinder Shield;Windmill Works Inc.
IndigoBeam Lite Air;Delta Grid Sync;GoldenGate Works Inc.
ZenithKey Ultra Edge;Terra Sync;Glacier Manufacturing Inc.
PearlHub SE Ultra Edge;Silver Bridge;Crown Systems Inc.
CrownRouter Edge SE;Nova Spark;Harbor Systems Inc.
Nova Node Stack Copperline;Nova Node Stack;Copperline Holdings Inc.
CrownNode Ultra;Silver Module;Glacier Manufacturing Inc.
NebulaLink Ultra Edge;Lime Arc;BlueRiver Manufacturing Inc.
CatalystDrive Plus Air;Golden Frame;Seabird Manufacturing Inc.
HelioBook SE Max Ultra;Cobalt Node;Lighthouse Works Inc.
AzureHub Gen Air;Umbral Bridge Engine;BlueRiver Networks Inc.
SilverCharge Lite Edge;Helio Pulse Bridge;BlueRiver Works Inc.
GoldenBeam Mini Edge Gen;Lyra Stack Matrix;Lumen Technologies Inc.
PearlWatch SE Max Ultra;Indigo Engine / Sierra Layer / Nimbus Signal;Springboard Industries Inc.
Helio Layer Copperline;Helio Layer;Copperline Holdings Inc.
AzureCase Edge;Nimbus Stack Layer / Nimbus Stack;Windmill Electronics Inc.
Maple Grid Vault Glacier;Maple Grid Vault;Glacier Manufacturing Inc.
DriveCase Gen Pro;Lyra Core Shield;BlueRiver Networks Inc.
Ivory Shield Copperline;Ivory Shield;Copperline Holdings Inc.
PhotonSpeaker SE Lite;Violet Link Stack;Mosaic Systems Inc.
TopazStand Plus;Sonic Sense;DeepField Systems Inc.
MintBuds Edge Mini;Silver Matrix Spark;Atlas Works Inc.
PhotonSpeaker Pro Plus;Nimbus Vector;Mosaic Holdings Inc.
GraphiteBuds Mini Edge;Cobalt Node;Lighthouse Works Inc.
OnyxBook SE Plus Pro;Helio Spark;Catalyst Holdings Inc.
UmberHub Ultra Max;Kairo Vector;Lighthouse Technologies Inc.
AzureHub Lite Mini SE Air;Vega Flex;Nightfall Labs Inc.
JadeBeam Lite;Magenta Matrix;Cinder Works Inc.
HarborPad Gen Mini;Ruby Signal;Evergreen Group Inc.
WavePhone Air;Citrine Matrix / Mint Node Sync;Seabird Manufacturing Inc.
LumenKey Gen Gen;Citrine Matrix / Opal Matrix;Seabird Manufacturing Inc.
CodaNode Ultra;Onyx Core Layer;BrightWave Manufacturing Inc.
SenseBuds Plus;Orion Signal;Glacier Labs Inc.
DriveKey Air;Cobalt Fabric;RedStone Electronics Inc.
Helio Layer Aurora;Helio Layer;Aurora Industries Inc.
GraphiteCase Lite Mini SE;Zen Wave Node;Glacier Manufacturing Inc.
KairoPad Pro Plus;Teal Wave;Skylark Manufacturing Inc.
HarborCharge Mini Pro Max;Cobalt Node;Skyforge Electronics Inc.
SenseBook Mini Pro;Umbral Module;Arbor Industries Inc.
Umber Kernel Hub Aurora;Umber Kernel Hub;Aurora Industries Inc.
SlateDock SE Air Plus;Sol Core Hub;Seabird Manufacturing Inc.
VegaWatch Gen Lite;Sable Sync;Aurora Systems Inc.
Coda Beam Aurora;Coda Beam;Aurora Industries Inc.
UmberKey Lite Gen;Sable Kernel;Seabird Manufacturing Inc.
SonicNode Mini Ultra;Pearl Signal Flow / Onyx Shield Dock;RedStone Electronics Inc.
MiraNode Edge Gen;Beryl Signal;Photon Electronics Inc.
AstraSpeaker SE Gen;Beryl Signal;Cinder Labs Inc.
CatalystDrive Mini Gen;Sable Matrix;Glacier Electronics Inc.
CrimsonPhone Mini Air;Citrine Beam;Ironwood Group Inc.
TopazCharge Air;Echo Vector;Seabird Works Inc.
Atlas Fabric Kernel Aurora;Atlas Fabric Kernel;Aurora Industries Inc.
SyncNode Mini SE;Kairo Pulse;Aurora Systems Inc.
Maple Grid SilverLine;Maple Grid;SilverLine Holdings Inc.
OpalWatch Pro Air;Slate Layer;Ironwood Group Inc.
OnyxSpeaker SE SE Air;Teal Bridge;Seabird Manufacturing Inc.
PhotonLink Mini SE;Zen Grid Matrix;BrightWave Technologies Inc.
TealNode Mini SE Air;Golden Flex;Seabird Manufacturing Inc.
SparkNode Gen;Lime Vault;Mountain Devices Inc.
CoreBeam Edge Ultra;Teal Kernel Bridge / Luna Flow;Aurora Industries Inc.
UmberDrive Mini Lite Mini;Zen Link / Helio Engine;Zenith Components Inc.
SignalCase Plus Ultra;Orion Flex;Riverstone Works Inc.
GlacierStand Max Ultra Edge;Vega Bridge Sync;Cinder Works Inc.
HarborPhone Gen;Cinder Sense;GoldenGate Works Inc.
WavePhone Lite Air;Kairo Pulse Flex;Atlas Electronics Inc.
SonicStand Edge;Cobalt Node;Skyforge Electronics Inc.
WaveWatch Edge Gen;Cinder Beam;BlueRiver Manufacturing Inc.
RubyNode Ultra Air;Frost Pulse Arc;Windmill Electronics Inc.
CrownLink Edge Gen;Frost Matrix Bridge;SilverLine Devices Inc.
HelioDrive Pro Pro;Zen Bridge Hub;Lighthouse Manufacturing Inc.
VectorNode Edge;Astra Vector;Nightfall Networks Inc.
WaveCase SE;Golden Layer;Glacier Electronics Inc.
MintNode Ultra Gen;Sierra Node / Golden Stack;Skyforge Networks Inc.
RubyNode Max Ultra Edge;Atlas Frame;BlueRiver Technologies Inc.
CopperCharge Max Plus;Pulse Layer / Crimson Kernel Edge;Glacier Manufacturing Inc.
AuroraLink Lite Mini;Sable Grid Sense;Mosaic Systems Inc.
QuantaKey Mini;Magenta Shield Mesh;Nightfall Electronics Inc.
Beryl Module Aurora;Beryl Module;Aurora Industries Inc.
CrimsonBeam Air;Aero Flow;Harbor Systems Inc.
GlacierDock Mini Mini SE;Topaz Matrix Engine;Cinder Works Inc.
VegaDrive Mini Edge;Topaz Layer;Skylark Manufacturing Inc.
OnyxBeam Edge;Terra Kernel;Glacier Electronics Inc.
RubyCam Lite SE;Sol Shield / Coral Pulse / Coral Shield / Nova Node Stack;Cinder Works Inc.
UmberNode Mini Ultra Edge;Cobalt Node;BlueRiver Technologies Inc.
GlacierCase Mini SE;Auric Sense;Skylark Electronics Inc.
CrimsonBuds Gen;Orion Node;Ironwood Systems Inc.
Astra Link RedStone;Astra Link;RedStone Manufacturing Inc.
TerraWatch Edge;Opal Drive;Glacier Manufacturing Inc.
CitrineStand Max;Topaz Grid Node;Glacier Electronics Inc.
NebulaBeam Ultra;Quartz Engine Drive;Glacier Electronics Inc.
HarborBeam Lite Mini SE;Vega Matrix;Starlight Holdings Inc.
QuartzCharge Plus Gen;Azure Core Arc;Aurora Industries Inc.
HarborRouter SE SE Air;Umber Drive Spark;Cinder Networks Inc.
CodaBuds Mini Max;Onyx Grid Flow;Meadow Works Inc.
SilverDrive Max;Lime Arc;Northwind Labs Inc.
OpalStand SE Gen;Violet Module / Opal Flow;Crown Group Inc.
WaveBeam Air;Umbral Shield Node;BrightWave Works Inc.
NimbusWatch SE Pro Max;Jade Drive;Clearwater Electronics Inc.
CrimsonCam Edge;Cinder Dock;Saffron Systems Inc.
CatalystLink Pro Max Ultra Edge;Cinder Dock;Seabird Manufacturing Inc.
RubyCam Gen Plus;Cinder Dock;Seabird Manufacturing Inc.
KairoCam Gen;Onyx Bridge;Atlas Labs Inc.
SilverSpeaker Mini Gen;Beryl Kernel;Ironwood Systems Inc.
CobaltPhone Air;Citrine Stack;Lumen Labs Inc.
UmberCase Edge Edge;Saffron Kernel Dock;BlueRiver Technologies Inc.
GoldenSpeaker Pro SE;Echo Pulse Wave;BlueRiver Technologies Inc.
Ruby Grid Nebula;Ruby Grid;Nebula Systems Inc.
SenseCase Mini Mini SE;Beryl Flex;Skylark Manufacturing Inc.
NovaSpeaker Mini Gen;Zen Flex;DeepField Systems Inc.
JadeRouter Edge Gen;Azure Wave / Coral Pulse;RedStone Works Inc.
GraphiteCharge Air;Slate Arc / Copper Pulse / Helio Engine;Skyforge Networks Inc.
TopazWatch Edge;Mint Pulse Vector;Northwind Labs Inc.
SummitStand Edge;Lyra Sense;Photon Technologies Inc.
SaffronBeam Mini Mini SE;Crimson Drive Sync;Seabird Works Inc.
CitrineWatch Gen Edge;Azure Spark;BlueRiver Manufacturing Inc.
CatalystStand Ultra Edge Gen;Delta Signal;Mosaic Holdings Inc.
HelioCam Edge Mini;Pulse Bridge;BlueRiver Electronics Inc.
HarborHub SE Mini;Umbral Core;Orion Electronics Inc.
VectorKey Ultra Edge Gen;Lime Grid Edge;Photon Electronics Inc.
PulseDrive Mini Max;Sol Drive Kernel;Lighthouse Manufacturing Inc.
OpalStand Mini;Pearl Signal Flow / Onyx Shield Dock;RedStone Electronics Inc.
Saffron Pulse Wave BlueRiver;Saffron Pulse Wave;BlueRiver Labs Inc.
UmberBeam Mini Mini SE;Sable Signal;Pinecone Group Inc.
VectorPhone SE SE Air;Cobalt Node;Clearwater Technologies Inc.
QuantaPad Edge;Beryl Core;Orion Labs Inc.
SparkDrive Ultra;Beryl Core / Mint Mesh;Orion Labs Inc.
SilverKey Pro Air;Cobalt Node;Aurora Industries Inc.
BridgeBeam Plus Pro;Helio Shield;Windmill Networks Inc.
GlacierBook Pro Max;Umbral Core;Orion Electronics Inc.
SlateBuds Mini Air;Cobalt Node;Aurora Industries Inc.
PulsePad SE Plus Pro;Vega Matrix Vector;Skylark Manufacturing Inc.
NebulaHub SE Lite;Ivory Stack / Citrine Bridge;RedStone Technologies Inc.
OrionNode Lite;Azure Bridge Matrix;Aurora Industries Inc.
JadeDock Pro Gen;Sonic Fabric;Mosaic Holdings Inc.
SummitPad SE Air Plus;Umbral Beam / Cinder Dock;Seabird Manufacturing Inc.
SaffronStand Mini Pro Max;Umbral Engine;RedStone Electronics Inc.
VegaPhone Mini SE Air;Umbral Beam / Cinder Dock;Seabird Manufacturing Inc.
IndigoCam SE;Aero Module Arc;BrightWave Manufacturing Inc.
QuartzPhone Mini Lite Mini;Umbral Beam / Cinder Dock;Seabird Manufacturing Inc.
BeamRouter Max;Umbral Sync;NovaWorks Systems Inc.
Saffron Pulse Wave Summit;Saffron Pulse Wave;Summit Manufacturing Inc.
SlatePhone Mini;Echo Engine;BlueRiver Technologies Inc.
GoldenCharge Lite Gen;Azure Fabric Shield / Frost Fabric Wave;Aurora Systems Inc.
OrionCase Air;Onyx Matrix;Clearwater Technologies Inc.
SummitCase Edge Gen;Sierra Sense;Aurora Industries Inc.
SensePad Pro;Lyra Arc;Lighthouse Networks Inc.
DriveNode Gen Mini;Sonic Node Drive;Aurora Industries Inc.
CodaDrive Ultra Edge;Pearl Signal Flow;RedStone Electronics Inc.
AuroraStand SE Edge;Ruby Spark;Skyforge Manufacturing Inc.
CrownSpeaker SE Gen Lite;Graphite Beam;GoldenGate Works Inc.
Ruby Module Aurora;Ruby Module;Aurora Industries Inc.
MiraSpeaker SE Max Ultra;Golden Edge;EchoLabs Group Inc.
KairoKey Pro Lite;Cobalt Node;NovaWorks Devices Inc.
Cinder Sense Aurora;Cinder Sense;Aurora Industries Inc.
DriveStand Ultra;Terra Dock;Starlight Group Inc.
LumenWatch Mini;Graphite Beam;GoldenGate Works Inc.
OnyxSpeaker Max Ultra Edge;Lime Wave Spark;Saffron Industries Inc.
VegaNode Gen Mini;Graphite Signal;ElectroPulse Devices LLC
VegaNode Plus Lite;Sonic Vault;RedStone Manufacturing Inc.
VectorCase Plus Pro;Silver Kernel Beam;Saffron Industries Inc.
Nimbus Flex Cinder;Nimbus Flex;Cinder Labs Inc.
JadeNode Pro;Coral Hub;Glacier Labs Inc.
HarborBuds Plus;Frost Matrix Bridge;Highland Industries Inc.
SlateBeam Gen;Copper Signal Stack;Lumen Networks Inc.
LumenCam Air Max;Sable Vault;SilverLine Components Inc.
Saffron Pulse Wave Windmill;Saffron Pulse Wave;Windmill Manufacturing Inc.
SummitBook Mini Mini;Golden Shield Frame;Skyforge Labs Inc.
NimbusDrive Pro Air;Echo Engine;Highland Industries Inc.
OpalCharge Pro Max;Umbral Node Hub;BrightWave Technologies Inc.
GoldenKey Pro Plus;Ruby Module;Clearwater Technologies Inc.
Silver Grid Stack Aurora;Silver Grid Stack;Aurora Industries Inc.
PhotonHub Plus Lite;Jade Engine Arc;NovaWorks Components Inc.
OnyxCharge Lite Air;Helio Spark;Catalyst Holdings Inc.
SaffronBuds Mini Lite Mini;Ember Sense;Ironwood Group Inc.
Golden Stack Core Saffron;Golden Stack Core;Saffron Industries Inc.
LumenBuds Ultra Edge;Kairo Pulse;Aurora Systems Inc.
NimbusPad Gen Max;Saffron Kernel Dock;Glacier Manufacturing Inc.
KairoPhone Air;Orion Mesh;BlueRiver Electronics Inc.
CrimsonPad Mini SE Air;Zen Node Link;Clearwater Technologies Inc.
NimbusRouter Gen;Pulse Sync / Slate Beam / Cinder Fabric Node;Lighthouse Manufacturing Inc.
CoreDock Gen;Pulse Sync / Slate Beam / Magenta Core;Lighthouse Manufacturing Inc.
VectorRouter Gen;Astra Sync / Coda Frame;Ironwood Group Inc.
Coral Sense Copperline;Coral Sense;Copperline Holdings Inc.
SenseBeam Mini Mini SE;Slate Shield Stack;Windmill Networks Inc.
Saffron Pulse Wave Nebula;Saffron Pulse Wave;Nebula Systems Inc.
Mint Shield Copperline;Mint Shield;Copperline Group Inc.
CrownDrive Air;Mint Shield;BlueRiver Technologies Inc.
PhotonHub;Mint Shield;Riverstone Works Inc.
RubySpeaker Mini Mini;Ruby Layer;Windmill Networks Inc.
SonicBuds Plus;Ruby Layer;Windmill Networks Inc.
Sierra Spark Aurora;Sierra Spark;Aurora Industries Inc.
ZenithLink Max Ultra;Cedar Signal;Mosaic Systems Inc.
CatalystCam Gen;Frost Matrix;BlueRiver Manufacturing Inc.
Quartz Kernel Mosaic;Quartz Kernel;Mosaic Group Inc.
AstraPhone SE Lite Mini;Cobalt Node;Highland Industries Inc.
Violet Wave Vector Windmill;Violet Wave Vector;Windmill Manufacturing Inc.
PearlStand Edge;Cinder Stack / Coral Pulse;Harbor Systems Inc.
SilverLink Mini SE Air;Atlas Sync;Zenith Components Inc.
BridgePhone Mini Pro;Saffron Kernel Dock;Copperline Group Inc.
CatalystRouter Lite;Auric Shield Flex;Mosaic Industries Inc.
Crimson Kernel Edge Copperline;Crimson Kernel Edge;Copperline Holdings Inc.
CopperDock Pro;Sierra Core;Glacier Manufacturing Inc.
Umbral Sense Copperline;Umbral Sense;Copperline Group Inc.
SparkBuds SE Air Plus;Umbral Sense;BlueRiver Technologies Inc.
CodaBeam Mini Ultra Edge;Slate Wave;Evergreen Holdings Inc.
CobaltWatch Pro Gen;Cobalt Shield Mesh;Skyforge Labs Inc.
QuantaBook Plus Pro;Coda Sense;Seabird Labs Inc.
HelioNode Mini Lite;Umber Flow;DeepField Systems Inc.
WaveCharge Pro;Saffron Arc;RedStone Works Inc.
SolPad Pro Pro;Sable Arc;RedStone Electronics Inc.
OrionWatch Ultra Edge;Argo Link Vector;Stonebridge Devices Inc.
CrimsonCam Lite Plus;Ivory Stack / Saffron Shield / Ruby Bridge;Catalyst Components Inc.
SonicCam Max SE;Quanta Node / Sable Bridge Core;Cinder Works Inc.
PearlDrive Pro Plus;Lyra Layer;Starlight Industries Inc.
SonicLink Plus Gen;Helio Signal;Copperline Components Inc.
TopazRouter Air Plus Pro;Mira Grid Wave;Meadow Electronics Inc.
TealStand SE Max;Graphite Bridge Hub;Catalyst Holdings Inc.
VegaCam SE Edge Gen;Atlas Drive Fabric;Highland Industries Inc.
ZenithCharge Max;Helio Signal Arc;BlueRiver Networks Inc.
NebulaWatch Lite Plus;Copper Matrix Vault;Mosaic Devices Inc.
SolRouter SE Air;Copper Beam;Ironwood Components Inc.
Orion Kernel Nebula;Orion Kernel;Nebula Systems Inc.
RubyHub Max;Beryl Spark;Glacier Labs Inc.
UmberRouter Pro;Violet Bridge;Mountain Components Inc.
AtlasBook Mini Max;Ember Shield;Atlas Electronics Inc.
Sierra Spark BrightWave;Sierra Spark;BrightWave Manufacturing Inc.
MintRouter Lite;Ember Shield / Topaz Spark;Atlas Electronics Inc.
Sierra Spark Glacier;Sierra Spark;Glacier Manufacturing Inc.
Sierra Spark EchoLabs;Sierra Spark;EchoLabs Industries Inc.
SummitBeam Mini Ultra Edge;Ruby Fabric;RedStone Electronics Inc.
OpalPhone SE Ultra Edge;Helio Core Stack;Mosaic Components Inc.
NovaNode SE;Cerulean Mesh;RedStone Electronics Inc.
BridgeKey Edge Gen Lite;Coda Sync;BlueRiver Manufacturing Inc.
BeamRouter SE SE Air;Ivory Drive Layer / Slate Beam / Magenta Core;Nebula Systems Inc.
UmberCharge Max Lite;Echo Engine;NovaWorks Components Inc.
Azure Vault Photon;Azure Vault;Photon Works Inc.
SlateCharge Plus;Terra Shield Sync;Mosaic Components Inc.
SolLink Gen;Argo Engine Edge / Slate Beam / Magenta Core;Nebula Systems Inc.
Azure Vault Pinecone;Azure Vault;Pinecone Industries Inc.
GoldenLink SE Air;Copper Signal Stack;Aurora Industries Inc.
Terra Stack BlueRiver;Terra Stack;BlueRiver Technologies Inc.
SenseDock Max;Sierra Pulse;Ironwood Group Inc.
DriveWatch SE Air Plus;Terra Sync;BlueRiver Technologies Inc.
SaffronSpeaker Plus Pro Max;Lime Wave Spark / Beryl Hub;Saffron Industries Inc.
VectorCharge Air;Quanta Layer;Aurora Systems Inc.
DriveLink Plus Edge;Lyra Bridge Spark / Azure Signal Edge;Seabird Manufacturing Inc.
OnyxCam Edge;Lyra Bridge Spark / Azure Signal Edge;Seabird Manufacturing Inc.
DriveCharge SE Max;Ember Flow;Glacier Manufacturing Inc.
SyncLink Lite;Kairo Pulse;Nightfall Electronics Inc.
SilverPad Pro Edge;Auric Fabric / Sol Sense;Cinder Labs Inc.
TopazCase Plus Gen;Auric Fabric;Cinder Labs Inc.
PulseWatch Air Gen;Cerulean Arc;Meadow Electronics Inc.
MintBook SE Max Ultra;Pulse Engine Kernel;Ironwood Industries Inc.
NebulaPhone Air;Copper Arc;Meadow Electronics Inc.
VegaBuds Max;Umber Pulse;Quantum Labs Inc.
OrionStand Edge SE;Aero Frame;Atlas Labs Inc.
CatalystCharge Max Gen;Azure Core Arc;Glacier Manufacturing Inc.
HarborWatch SE Mini SE;Atlas Shield Bridge;Ironwood Group Inc.
OpalPad SE;Delta Stack;Glacier Labs Inc.
CatalystWatch Edge;Delta Bridge Kernel;Ironwood Group Inc.
ArgoKey Max Pro;Quartz Mesh / Topaz Flow;Mountain Systems Inc.
PhotonPad Lite Mini SE;Nova Node;Harbor Systems Inc.
Cinder Stack Copperline;Cinder Stack;Copperline Holdings Inc.
SignalSpeaker Ultra;Ruby Stack;Sunpeak Holdings Inc.
VegaCharge Pro;Kairo Kernel;Aurora Group Inc.
CobaltCase Max Mini;Silver Arc;Harbor Industries Inc.
TealDrive Max;Argo Matrix Kernel;Mosaic Holdings Inc.
VectorStand Edge Gen Lite;Beryl Arc / Helio Engine;Glacier Manufacturing Inc.
QuantaPad Pro Lite;Beryl Stack Kernel;Starlight Group Inc.
JadeKey Lite SE;Sierra Hub / Golden Hub;Quantum Electronics Inc.
CatalystPhone SE Mini SE;Coda Pulse Hub;RedStone Electronics Inc.
OpalDrive SE SE;Pearl Vault;EchoLabs Devices Inc.
Terra Stack Cinder;Terra Stack;Cinder Labs Inc.
PhotonPad SE Max Ultra;Azure Vault;BlueRiver Labs Inc.
Silver Kernel Beam BrightWave;Silver Kernel Beam;BrightWave Manufacturing Inc.
PearlStand Lite Mini;Cerulean Kernel;Evergreen Holdings Inc.
SparkWatch SE Gen Lite;Cerulean Bridge / Onyx Wave Core;Crown Devices Inc.
SummitWatch Pro Plus;Astra Frame;Stonebridge Components Inc.
Aero Spark GoldenGate;Aero Spark;GoldenGate Works Inc.
AtlasPad Ultra;Citrine Node;Pinecone Devices Inc.
GlacierNode Edge SE;Cerulean Shield;Ironwood Group Inc.
GlacierStand Mini Plus Pro;Cerulean Kernel / Echo Vault;Evergreen Holdings Inc.
VectorNode Mini;Azure Core Arc;Quantum Electronics Inc.
SignalBuds Mini SE;Sable Sense;Windmill Electronics Inc.
GraphiteBeam Edge;Echo Engine;NovaWorks Devices Inc.
GraphiteSpeaker SE Gen Lite;Teal Layer;Highland Holdings Inc.
NimbusPad Edge;Opal Hub;Ironwood Holdings Inc.
TopazHub Edge Edge;Terra Sync;Seabird Technologies Inc.
MiraHub Air Plus;Terra Engine Layer;Glacier Manufacturing Inc.
VegaWatch SE SE Air;Maple Flex;RedStone Electronics Inc.
DriveHub Pro;Auric Pulse;Clearwater Works Inc.
LumenLink Plus Pro;Aero Link Link;Starlight Devices Inc.
Cinder Stack Saffron;Cinder Stack;Saffron Industries Inc.
CitrineKey Edge;Pearl Shield Sync / Echo Vault;Seabird Manufacturing Inc.
KairoRouter SE Edge Gen;Pearl Shield Sync / Echo Vault;Seabird Manufacturing Inc.
SparkSpeaker Ultra Ultra;Quanta Spark;Crown Devices Inc.
NovaCase Pro Gen;Quartz Mesh;Skyforge Manufacturing Inc.
BridgeCam Plus Pro;Cedar Hub;Evergreen Group Inc.
Jade Flex Quantum;Jade Flex;Quantum Electronics Inc.
HelioCase Pro Max Ultra;Pearl Link;Mountain Systems Inc.
PulseRouter Edge Mini;Quartz Bridge Vector;Mosaic Holdings Inc.
CodaNode;Topaz Layer;Aurora Group Inc.
SonicLink Max Pro;Azure Link Module;NovaWorks Components Inc.
CrimsonRouter Gen Lite;Topaz Sync / Beryl Hub;Saffron Industries Inc.
AzureRouter Mini SE;Topaz Sync;Saffron Industries Inc.
NebulaNode Ultra;Topaz Wave / Echo Vault;Mosaic Systems Inc.
CobaltLink Mini Plus;Astra Spark;BrightWave Works Inc.
SenseLink Mini Plus;Cobalt Bridge Bridge / Astra Vault;Mosaic Systems Inc.
Umber Drive Spark Aurora;Umber Drive Spark;Aurora Industries Inc.
EdgePhone SE Lite Mini;Topaz Wave / Echo Vault;Mosaic Systems Inc.
AstraHub Edge;Topaz Kernel;Highland Industries Inc.
SolRouter Edge Edge;Ivory Wave Shield;Summit Electronics Inc.
MiraDrive Plus Gen;Copper Frame;Skyforge Labs Inc.
JadePad Mini Air Plus;Topaz Bridge Arc;Arbor Components Inc.
Pulse Stack BrightWave;Pulse Stack;BrightWave Works Inc.
CrimsonWatch Max;Sol Fabric;Glacier Manufacturing Inc.
UmberLink Max Pro;Quartz Engine Drive;Aurora Industries Inc.
SyncBeam Air;Ember Shield Signal;Northwind Electronics Inc.
AuroraKey Mini Gen Lite;Graphite Engine / Echo Vault;Riverstone Works Inc.
CobaltDrive Pro SE;Frost Core;Harbor Systems Inc.
AtlasRouter Air;Umbral Matrix;Seabird Manufacturing Inc.
Nova Kernel Evergreen;Nova Kernel;Evergreen Devices Inc.
AuroraSpeaker Gen SE;Quartz Stack Pulse / Citrine Stack Wave;Meadow Works Inc.
KairoBook Pro;Zen Shield;Mosaic Components Inc.
Maple Matrix Glacier;Maple Matrix;Glacier Manufacturing Inc.
ZenithPad Air Max;Sierra Spark;Nightfall Electronics Inc.
Teal Sense Aurora;Teal Sense;Aurora Industries Inc.
SolNode Max;Cedar Hub;Aurora Group Inc.
VegaCase Mini SE;Mira Layer;Mountain Systems Inc.
Kairo Kernel Engine GoldenGate;Kairo Kernel Engine;GoldenGate Works Inc.
AuroraPad Gen Gen;Auric Beam;Arbor Devices Inc.
Maple Grid Orion;Maple Grid;Orion Technologies Inc.
GraphitePhone Gen;Kairo Edge;Mosaic Systems Inc.
LumenBuds SE Ultra Edge;Crimson Signal;RedStone Works Inc.
SenseBuds Plus Pro;Saffron Signal;RedStone Works Inc.
Kairo Pulse Saffron;Kairo Pulse;Saffron Industries Inc.
TopazSpeaker SE Pro Max;Kairo Pulse;Saffron Industries Inc.
JadeRouter Air Plus Pro;Sol Grid Drive;GoldenGate Works Inc.
Kairo Pulse Windmill;Kairo Pulse;Windmill Works Inc.
Kairo Pulse DeepField;Kairo Pulse;DeepField Components Inc.
LumenSpeaker Mini Mini;Topaz Grid Node;Clearwater Technologies Inc.
GraphiteCase;Lime Wave Spark / Beryl Hub;BrightWave Manufacturing Inc.
MintPad SE Mini SE;Topaz Link Flex;Pinecone Devices Inc.
Teal Layer EchoLabs;Teal Layer;EchoLabs Industries Inc.
Golden Stack Core Cinder;Golden Stack Core;Cinder Labs Inc.
ArgoDrive SE Ultra;Frost Matrix Bridge;Seabird Manufacturing Inc.
PearlSpeaker Pro Edge;Argo Vector;RedStone Electronics Inc.
IndigoDrive Plus SE;Azure Kernel Link;Quantum Electronics Inc.
QuartzWatch Lite;Helio Dock;Nightfall Electronics Inc.
AzureKey Lite Lite;Magenta Pulse Engine;EchoLabs Industries Inc.
FlexBook Mini Gen;Topaz Spark / Astra Vault;Atlas Electronics Inc.
SaffronCharge Pro Mini;Cinder Core Flex;Summit Networks Inc.
Sol Kernel Aurora;Sol Kernel;Aurora Industries Inc.
LumenStand Edge;Topaz Kernel Frame;Quantum Electronics Inc.
VegaDock Mini Mini SE;Ember Engine Beam;Clearwater Technologies Inc.
SolStand Max;Nova Dock;Glacier Manufacturing Inc.
LumenCam Air;Umbral Stack;Mountain Systems Inc.
ArgoBook Mini Plus Pro;Zen Link Mesh;Stonebridge Group Inc.
FlexDrive SE Mini;Saffron Vector;Ironwood Group Inc.
NimbusStand Edge Plus;Frost Grid Mesh;Ironwood Group Inc.
VegaPad Air Plus;Teal Link;Mountain Systems Inc.
SaffronPad Edge;Cerulean Mesh / Maple Signal Spark / Onyx Shield Dock;RedStone Electronics Inc.
Sable Pulse Flow Aurora;Sable Pulse Flow;Aurora Industries Inc.
Beryl Stack Kernel Aurora;Beryl Stack Kernel;Aurora Industries Inc.
Cedar Beam Aurora;Cedar Beam;Aurora Industries Inc.
Ember Core Aurora;Ember Core;Aurora Industries Inc.
MintKey Lite Mini SE Air;Cerulean Mesh / Maple Signal Spark / Onyx Shield Dock;RedStone Electronics Inc.
Atlas Flex Nightfall;Atlas Flex;Nightfall Networks Inc.
CatalystBeam Max;Frost Node;Seabird Networks Inc.
GlacierNode Ultra;Quartz Kernel;Saffron Industries Inc.
Quartz Kernel Aurora;Quartz Kernel;Aurora Industries Inc.
QuartzLink Plus Plus;Teal Shield;Ironwood Group Inc.
Quartz Kernel StonebridgAT;Quartz Kernel;Stonebridge Systems Inc.
PulsePhone SE Gen Lite;Quartz Kernel;Clearwater Works Inc.
Nova Drive Aurora;Nova Drive;Aurora Industries Inc.
Sierra Spark Windmill;Sierra Spark;Windmill Manufacturing Inc.
EchoRouter Mini;Violet Signal;Sunpeak Holdings Inc.
WaveNode Ultra Mini;Cobalt Bridge Bridge / Topaz Wave;Orion Manufacturing Inc.
PhotonCam Gen;Atlas Pulse Sync;Summit Manufacturing Inc.
AtlasPad Edge Edge;Lime Wave;Arbor Industries Inc.
OnyxPhone SE Air Plus;Violet Flex;Mountain Group Inc.
SparkPhone Lite SE;Quartz Stack;Springboard Group Inc.
SummitDrive Air;Kairo Matrix;Quantum Electronics Inc.
CrownNode Max Ultra Edge;Lime Wave Spark / Zen Module;Atlas Electronics Inc.
LyraSpeaker Mini;Slate Matrix;Riverstone Works Inc.
Magenta Stack Windmill;Magenta Stack;Windmill Manufacturing Inc.
CodaBook Edge;Azure Signal;Sunpeak Holdings Inc.
ZenithNode Edge Plus;Teal Kernel Bridge / Luna Flow;Crown Devices Inc.
CrownNode SE;Pulse Matrix;Ironwood Group Inc.
SensePad Plus Plus;Sonic Node Drive;Arbor Devices Inc.
SilverBeam Mini Ultra Edge;Umbral Shield;Mosaic Systems Inc.
CopperBeam Air;Citrine Node Mesh;Mosaic Systems Inc.
NebulaCharge Mini Air Plus;Umber Link;Highland Components Inc.
DriveCharge Mini Edge;Lime Wave Spark;Skylark Manufacturing Inc.
OnyxKey Plus Mini;Nova Pulse Pulse;Glacier Manufacturing Inc.
RubyCharge Ultra Pro;Lime Wave Spark;Skylark Manufacturing Inc.
RubyDrive Mini Ultra;Argo Bridge Core;Pinecone Systems Inc.
AtlasWatch SE Pro Max;Echo Node;BlueRiver Manufacturing Inc.
GraphitePad SE Pro;Astra Spark;BrightWave Works Inc.
OpalStand Edge;Onyx Layer / Azure Drive;Lighthouse Works Inc.
Pulse Stack Core Copperline;Pulse Stack Core;Copperline Holdings Inc.
NebulaPad Edge;Sierra Beam;NovaWorks Components Inc.
SonicWatch Max;Ember Kernel;Windmill Networks Inc.
PhotonCase Lite SE;Onyx Core Layer;Ironwood Group Inc.
AtlasCase Air Plus;Nimbus Bridge Edge;BrightWave Works Inc.
SyncBuds Mini Air Plus;Zen Engine;Nightfall Labs Inc.
NovaCase Air SE;Sol Vault;Ironwood Group Inc.
Kairo Pulse Copperline;Kairo Pulse;Copperline Holdings Inc.
MiraDrive Ultra Air;Silver Kernel Beam;BrightWave Technologies Inc.
EdgeBuds Lite Mini SE;Copper Signal Stack;Evergreen Holdings Inc.
AuroraBeam Mini Pro Max;Cinder Kernel Matrix;Glacier Manufacturing Inc.
EchoNode Lite;Topaz Grid Node;NovaWorks Devices Inc.
SenseStand Edge;Silver Kernel Beam;Seabird Manufacturing Inc.
PulseCharge Pro;Lime Matrix Link;EchoLabs Industries Inc.
AuroraPhone Edge;Sonic Kernel Layer;RedStone Works Inc.
QuartzCam Edge;Orion Shield Module;Riverstone Works Inc.
SonicSpeaker Gen Gen;Cinder Dock;RedStone Manufacturing Inc.
SenseDrive Pro SE;Onyx Link;Atlas Electronics Inc.
PhotonPad Plus SE;Nova Frame;Cinder Technologies Inc.
GlacierHub Edge SE;Cerulean Mesh / Onyx Shield Dock;RedStone Electronics Inc.
SilverSpeaker Edge;Pulse Stack Core;Ironwood Group Inc.
SenseStand Edge Air;Coda Bridge / Pearl Beam;Ironwood Group Inc.
SaffronBook Max Ultra;Umbral Core;Skyforge Electronics Inc.
SaffronWatch Max;Nova Stack Vault / Echo Vault;Clearwater Works Inc.
JadeCase Lite Edge;Terra Wave Stack;Copperline Holdings Inc.
AstraPad Edge Plus;Cedar Spark;BlueRiver Manufacturing Inc.
Delta Matrix Grid EchoLabs;Delta Matrix Grid;EchoLabs Industries Inc.
GoldenSpeaker Mini Lite;Beryl Core Drive;EchoLabs Industries Inc.
QuantaPad Air;Delta Matrix Grid;EchoLabs Industries Inc.
QuartzStand SE Lite;Lyra Vector;Photon Works Inc.
SenseBook Mini;Coda Edge;DeepField Systems Inc.
CatalystLink Pro Max Ultra;Sable Flow;RedStone Works Inc.
SilverNode Gen Edge;Ivory Signal;Crown Group Inc.
HelioPad Gen Edge;Cerulean Matrix;Meadow Works Inc.
FlexStand SE Edge;Saffron Kernel Dock;Ironwood Group Inc.
CrimsonCam Gen Max;Sonic Bridge Vault / Ivory Mesh;EchoLabs Industries Inc.
AzureRouter Plus;Kairo Spark;Aurora Industries Inc.
AzureRouter SE Ultra;Teal Link;Skylark Electronics Inc.
AzureBook SE Plus Pro;Silver Grid Stack;Arbor Devices Inc.
PhotonHub Max;Pearl Signal;Cinder Electronics Inc.
VegaSpeaker SE Lite Mini;Nova Kernel / Astra Frame;Aurora Industries Inc.
NebulaStand Edge;Mira Matrix Core;Atlas Technologies Inc.
SlateWatch Lite;Nova Engine;Atlas Electronics Inc.
CitrineCharge Mini;Umbral Core;Clearwater Technologies Inc.
SilverBeam Lite;Pulse Hub;Lumen Electronics Inc.
TerraStand SE Max;Silver Drive / Cinder Signal;Sunpeak Devices Inc.
UmberCharge Mini Gen;Sierra Bridge Matrix;Aurora Systems Inc.
LyraCam Pro Edge;Helio Layer;Atlas Electronics Inc.
NovaKey Plus Pro;Pulse Pulse Signal;Skylark Manufacturing Inc.
PearlNode Mini Gen Lite;Lyra Pulse Edge;Crown Devices Inc.
SparkStand Edge Edge;Maple Signal Spark;RedStone Electronics Inc.
PhotonDock Edge Edge;Beryl Engine;Windmill Works Inc.
SenseRouter Mini Edge Gen;Sierra Hub / Golden Hub;Sunpeak Group Inc.
Coral Sense Saffron;Coral Sense;Saffron Industries Inc.
OpalBuds Mini Pro Max;Slate Signal Kernel;Aurora Group Inc.
TealCase Edge;Quartz Shield;Quantum Labs Inc.
SonicWatch Mini Max;Quartz Grid Signal;Ironwood Group Inc.
QuartzBuds Gen Mini;Onyx Grid Flow;Meadow Works Inc.
SignalBook Edge;Frost Shield;Catalyst Components Inc.
ArgoWatch Edge;Cerulean Flow;EchoLabs Industries Inc.
SilverPhone Mini;Violet Signal Dock;Skylark Manufacturing Inc.
AzureCharge Pro SE;Graphite Engine Bridge;Nightfall Electronics Inc.
HelioBuds Plus;Nova Kernel;Mountain Components Inc.
WaveRouter Mini Air Plus;Opal Sense;Seabird Works Inc.
PhotonDrive Ultra;Silver Drive / Cinder Signal;Lighthouse Works Inc.
SyncCase Gen Gen;Cerulean Wave Signal;Crown Devices Inc.
SilverWatch Gen Ultra;Mint Fabric;Nebula Holdings Inc.
TopazCam Plus Lite;Copper Vault;Windmill Electronics Inc.
Nova Node Stack GoldenGate;Nova Node Stack;GoldenGate Works Inc.
Aero Spark Mountain;Aero Spark;Mountain Industries Inc.
EdgeCam Max Lite;Kairo Engine Sense / Coda Frame;Mosaic Systems Inc.
SparkCase Gen Mini;Maple Grid;BrightWave Technologies Inc.
NebulaRouter Edge Lite;Cerulean Mesh / Onyx Shield Dock;RedStone Electronics Inc.
LyraDrive Mini Air;Citrine Bridge Frame;Mosaic Systems Inc.
SignalDrive Gen Ultra;Zen Link Mesh;Stonebridge Group Inc.
SonicRouter SE Max Ultra;Orion Signal;Aurora Industries Inc.
JadeLink Lite Mini;Umbral Core;Highland Industries Inc.
PearlBuds Lite;Delta Kernel;Mosaic Group Inc.
SilverCharge Max Pro;Umber Dock;Evergreen Devices Inc.
WaveCase Mini;Slate Edge;Windmill Works Inc.
WaveBook Edge;Pulse Grid Fabric;Pinecone Holdings Inc.
EchoDrive Edge Gen;Frost Bridge / Zen Node;Meadow Works Inc.
SonicLink Lite Edge;Sable Pulse Flow;DeepField Industries Inc.
Zen Link Mesh StonebridgSE;Zen Link Mesh;Stonebridge Group Inc.
CrimsonDock Air;Delta Layer;Glacier Manufacturing Inc.
SignalCharge Mini Mini;Maple Wave Module;Atlas Manufacturing Inc.
SolCam Edge Mini;Saffron Beam / Ivory Matrix Frame;Crown Devices Inc.
Coda Shield Copperline;Coda Shield;Copperline Holdings Inc.
Atlas Fabric Kernel Copperline;Atlas Fabric Kernel;Copperline Holdings Inc.
AtlasBeam Ultra;Cedar Engine Vector;Glacier Manufacturing Inc.
VegaPad Edge Pro;Sol Node;Atlas Electronics Inc.
CrownLink Plus Max;Auric Node;Pinecone Components Inc.
NovaBook Air;Auric Node;Pinecone Components Inc.
MintNode;Auric Node;Pinecone Components Inc.
LyraBeam Lite Gen;Sonic Drive;Summit Labs Inc.
MiraCam Mini;Aero Module Arc;Mosaic Holdings Inc.
IndigoCam Edge Ultra;Auric Vector;Glacier Manufacturing Inc.
SparkLink Mini SE Air;Ivory Sense;Glacier Manufacturing Inc.
CrownPad Gen SE;Coda Sync / Mira Sync;BlueRiver Manufacturing Inc.
OpalKey Mini Lite Mini;Topaz Frame;Atlas Electronics Inc.
VectorCase Air Ultra;Topaz Matrix;Stonebridge Industries Inc.
NovaDrive Plus Lite;Opal Drive;Skyforge Electronics Inc.
EdgePhone Lite Pro;Sol Pulse Spark;Copperline Devices Inc.
TealRouter SE Edge;Auric Kernel Sense;Glacier Manufacturing Inc.
OpalNode Edge Gen;Opal Pulse;Seabird Labs Inc.
BridgeNode Air Plus;Magenta Pulse Engine;Seabird Works Inc.
CitrineLink SE Air Plus;Magenta Wave Frame;Glacier Manufacturing Inc.
AzureCam Edge;Magenta Pulse Engine;Ironwood Systems Inc.
HelioNode;Magenta Pulse Engine;Saffron Holdings Inc.
CodaNode Mini SE Air;Pearl Fabric;Crown Devices Inc.
IndigoLink Air;Mira Matrix / Coral Shield / Helio Node Engine;Cinder Works Inc.
GoldenPhone Gen;Umber Fabric;Mosaic Systems Inc.
WaveNode Gen Edge;Azure Engine Flex;Glacier Manufacturing Inc.
Terra Stack Aurora;Terra Stack;Aurora Industries Inc.
SilverBeam Air;Slate Core / Azure Mesh;Orion Labs Inc.
TopazBeam Air;Beryl Core;Orion Labs Inc.
SilverLink Mini Lite Mini;Azure Spark;BlueRiver Manufacturing Inc.
HelioDock SE Air Plus;Ember Layer / Golden Drive;Skyforge Manufacturing Inc.
MintBook Air;Quanta Drive;RedStone Works Inc.
SolPad SE;Frost Kernel;Lighthouse Networks Inc.
OnyxHub Lite Mini SE Air;Opal Node Drive;Mosaic Components Inc.
GlacierPhone Lite;Pearl Shield Sync;Seabird Manufacturing Inc.
PhotonRouter Edge;Helio Link;Mountain Systems Inc.
FlexWatch Edge Ultra;Kairo Dock;Catalyst Components Inc.
LyraRouter Gen;Pulse Sync / Slate Beam / Cinder Fabric Node;Lighthouse Manufacturing Inc.
VectorPad Pro;Topaz Vector;Ironwood Group Inc.
DriveStand Ultra Edge Gen;Cinder Fabric / Mint Mesh / Cinder Dock;Ironwood Systems Inc.
CoreCase Mini SE Air;Cinder Fabric / Mint Mesh / Cinder Dock;Ironwood Systems Inc.
CrownSpeaker Mini Mini;Topaz Sync;Aurora Systems Inc.
IndigoStand SE SE;Cinder Sync;Mosaic Holdings Inc.
QuantaLink Pro Plus;Azure Vault;Mountain Devices Inc.
Umbral Engine Copperline;Umbral Engine;Copperline Holdings Inc.
Maple Matrix Nebula;Maple Matrix;Nebula Systems Inc.
Ruby Grid Aurora;Ruby Grid;Aurora Industries Inc.
Maple Grid Evergreen;Maple Grid;Evergreen Devices Inc.
TealCase Plus Ultra;Topaz Arc / Atlas Kernel / Helio Drive Hub / Vega Drive Frame;Glacier Manufacturing Inc.
PearlKey Max;Vega Module / Azure Signal Edge / Beryl Hub;Seabird Manufacturing Inc.
GoldenHub Max;Zen Module / Azure Signal Edge / Beryl Hub;Seabird Manufacturing Inc.
AuroraBeam Edge;Vega Module / Azure Signal Edge / Beryl Hub;Seabird Manufacturing Inc.
LumenStand Gen Lite;Sonic Flow;Windmill Manufacturing Inc.
Aero Module Arc Nebula;Aero Module Arc;Nebula Systems Inc.
Aero Module Arc Aurora;Aero Module Arc;Aurora Industries Inc.
Sable Matrix Kernel Mosaic;Sable Matrix Kernel;Mosaic Group Inc.
NebulaPad SE;Topaz Sync;Aurora Systems Inc.
BeamCharge Mini Pro;Violet Matrix;Orion Electronics Inc.
LumenCharge Mini Ultra;Lime Layer;Seabird Manufacturing Inc.
CobaltBeam Mini Mini;Atlas Sync;RedStone Networks Inc.
SyncNode Mini;Kairo Sync;RedStone Networks Inc.
AtlasBeam Mini SE Air;Slate Grid;BlueRiver Networks Inc.
LumenPad SE Max Ultra;Pearl Shield Sync;Seabird Manufacturing Inc.
CopperCam Edge;Sable Matrix Kernel;Saffron Industries Inc.
QuartzBeam Plus Mini;Umbral Sense;Glacier Manufacturing Inc.
NovaBook Mini Mini;Pearl Shield Sync;Seabird Manufacturing Inc.
Sable Matrix Kernel Saffron;Sable Matrix Kernel;Saffron Industries Inc.
OnyxKey Edge Gen Lite;Topaz Grid Node;Glacier Manufacturing Inc.
NebulaDrive Gen;Copper Spark / Coral Fabric Signal;Photon Works Inc.
SyncBeam Lite Edge;Topaz Stack;BlueRiver Technologies Inc.
CobaltHub;Coral Core;Saffron Industries Inc.
RubyHub;Azure Core Arc;Harbor Systems Inc.
TerraKey Plus Mini;Cedar Drive;SilverLine Devices Inc.
Topaz Sync GoldenGate;Topaz Sync;GoldenGate Works Inc.
BeamPad Pro;Cerulean Drive Frame / Slate Beam / Azure Core / Cinder Fabric Node;Lighthouse Manufacturing Inc.
Topaz Sync Evergreen;Topaz Sync / Beryl Hub;Evergreen Group Inc.
LyraPhone Edge;Nova Fabric;Riverstone Works Inc.
Topaz Sync EchoLabs;Topaz Sync;EchoLabs Industries Inc.
SenseCase SE;Umbral Matrix Bridge;Harbor Systems Inc.
Lime Wave Spark BrightWave;Lime Wave Spark;BrightWave Manufacturing Inc.
Azure Wave Seabird;Azure Wave;Seabird Labs Inc.
Coda Node Shield Copperline;Coda Node Shield;Copperline Holdings Inc.
VegaDrive Lite Mini SE Air;Topaz Spark;Atlas Electronics Inc.
Teal Layer Copperline;Teal Layer;Copperline Holdings Inc.
Frost Link Frame Aurora;Frost Link Frame;Aurora Industries Inc.
GraphiteSpeaker SE Gen;Lyra Flow;Windmill Technologies Inc.
SignalPad Mini Mini;Citrine Grid Shield;Seabird Manufacturing Inc.
Terra Wave Stack Windmill;Terra Wave Stack;Windmill Manufacturing Inc.
SyncCharge Pro Plus;Nimbus Core Link;Seabird Manufacturing Inc.
CatalystCharge Mini Edge;Jade Shield Edge;Sunpeak Holdings Inc.
SyncHub Edge Ultra;Terra Link Pulse;Mosaic Components Inc.
CitrineStand SE Mini;Pulse Matrix;Mosaic Industries Inc.
SenseKey Ultra Edge;Violet Stack;Glacier Manufacturing Inc.
Indigo Node Module Harbor;Indigo Node Module;Harbor Systems Inc.
QuantaBook SE Mini SE;Lime Matrix;Saffron Systems Inc.
Onyx Wave DeepField;Onyx Wave;DeepField Systems Inc.
Ruby Shield Pulse Lumen;Ruby Shield Pulse;Lumen Labs Inc.
ArgoHub Ultra Pro;Maple Grid Vault;BrightWave Manufacturing Inc.
AstraWatch SE Mini;Luna Shield Spark;Skylark Manufacturing Inc.
CoreCharge Mini Ultra;Lime Wave Spark / Beryl Hub;Skylark Manufacturing Inc.
MintCharge Ultra Mini;Lime Wave Spark / Beryl Hub;Skylark Manufacturing Inc.
IndigoDock Ultra Lite;Cedar Sense / Nimbus Fabric Vault;Clearwater Electronics Inc.
LumenDock Mini Mini SE;Sierra Stack Mesh;Crown Devices Inc.
BeamBeam Max;Sierra Node / Golden Stack;Aurora Systems Inc.
HelioStand Lite;Pulse Sense;Windmill Works Inc.
SaffronCase Max Mini;Citrine Link Arc;Cinder Works Inc.
OrionKey Max Pro;Golden Arc;EchoLabs Components Inc.
SlateCase Lite Ultra;Auric Core Stack;Mosaic Systems Inc.
SenseDock Gen;Pulse Sync / Slate Beam / Magenta Core;Lighthouse Manufacturing Inc.
SignalRouter Lite;Quartz Mesh;Mountain Systems Inc.
Azure Wave Copperline;Azure Wave;Copperline Holdings Inc.
EchoDock Edge Max;Helio Link Wave;Aurora Systems Inc.
OrionStand Ultra;Citrine Grid Shield / Mint Node Sync;Seabird Manufacturing Inc.
GoldenCharge Pro Edge;Topaz Grid Node;Highland Industries Inc.
OnyxHub;Coral Core;Windmill Manufacturing Inc.
OrionDrive Mini SE;Onyx Spark;Mountain Group Inc.
Golden Stack Core Copperline;Golden Stack Core;Copperline Holdings Inc.
CobaltNode Lite Mini;Maple Grid;BlueRiver Networks Inc.
EchoBook Air;Citrine Matrix;Seabird Manufacturing Inc.
ArgoDock SE Lite Mini;Coda Flow;Skylark Manufacturing Inc.
BridgePad Lite Plus;Onyx Spark / Magenta Kernel / Golden Shield;Pinecone Devices Inc.
AuroraRouter Air Plus;Sonic Engine;Windmill Works Inc.
NovaLink Plus;Nimbus Bridge;BlueRiver Labs Inc.
AzureCam Mini SE Air;Astra Matrix Flex;Cinder Labs Inc.
PulseKey Gen Ultra;Kairo Fabric;Seabird Manufacturing Inc.
QuantaKey Plus Pro Max;Citrine Grid Shield;Seabird Manufacturing Inc.
SparkSpeaker SE Max Ultra;Teal Layer;Highland Holdings Inc.
Helio Link Wave Aurora;Helio Link Wave;Aurora Systems Inc.
CopperStand Mini Mini SE;Ember Hub / Graphite Hub;Windmill Works Inc.
QuartzPhone Mini;Kairo Flow;Windmill Works Inc.
BeamHub Gen;Mint Engine;Mountain Components Inc.
CoreSpeaker Gen Ultra;Silver Engine Matrix;Northwind Labs Inc.
SaffronNode Mini Max Ultra;Cobalt Drive Shield;Northwind Labs Inc.
AuroraStand Mini Lite Mini;Saffron Wave;Glacier Manufacturing Inc.
NovaCam Plus Mini;Silver Edge;Pinecone Systems Inc.
AtlasDock Mini Air Plus;Cinder Grid Edge;Northwind Labs Inc.
VegaPad Gen Air;Ruby Vault;Saffron Systems Inc.
NebulaHub Edge Gen;Sierra Vault;Meadow Technologies Inc.
VegaPhone SE Mini;Coda Link;GoldenGate Works Inc.
JadeDrive Max;Azure Fabric;Northwind Labs Inc.
OpalPhone Mini Gen;Maple Core Engine;Northwind Labs Inc.
GoldenDrive Max;Mint Arc;Northwind Labs Inc.
GlacierRouter Mini;Quartz Signal;Sunpeak Holdings Inc.
FlexCase SE;Coda Node Shield;Aurora Systems Inc.
BeamCam Mini;Cobalt Core Vector;SilverLine Devices Inc.
CoreBeam;Sierra Engine / Pearl Pulse;Pinecone Components Inc.
OpalLink Edge;Sierra Signal Edge;BlueRiver Manufacturing Inc.
Echo Stack Aurora;Echo Stack;Aurora Industries Inc.
GraphiteDrive Gen;Sierra Engine / Pearl Pulse;Pinecone Components Inc.
SyncBuds Pro Max Ultra Edge;Cerulean Flow;Clearwater Technologies Inc.
MintCharge Air;Frost Dock / Azure Mesh;Mosaic Systems Inc.
PhotonBeam Lite Air;Pulse Mesh;Mosaic Holdings Inc.
CitrineBeam Lite Mini SE;Violet Frame;Seabird Manufacturing Inc.
PhotonDrive SE Max;Mira Pulse Dock;Clearwater Technologies Inc.
Mira Drive Glacier;Mira Drive;Glacier Labs Inc.
SignalBeam Lite Ultra;Orion Edge;Skylark Networks Inc.
GoldenBuds Plus;Ruby Kernel;BrightWave Technologies Inc.
CitrineBuds Gen SE;Cedar Dock;Catalyst Devices Inc.
CitrineCharge Pro Edge;Quartz Sync;Nightfall Labs Inc.
EchoBuds Mini;Maple Stack Flex;Windmill Works Inc.
Cobalt Signal Cinder;Cobalt Signal;Cinder Labs Inc.
Golden Stack Core DeepField;Golden Stack Core;DeepField Systems Inc.
OpalPad SE SE Air;Coda Sync / Azure Spark;BlueRiver Manufacturing Inc.
CoreCase Gen;Atlas Edge;Summit Electronics Inc.
AzureCase Edge Gen;Jade Layer;Evergreen Group Inc.
TealCam Mini Air Plus;Mint Signal;BrightWave Technologies Inc.
OpalBook Pro;Indigo Hub / Pulse Core / Azure Core / Helio Engine;Aurora Industries Inc.
QuartzHub Gen Edge;Indigo Core Fabric;Atlas Labs Inc.
OpalSpeaker Mini Edge;Sonic Node Drive;Meadow Manufacturing Inc.
GoldenCam Ultra Ultra;Opal Link;Mountain Devices Inc.
Topaz Wave Copperline;Topaz Wave;Copperline Holdings Inc.
MiraBuds Plus;Kairo Sense;Mosaic Systems Inc.
LyraRouter Ultra Mini;Frost Beam;Atlas Electronics Inc.
AstraPad Gen Lite Mini;Sierra Core Arc;Springboard Group Inc.
CopperPad Edge;Mint Engine Beam;BlueRiver Manufacturing Inc.
TealPhone Lite;Atlas Matrix / Mint Node Sync;Glacier Labs Inc.
IndigoDrive SE Max;Atlas Matrix;Glacier Labs Inc.
EchoBook Pro;Auric Sync;Atlas Technologies Inc.
CrownCharge Mini Max Ultra;Beryl Shield Fabric;Evergreen Group Inc.
SlateCam Pro Ultra;Topaz Grid Node;Skyforge Electronics Inc.
SaffronPad Plus;Opal Vault;Evergreen Devices Inc.
AtlasWatch Mini;Frost Engine;Ironwood Group Inc.
CobaltSpeaker Pro Max Ultra;Ruby Module Shield / Sol Flex;Crown Systems Inc.
PulseBuds Plus;Kairo Sense;Mosaic Systems Inc.
CopperPhone SE Ultra Edge;Pulse Drive;Astra Labs Inc.
PhotonLink Mini SE Air;Magenta Stack;Harbor Systems Inc.
SaffronPhone Mini;Cerulean Drive Frame / Slate Beam / Magenta Core;Nebula Systems Inc.
QuartzDrive Gen;Topaz Wave;Mosaic Systems Inc.
SonicPhone Edge;Topaz Wave;Mosaic Systems Inc.
TealPhone Ultra Pro;Luna Signal;Crown Devices Inc.
AuroraCam Lite;Mira Core;Lumen Works Inc.
AstraWatch SE Mini SE;Azure Vault;Arbor Components Inc.
CoreSpeaker Pro Plus;Topaz Engine Signal;Nightfall Labs Inc.
SilverCase Pro Gen;Umbral Bridge;Nebula Components Inc.
CoreSpeaker Lite Pro;Atlas Sync / Vega Flow;Aurora Systems Inc.
TerraDrive Air Plus Pro;Pearl Matrix;RedStone Works Inc.
VectorBuds Mini Mini;Sonic Vault;Highland Components Inc.
SparkBuds Lite Gen;Indigo Matrix;Evergreen Holdings Inc.
GlacierSpeaker SE Lite Mini;Coral Beam;Cinder Works Inc.
KairoKey Mini;Astra Mesh;Mosaic Holdings Inc.
HelioCharge SE Lite Mini;Ember Core;RedStone Works Inc.
CobaltDock Mini SE Air;Maple Matrix;Evergreen Holdings Inc.
Atlas Fabric Kernel Cinder;Atlas Fabric Kernel;Cinder Labs Inc.
SonicWatch Mini;Ivory Flex;Mosaic Components Inc.
NebulaBeam Mini Max Ultra;Echo Drive;BrightWave Works Inc.
IndigoRouter Edge Air;Ember Stack;Harbor Systems Inc.
IndigoCharge Air Air;Mira Drive;Glacier Technologies Inc.
Kairo Pulse GoldenGate;Kairo Pulse;GoldenGate Works Inc.
HelioSpeaker Mini Max;Argo Grid;BlueRiver Technologies Inc.
BridgeDrive Lite;Mira Drive;BrightWave Works Inc.
CrownCam;Pulse Matrix;Skyforge Electronics Inc.
MintNode Mini Lite Mini;Mira Bridge Flow;Northwind Manufacturing Inc.
AzureLink Lite Gen;Pearl Node Core / Zen Flex;DeepField Systems Inc.
GlacierLink Plus Ultra;Ivory Node;Zenith Components Inc.
NovaBuds SE Plus Pro;Sable Flow / Terra Wave Stack;Evergreen Holdings Inc.
CrownKey Max;Zen Node;RedStone Works Inc.
Cedar Beam EchoLabs;Cedar Beam;EchoLabs Industries Inc.
AstraCam Ultra;Ruby Sense;Ironwood Systems Inc.
WaveWatch SE Lite Mini;Topaz Grid Node;Aurora Industries Inc.
WaveBook SE Air;Maple Grid Vault;Seabird Manufacturing Inc.
OrionDrive Pro Mini;Mira Matrix Core;Mosaic Holdings Inc.
MiraWatch Lite;Indigo Module;Pinecone Industries Inc.
GoldenNode Pro Max Ultra Edge;Nimbus Bridge;Catalyst Holdings Inc.
Golden Shield Pinecone;Golden Shield;Pinecone Devices Inc.
GraphiteDrive Pro Lite;Sable Fabric;Copperline Systems Inc.
Sable Matrix Kernel Aurora;Sable Matrix Kernel;Aurora Industries Inc.
Mira Sync Aurora;Mira Sync;Aurora Systems Inc.
IndigoWatch Max;Golden Shield;Pinecone Devices Inc.
RubyWatch Max;Golden Shield;Pinecone Devices Inc.
SonicCase Max Mini;Sierra Kernel;Windmill Technologies Inc.
Golden Stack Core Aurora;Golden Stack Core;Aurora Industries Inc.
CoreSpeaker Mini Mini;Mint Sense;Skylark Manufacturing Inc.
CopperDock Mini Ultra Edge;Helio Node Engine;Cinder Works Inc.
IndigoCase Air;Nimbus Beam;BlueRiver Works Inc.
OpalCase Air;Nimbus Beam;BlueRiver Works Inc.
SolBeam;Coral Sense;Lighthouse Works Inc.
CrownBeam Ultra;Indigo Pulse Link;Lumen Networks Inc.
UmberDock Edge Lite;Opal Fabric Matrix;Summit Electronics Inc.
BeamNode Mini Air Plus;Umber Kernel Hub;Skylark Manufacturing Inc.
Terra Wave Stack Mosaic;Terra Wave Stack;Mosaic Holdings Inc.
TopazDock Pro;Terra Wave Stack;Mosaic Holdings Inc.
SaffronDock Edge Gen;Mira Sense;Clearwater Technologies Inc.
TopazWatch Gen Pro;Lime Node;GoldenGate Technologies Inc.
Nimbus Flex Aurora;Nimbus Flex;Aurora Industries Inc.
JadeStand SE Edge;Vega Flow;Aurora Systems Inc.
FlexDrive Pro Max;Cerulean Grid / Coral Node Flex / Auric Module Vector / Ivory Pulse / Terra Hub / Auric Stack Flow / Beryl Dock;Aurora Industries Inc.
UmberCharge Ultra;Ember Fabric Grid;Arbor Systems Inc.
DriveNode Edge;Pulse Engine;Mosaic Components Inc.
Aero Fabric Hub Mosaic;Aero Fabric Hub;Mosaic Group Inc.
NimbusWatch Gen SE;Golden Module;Mosaic Systems Inc.
Magenta Stack Nebula;Magenta Stack;Nebula Systems Inc.
SaffronBuds Mini SE Air;Umbral Sense;DeepField Systems Inc.
MintWatch Edge Max;Umbral Sense;Mountain Industries Inc.
BeamCam Lite Mini;Nimbus Beam;Nightfall Electronics Inc.
HarborBuds SE Pro Max;Echo Engine;Aurora Systems Inc.
Nimbus Beam Mosaic;Nimbus Beam;Mosaic Group Inc.
Nova Stack Vault Aurora;Nova Stack Vault;Aurora Industries Inc.
LyraHub Mini Mini SE;Helio Layer;Atlas Electronics Inc.
AtlasPhone Lite;Crimson Edge / Azure Edge;Clearwater Technologies Inc.
SonicLink Edge Mini;Kairo Kernel Engine;Aurora Systems Inc.
GraphiteLink Pro Plus;Aero Fabric Hub;Saffron Industries Inc.
CatalystCase Lite;Nova Core;Orion Labs Inc.
AstraBuds Mini;Echo Layer / Coral Core;RedStone Works Inc.
CitrineWatch Plus Ultra;Cobalt Engine;Mosaic Components Inc.
Cinder Sync Aurora;Cinder Sync;Aurora Systems Inc.
BridgeCharge Lite;Cobalt Engine Flow;Cinder Works Inc.
EdgeCase Lite Mini;Vega Sense;Evergreen Holdings Inc.
Onyx Wave Aurora;Onyx Wave;Aurora Industries Inc.
BridgePhone Gen;Jade Matrix Shield;Aurora Systems Inc.
SummitKey Plus Pro;Opal Stack;Mosaic Components Inc.
NimbusPhone Air;Pulse Matrix;Starlight Systems Inc.
AzureNode;Zen Matrix Arc;Aurora Group Inc.
SaffronDrive;Umber Drive Spark;Seabird Manufacturing Inc.
CodaDock Mini Edge Gen;Sol Beam;Evergreen Components Inc.
OnyxBook Plus Mini;Sol Stack Node;Mosaic Components Inc.
EdgeBeam Lite SE;Ruby Grid;Aurora Systems Inc.
SilverRouter Mini Air Plus;Onyx Beam;Skylark Manufacturing Inc.
TopazPhone Gen;Auric Grid Frame;Pinecone Devices Inc.
FlexCam Lite Gen;Nova Kernel / Astra Frame;Glacier Networks Inc.
Coda Node Shield Aurora;Coda Node Shield;Aurora Industries Inc.
BeamSpeaker Ultra Gen;Azure Wave;Evergreen Holdings Inc.
Nova Spark Saffron;Nova Spark;Saffron Industries Inc.
TerraCase SE;Auric Frame;Seabird Manufacturing Inc.
AuroraDrive Lite Ultra;Azure Wave / Coral Pulse / Coral Shield / Helio Node Engine;Evergreen Holdings Inc.
SlatePad Pro Pro;Nova Edge;Skylark Manufacturing Inc.
Graphite Shield Aurora;Graphite Shield;Aurora Industries Inc.
LumenStand Ultra;Violet Matrix / Mint Mesh;Mosaic Group Inc.
CoreDrive Air;Violet Matrix / Mint Mesh;Mosaic Group Inc.
HarborStand Edge;Orion Pulse;Mosaic Components Inc.
LyraBuds Plus;Luna Engine Engine;RedStone Works Inc.
DriveKey Max Ultra Edge;Luna Engine Engine;Evergreen Holdings Inc.
MintPhone SE Pro Max;Luna Engine Engine;RedStone Works Inc.
HelioKey SE Max;Topaz Flow;Mountain Systems Inc.
NovaStand Ultra;Kairo Pulse / Copper Core;Aurora Systems Inc.
ZenithPad Mini;Beryl Wave / Mint Dock;NovaWorks Components Inc.
OpalNode Plus;Nimbus Fabric;Cinder Works Inc.
GraphiteCam Max Lite;Teal Engine Sync;Pinecone Systems Inc.
SolStand Mini SE;Luna Engine Engine;Evergreen Holdings Inc.
IndigoNode Ultra Plus;Sierra Grid Beam;BlueRiver Networks Inc.
Cobalt Signal Mosaic;Cobalt Signal;Mosaic Holdings Inc.
CobaltDrive Max;Cobalt Signal;Mosaic Holdings Inc.
NebulaBook SE Edge Gen;Cobalt Signal;Mosaic Holdings Inc.
NimbusBeam;Terra Wave Stack;Mosaic Holdings Inc.
NebulaPad SE SE Air;Violet Edge;Seabird Works Inc.
SlatePhone Lite Mini;Golden Node;Harbor Systems Inc.
Nova Spark Aurora;Nova Spark;Aurora Industries Inc.
VegaCam Air Max;Delta Shield Sense;Photon Technologies Inc.
CobaltDrive Plus Plus;Quartz Engine Drive;Clearwater Technologies Inc.
SparkPad SE;Umbral Wave;Clearwater Technologies Inc.
Beryl Link Aurora;Beryl Link;Aurora Industries Inc.
CoreSpeaker Ultra Mini;Cinder Drive Pulse;BrightWave Electronics Inc.
Auric Stack Windmill;Auric Stack;Windmill Manufacturing Inc.
AuroraStand Edge;Coral Shield / Sonic Kernel Layer / Nova Node Stack;Copperline Group Inc.
MintDock Mini Pro Max;Golden Engine Kernel;BlueRiver Technologies Inc.
AtlasStand Gen Lite;Umber Dock;Summit Electronics Inc.
Maple Flex EchoLabs;Maple Flex;EchoLabs Industries Inc.
MiraCharge Max Plus;Quartz Drive;Clearwater Technologies Inc.
NimbusKey Air SE;Beryl Link;Clearwater Technologies Inc.
PearlWatch Plus SE;Orion Signal;Clearwater Works Inc.
OrionLink Max Plus;Auric Sense;Copperline Systems Inc.
TopazDrive Pro Max Ultra;Cerulean Edge;Pinecone Components Inc.
AuroraPad Pro Max Ultra;Umber Matrix;BlueRiver Manufacturing Inc.
MintBeam Mini Plus Pro;Pulse Node / Cobalt Wave;Highland Industries Inc.
Terra Stack Windmill;Terra Stack;Windmill Manufacturing Inc.
AzurePad SE Air Plus;Nimbus Node Kernel;Mountain Systems Inc.
Violet Wave Vector EchoLabs;Violet Wave Vector;EchoLabs Industries Inc.
LyraWatch Lite;Ruby Flow;BlueRiver Works Inc.
TopazCharge Pro Pro;Cobalt Bridge Bridge;Mosaic Systems Inc.
Sol Stack Node Aurora;Sol Stack Node;Aurora Industries Inc.
CopperSpeaker SE Max Ultra;Terra Kernel Drive;Lighthouse Manufacturing Inc.
SparkKey Air Max;Aero Fabric Hub;Atlas Electronics Inc.
Pulse Stack Core Nightfall;Pulse Stack Core;Nightfall Works Inc.
SaffronSpeaker Gen Edge;Aero Fabric Hub;Atlas Electronics Inc.
AuroraSpeaker Mini;Pulse Matrix;Seabird Manufacturing Inc.
KairoPad Edge;Sol Core;Skyforge Manufacturing Inc.
HelioWatch Plus Air;Topaz Vector;Skyforge Technologies Inc.
CopperBook Edge Ultra;Coral Matrix Wave;Lighthouse Works Inc.
TealNode;Auric Node / Citrine Fabric Bridge;Pinecone Components Inc.
EdgeSpeaker SE Gen;Echo Signal Frame / Echo Grid Engine;Nightfall Labs Inc.
TopazKey Plus Air;Luna Engine Engine;Evergreen Devices Inc.
Kairo Drive Ironwood;Kairo Drive;Ironwood Industries Inc.
SonicCam SE;Lime Mesh;GoldenGate Works Inc.
TerraPad SE Lite Mini;Frost Matrix Bridge;Arbor Devices Inc.
Kairo Pulse EchoLabs;Kairo Pulse;EchoLabs Industries Inc.
AtlasCharge Max;Terra Signal Flow;Glacier Networks Inc.
SilverStand Edge;Cobalt Bridge / Indigo Shield;Northwind Electronics Inc.
Pearl Vault Summit;Pearl Vault;Summit Electronics Inc.
QuantaBuds SE Max Ultra;Teal Layer;Photon Networks Inc.
AuroraDock Pro;Cedar Sense / Coda Link Flex;GoldenGate Works Inc.
SlateCharge Mini;Mira Core;Aurora Group Inc.
Kairo Pulse Mosaic;Kairo Pulse;Mosaic Group Inc.
HarborBeam Gen;Auric Shield;Ironwood Group Inc.
ArgoPad Gen Plus;Beryl Matrix Core / Golden Drive / Auric Layer;Lighthouse Works Inc.
AzureKey Edge Gen Lite;Umbral Grid Mesh;Stonebridge Systems Inc.
WaveSpeaker SE Ultra;Lime Spark;EchoLabs Industries Inc.
CodaBuds Plus Mini;Copper Flow;Atlas Labs Inc.
BeamStand Plus;Quartz Flex;Quantum Works Inc.
PhotonStand Mini Plus Pro;Lyra Dock;Glacier Networks Inc.
FlexSpeaker Mini;Violet Dock / Aero Hub;Aurora Industries Inc.
AtlasNode Lite Mini SE Air;Violet Dock / Aero Hub;Aurora Industries Inc.
SolNode Mini SE Air;Violet Dock / Aero Hub;Aurora Industries Inc.
SonicCam Lite Pro;Sonic Stack;Evergreen Holdings Inc.
OnyxStand;Argo Sync;BlueRiver Manufacturing Inc.
PulseStand Air Gen;Argo Sync;BlueRiver Manufacturing Inc.
NimbusLink Plus Lite;Copper Arc;BrightWave Manufacturing Inc.
SilverNode Lite Max;Vega Sync;Windmill Networks Inc.
EchoDock Air;Quartz Mesh;Lighthouse Works Inc.
VectorBook Ultra Edge Gen;Sonic Node Drive;Lighthouse Works Inc.
HelioStand Mini SE;Nova Fabric Spark;Saffron Devices Inc.
SolDock Gen;Cedar Hub;Skylark Networks Inc.
Magenta Stack Arbor;Magenta Stack;Arbor Industries Inc.
CobaltBook Ultra Edge;Cinder Sync;Mosaic Holdings Inc.
ZenithCam SE Lite Mini;Atlas Core;Lighthouse Networks Inc.
TerraBeam Max;Mira Node;Evergreen Holdings Inc.
Kairo Pulse Zenith;Kairo Pulse;Zenith Holdings Inc.
SaffronBuds Gen;Golden Sense;NovaWorks Components Inc.
SilverCam Mini Ultra Edge;Sol Grid Drive;Meadow Electronics Inc.
TopazPad Pro Max Ultra;Jade Fabric;Harbor Systems Inc.
FlexBeam Air;Azure Bridge;Pinecone Systems Inc.
RubyCharge Mini;Nimbus Dock;Starlight Holdings Inc.
SonicPad Edge Ultra;Lime Kernel;Cinder Technologies Inc.
QuantaCam SE Ultra Edge;Quartz Engine Drive;BlueRiver Technologies Inc.
CodaNode Ultra Mini;Nova Core;Photon Networks Inc.
PulseStand Gen;Quartz Engine Drive;Skyforge Electronics Inc.
HarborStand Plus Pro Max;Atlas Core / Maple Flex / Coral Drive Node;Nebula Group Inc.
AzureLink Mini Pro;Atlas Core / Maple Flex;Nebula Group Inc.
SignalSpeaker Air;Cobalt Sync;Skylark Manufacturing Inc.
FlexPhone Lite Mini SE;Atlas Stack;Nightfall Manufacturing Inc.
Nimbus Link Drive BrightWave;Nimbus Link Drive;BrightWave Manufacturing Inc.
Atlas Node Aurora;Atlas Node;Aurora Industries Inc.
SaffronBeam Gen;Delta Module Beam;BrightWave Works Inc.
Ivory Node Node BrightWave;Ivory Node Node;BrightWave Electronics Inc.
AuroraBuds Ultra Air;Opal Hub;NovaWorks Components Inc.
SummitDrive Lite Gen;Echo Engine Stack;Mosaic Systems Inc.
GraphiteWatch Edge;Nimbus Wave;Highland Industries Inc.
ZenithHub Edge Plus;Ruby Mesh;Glacier Works Inc.
SaffronLink Mini Air;Mira Sync;Skyforge Electronics Inc.
WaveHub Edge;Violet Shield;Mountain Industries Inc.
CatalystDrive Air;Violet Shield;DeepField Systems Inc.
CopperPhone Lite SE;Magenta Link Fabric;Cinder Works Inc.
NimbusBeam Mini SE Air;Magenta Link Fabric / Sonic Shield Kernel;Cinder Works Inc.
CoreKey Lite;Azure Flex / Magenta Link Fabric;Cinder Works Inc.
FlexCam Edge;Magenta Link Fabric / Sonic Shield Kernel;Cinder Works Inc.
VegaHub Gen Mini;Atlas Sync;Skyforge Electronics Inc.
Saffron Arc RedStone;Saffron Arc;RedStone Works Inc.
SparkStand Lite Plus;Nova Stack Vault / Pulse Dock;Clearwater Works Inc.
MintLink Max Edge;Astra Module Engine;Lighthouse Manufacturing Inc.
WavePhone Pro SE;Mira Sync;BlueRiver Manufacturing Inc.
GlacierStand;Nova Stack Vault;Clearwater Works Inc.
NimbusSpeaker Mini Plus;Pearl Bridge Grid;Evergreen Holdings Inc.
SolKey Plus SE;Opal Bridge Vault;Harbor Devices Inc.
Onyx Grid Flow Aurora;Onyx Grid Flow;Aurora Industries Inc.
PulseBeam Mini Edge Gen;Lyra Shield Stack;NovaWorks Components Inc.
SaffronKey Mini Plus Pro;Copper Engine;Riverstone Works Inc.
SyncPad Pro Pro;Echo Pulse Wave;Windmill Networks Inc.
CodaBook Pro;Saffron Hub;Aurora Group Inc.
CopperKey Gen;Sonic Grid Grid;EchoLabs Holdings Inc.
SummitNode Plus Pro;Quartz Edge;Mosaic Systems Inc.
TealDrive SE Lite;Jade Module Flex;Mosaic Industries Inc.
PulseKey Mini;Azure Fabric;Mountain Components Inc.
TopazBeam Plus Lite;Lyra Layer;Northwind Manufacturing Inc.
Umber Drive Spark BrightWave;Umber Drive Spark;BrightWave Manufacturing Inc.
Auric Node BrightWave;Auric Node;BrightWave Manufacturing Inc.
Nova Stack Vault BrightWave;Nova Stack Vault;BrightWave Manufacturing Inc.
QuantaCam Edge Max;Delta Sync;Mountain Systems Inc.
TealBuds Edge Lite;Aero Kernel Shield;BrightWave Manufacturing Inc.
PhotonPad Mini Edge;Coda Flex / Helio Engine;Atlas Works Inc.
VegaDock Max Mini;Sierra Engine Flex;Skyforge Networks Inc.
ArgoStand Ultra Edge Gen;Echo Stack;EchoLabs Industries Inc.
TealHub Max;Sierra Engine Flex;Skyforge Networks Inc.
CopperNode Gen Ultra;Sierra Engine Flex;Skyforge Networks Inc.
CitrineDrive Lite Lite;Sierra Stack Mesh;Aurora Industries Inc.
SignalPad Gen;Luna Hub / Helio Engine;Aurora Industries Inc.
KairoPhone SE Plus Pro;Cobalt Core Vector;Clearwater Works Inc.
SyncSpeaker Mini Max Ultra;Umber Link;Quantum Works Inc.
HarborWatch Lite Max;Citrine Signal;Crown Devices Inc.
MiraBook Pro;Mira Hub;RedStone Technologies Inc.
CrownBuds Edge;Coral Shield;Cinder Works Inc.
CatalystCharge Lite;Nimbus Link Drive;Aurora Industries Inc.
AstraDrive Mini Ultra Edge;Mira Link Sync;Riverstone Manufacturing Inc.
EchoBook Pro Plus;Mira Link Sync;Riverstone Manufacturing Inc.
Citrine Signal EchoLabs;Citrine Signal;EchoLabs Industries Inc.
HarborCharge Ultra Edge;Umber Link;Quantum Works Inc.
HelioPad Pro Pro;Helio Drive;BlueRiver Manufacturing Inc.
OnyxDock Mini;Astra Engine Fabric;GoldenGate Works Inc.
VegaStand Mini Plus Pro;Nimbus Link Drive;Saffron Industries Inc.
NebulaWatch Edge Edge;Cedar Engine;Aurora Group Inc.
JadeStand Mini Lite;Mira Shield Fabric;Ironwood Systems Inc.
LumenCam Pro SE;Coral Shield / Sonic Kernel Layer / Helio Node Engine;Cinder Works Inc.
GraphiteNode Mini Plus Pro;Cobalt Module;Summit Electronics Inc.
SaffronNode Edge Gen Lite;Coral Pulse;Cinder Works Inc.
TerraStand Lite;Cerulean Fabric Core;Skyforge Labs Inc.
SolRouter SE Gen;Cinder Sync;Arbor Group Inc.
Aero Module Arc Glacier;Aero Module Arc;Glacier Labs Inc.
Teal Layer Evergreen;Teal Layer;Evergreen Components Inc.
LyraDrive Mini;Citrine Link Arc;Catalyst Components Inc.
AzureDock Mini Air Plus;Auric Pulse Bridge;BlueRiver Technologies Inc.
SaffronLink Lite Ultra;Mira Stack;Pinecone Components Inc.
MintSpeaker Edge Gen Lite;Magenta Core Vector;Aurora Systems Inc.
HarborBuds Mini Ultra;Violet Matrix;Skylark Manufacturing Inc.
QuartzNode Ultra Mini;Vega Vector;SilverLine Components Inc.
MiraBuds Pro;Luna Drive;Skyforge Works Inc.
SilverBuds Lite;Sol Shield / Coral Pulse / Coral Shield / Helio Node Engine;Cinder Works Inc.
EdgeHub Gen;Atlas Node;Glacier Works Inc.
MiraDrive Max Ultra;Graphite Engine / Nova Stack Vault;Riverstone Works Inc.
HarborHub Edge;Maple Flex;Nebula Group Inc.
QuantaWatch Max;Maple Flex / Coral Drive Node;Nebula Group Inc.
TealPhone Edge Gen Lite;Violet Mesh;Nebula Group Inc.
OnyxPad SE;Nimbus Grid Stack;Atlas Electronics Inc.
Cerulean Edge Skyforge;Cerulean Edge;Skyforge Manufacturing Inc.
HelioBook Edge;Frost Module Sense;Crown Holdings Inc.
Orion Node Skylark;Orion Node;Skylark Electronics Inc.
Nimbus Beam BlueRiver;Nimbus Beam;BlueRiver Technologies Inc.
Nimbus Link Drive EchoLabs;Nimbus Link Drive;EchoLabs Industries Inc.
CrownLink Max;Ruby Pulse;RedStone Networks Inc.
Copper Arc Mountain;Copper Arc;Mountain Industries Inc.
BridgeNode Air;Quanta Arc;Photon Networks Inc.
DriveLink Pro Max Ultra;Jade Module Flex;Atlas Works Inc.
NovaLink Mini Lite;Cedar Hub;Aurora Group Inc.
Auric Node Mountain;Auric Node;Mountain Industries Inc.
Nimbus Link Drive Mountain;Nimbus Link Drive;Mountain Industries Inc.
Auric Node Photon;Auric Node;Photon Labs Inc.
CodaStand Max;Auric Node;Saffron Industries Inc.
PearlBeam;Sol Engine Mesh / Slate Beam / Magenta Core;Aurora Industries Inc.
Mint Engine Mountain;Mint Engine;Mountain Components Inc.
GoldenCam;Terra Stack;Meadow Works Inc.
LyraKey Ultra;Cobalt Link / Coral Core Flow;Zenith Holdings Inc.
SolWatch Lite SE;Quartz Engine Drive;Nebula Systems Inc.
MiraDrive Max Ultra Edge;Auric Stack;Glacier Works Inc.
GraphitePhone Air Plus Pro;Violet Wave Vector;Stonebridge Systems Inc.
CodaPad Pro Edge;Sol Bridge;BlueRiver Manufacturing Inc.
BeamCase Gen Lite;Nova Drive;RedStone Electronics Inc.
KairoDrive Gen;Sonic Node Drive;Mosaic Holdings Inc.
QuartzSpeaker Air;Ember Wave Flow;Pinecone Components Inc.
QuantaNode Ultra;Copper Arc;BrightWave Works Inc.
SparkPhone Air Pro;Copper Arc;DeepField Holdings Inc.
Umber Drive Spark Glacier;Umber Drive Spark;Glacier Manufacturing Inc.
Lime Wave Spark EchoLabs;Lime Wave Spark;EchoLabs Industries Inc.
SilverDrive Ultra Edge;Orion Grid;Glacier Electronics Inc.
Golden Shield Mosaic;Golden Shield;Mosaic Group Inc.
Mira Matrix Core EchoLabs;Mira Matrix Core;EchoLabs Industries Inc.
MiraCam;Atlas Sync;Mosaic Holdings Inc.
CitrineCam Gen;Mira Sync;BlueRiver Manufacturing Inc.
OrionBuds SE Edge;Sonic Sync;BlueRiver Manufacturing Inc.
CopperPhone Pro Mini;Coral Signal Mesh;BlueRiver Manufacturing Inc.
VectorBook SE Air Plus;Lyra Drive Core;Highland Devices Inc.
NovaCharge Gen Lite;Magenta Shield;Orion Electronics Inc.
TopazCase Max Ultra;Argo Sync;BlueRiver Manufacturing Inc.
DriveDrive Ultra Edge;Argo Sync;BlueRiver Manufacturing Inc.
PearlStand;Onyx Hub;BlueRiver Manufacturing Inc.
SlateDrive SE Mini;Cerulean Flow;Skylark Labs Inc.
NebulaCase Mini Pro Max;Sierra Shield Drive;Clearwater Works Inc.
CobaltHub Pro Lite;Teal Layer;Stonebridge Devices Inc.
OnyxHub Pro Mini;Teal Layer;Stonebridge Devices Inc.
Kairo Pulse Atlas;Kairo Pulse;Atlas Labs Inc.
AstraDrive Max;Mint Hub;Mountain Components Inc.
Kairo Pulse Northwind;Kairo Pulse;Northwind Manufacturing Inc.
KairoDock Ultra Air;Sable Matrix Kernel;BlueRiver Manufacturing Inc.
DrivePhone Pro Max Ultra;Sable Matrix Kernel;BlueRiver Manufacturing Inc.
SyncDrive Gen;Azure Wave Vault;Astra Manufacturing Inc.
SenseDrive Mini SE Air;Frost Stack;BlueRiver Networks Inc.
EchoBook Ultra Mini;Sonic Stack Link;Nightfall Labs Inc.
Sonic Bridge Aurora;Sonic Bridge;Aurora Industries Inc.
MintKey Max;Indigo Wave;Harbor Systems Inc.
SparkStand SE Gen;Sol Arc;BrightWave Networks Inc.
GlacierRouter Lite;Jade Engine;Skyforge Networks Inc.
TerraBook Gen SE;Topaz Sync;Nightfall Electronics Inc.
BridgeLink Pro Edge;Pulse Sync / Slate Beam / Cinder Fabric Node;Springboard Industries Inc.
HelioDrive Plus Pro;Opal Wave Edge;RedStone Works Inc.
DriveCam Max Mini;Nova Sync / Slate Beam / Magenta Core;Aurora Industries Inc.
LyraNode SE;Umbral Kernel Fabric / Echo Vault;Windmill Networks Inc.
MiraNode SE;Umbral Kernel Fabric;Windmill Networks Inc.
AtlasLink Gen;Zen Sync / Slate Beam / Magenta Core;Lumen Labs Inc.
LumenLink Ultra Mini;Copper Dock / Astra Hub;SilverLine Industries Inc.
NimbusPad Pro;Lyra Signal;Glacier Labs Inc.
MintCharge Pro Plus;Cinder Core Flex;NovaWorks Group Inc.
AstraCam SE Ultra Edge;Zen Beam;Zenith Holdings Inc.
SyncLink Mini Ultra;Topaz Layer;Skylark Manufacturing Inc.
DrivePhone Pro Max Ultra Edge;Cerulean Mesh / Maple Signal Spark / Onyx Shield Dock;RedStone Electronics Inc.
VectorHub SE Pro;Opal Drive;Glacier Manufacturing Inc.
SaffronCam Gen;Saffron Sense;Nebula Holdings Inc.
SonicWatch Edge Gen Lite;Crimson Shield;Nightfall Electronics Inc.
QuartzBeam Lite Mini;Luna Link Node;Pinecone Holdings Inc.
Echo Pulse Wave Catalyst;Echo Pulse Wave;Catalyst Systems Inc.
SenseWatch Max Ultra;Nova Stack Vault;Saffron Industries Inc.
Ruby Grid Lighthouse;Ruby Grid;Lighthouse Technologies Inc.
Aero Spark Mosaic;Aero Spark;Mosaic Group Inc.
Ruby Grid Mosaic;Ruby Grid;Mosaic Group Inc.
SolStand Mini SE Air;Cerulean Grid / Coral Node Flex / Crimson Module Layer / Helio Hub;Aurora Industries Inc.
EdgeDrive Gen Lite;Cerulean Grid / Coral Node Flex / Auric Module Vector / Ivory Pulse / Terra Hub / Indigo Stack Arc;Aurora Industries Inc.
RubyCase Max;Cinder Engine Hub / Slate Beam / Magenta Core;Aurora Industries Inc.
Astra Kernel Hub Catalyst;Astra Kernel Hub;Catalyst Systems Inc.
UmberLink Max Ultra;Zen Module / Azure Signal Edge / Beryl Hub;Meadow Technologies Inc.
MintStand Edge;Jade Drive;Highland Components Inc.
CoreNode Edge;Opal Flex;Sunpeak Systems Inc.
AtlasCam Mini;Cerulean Mesh;Lumen Works Inc.
CobaltKey Ultra Edge Gen;Sol Frame;Meadow Technologies Inc.
Beryl Stack Kernel Arbor;Beryl Stack Kernel;Arbor Systems Inc.
SignalNode Lite SE;Astra Node Matrix;Aurora Systems Inc.
NebulaWatch Edge;Helio Pulse;Nightfall Works Inc.
PearlPad SE;Sierra Flex;Mosaic Holdings Inc.
Ivory Shield Orion;Ivory Shield;Orion Technologies Inc.
CopperRouter Edge Lite;Maple Fabric;Aurora Systems Inc.
NebulaStand Max;Aero Signal;Meadow Works Inc.
CodaPhone Lite;Azure Edge / Crimson Edge;Starlight Holdings Inc.
SummitCharge Pro Ultra;Atlas Sync;Skyforge Electronics Inc.
QuartzKey Pro Air;Cobalt Node;Skyforge Manufacturing Inc.
Ivory Wave Shield Copperline;Ivory Wave Shield;Copperline Holdings Inc.
OnyxBuds Mini Mini SE;Saffron Module Core / Pearl Core / Copper Pulse / Helio Engine;BrightWave Works Inc.
DriveBeam Mini Mini SE;Ivory Stack / Graphite Dock;Catalyst Components Inc.
DriveKey Max Ultra;Cerulean Beam;Mosaic Holdings Inc.
GraphiteBeam SE;Copper Node;DeepField Systems Inc.
SparkBeam Air;Graphite Matrix;Astra Manufacturing Inc.
NovaNode Mini SE Air;Sol Kernel Module;Mosaic Components Inc.
TealCharge SE Air;Nova Layer;Arbor Components Inc.
GoldenStand;Cobalt Node;Copperline Group Inc.
SummitBeam Max;Cobalt Node;DeepField Systems Inc.
Cobalt Node Nightfall;Cobalt Node;Nightfall Labs Inc.
UmberSpeaker Mini Air;Cobalt Node;Orion Electronics Inc.
MintDrive Mini SE;Frost Sync / Ruby Bridge Layer;BlueRiver Manufacturing Inc.
PhotonCam Ultra Gen;Cobalt Node;DeepField Systems Inc.
Umber Kernel Hub Skylark;Umber Kernel Hub;Skylark Manufacturing Inc.
EchoPhone SE Gen Lite;Cobalt Node;Copperline Group Inc.
HarborSpeaker SE Edge Gen;Cobalt Node;Orion Electronics Inc.
OnyxNode Mini Edge Gen;Violet Link;Riverstone Networks Inc.
Sable Flow Orion;Sable Flow;Orion Technologies Inc.
EdgeCharge Mini Max;Teal Matrix Wave;SilverLine Industries Inc.
OpalBook Mini Lite;Cerulean Stack / Ivory Beam;Nightfall Works Inc.
Umber Stack Starlight;Umber Stack;Starlight Systems Inc.
MintLink Mini Ultra;Violet Wave Vector;Sunpeak Holdings Inc.
SlateLink Lite Mini;Opal Engine Shield;Ironwood Devices Inc.
MintPad Edge;Cinder Node;Ironwood Group Inc.
Kairo Arc NovaWorks;Kairo Arc;NovaWorks Industries Inc.
SaffronKey Plus Gen;Pulse Spark;Saffron Systems Inc.
CitrineBuds Mini;Citrine Link Arc / Graphite Signal Module;EchoLabs Industries Inc.
LumenBeam Gen Pro;Zen Engine Bridge;Windmill Networks Inc.
GraphiteDock Pro SE;Cedar Sync;Nebula Holdings Inc.
JadeBeam Ultra Edge;Pulse Matrix;Crown Components Inc.
EdgeWatch Edge Mini;Kairo Wave Hub;Glacier Manufacturing Inc.
RubyPhone Pro Plus;Echo Flex;Lighthouse Technologies Inc.
TopazPhone Lite;Argo Shield;Sunpeak Holdings Inc.
SlateBeam Max Ultra Edge;Golden Module Stack;Cinder Labs Inc.
QuantaLink Ultra;Orion Signal;Glacier Labs Inc.
Sol Kernel EchoLabs;Sol Kernel;EchoLabs Industries Inc.
KairoPad Edge;Sol Core;Skyforge Manufacturing Inc.
GlacierBeam Edge;Ruby Drive;Catalyst Systems Inc.
AzureBook Ultra;Nimbus Matrix;DeepField Group Inc.
VegaRouter Mini;Kairo Arc;NovaWorks Industries Inc.
MiraPhone SE Ultra Edge;Ember Grid Dock;DeepField Industries Inc.
DrivePhone Air Lite;Kairo Arc;NovaWorks Industries Inc.
SaffronPhone Gen;Jade Beam;NovaWorks Devices Inc.
VectorCharge Pro Mini;Terra Sense;Mosaic Systems Inc.
CodaWatch Edge;Cedar Shield;BlueRiver Manufacturing Inc.
OpalBeam;Maple Module;GoldenGate Works Inc.
WaveLink Ultra;Lime Arc;Harbor Components Inc.
GlacierBeam Lite;Cobalt Hub;Orion Networks Inc.
CrimsonNode Gen Mini;Sol Sync;Crown Holdings Inc.
KairoStand SE Max;Astra Node;Zenith Holdings Inc.
NovaPad Air Mini;Kairo Arc;NovaWorks Industries Inc.
CodaCam Edge Plus;Mint Bridge Stack;Saffron Systems Inc.
CodaDrive Plus Lite;Copper Flex;GoldenGate Works Inc.
CorePhone Air Gen;Kairo Arc;NovaWorks Industries Inc.
GraphiteDrive Mini Ultra;Nova Vector;Pinecone Holdings Inc.
FlexNode Ultra Lite;Topaz Module Wave / Cedar Grid Arc;Mosaic Components Inc.
MiraKey Mini Lite;Violet Matrix / Sonic Bridge Vault;Clearwater Electronics Inc.
TopazPhone Mini Edge;Slate Kernel Vault;Clearwater Manufacturing Inc.
SenseKey;Cerulean Arc / Magenta Grid;BrightWave Works Inc.
QuartzBook Air;Cerulean Arc / Magenta Grid;Meadow Electronics Inc.
QuartzPad Edge;Lyra Wave Drive;Seabird Manufacturing Inc.
SignalLink Gen;Azure Stack Mesh;Evergreen Group Inc.
Citrine Pulse Flex Copperline;Citrine Pulse Flex;Copperline Industries Inc.
ArgoWatch SE Air Plus;Graphite Bridge;Evergreen Holdings Inc.
MintLink Gen Lite;Violet Vault;Skyforge Labs Inc.
Violet Vault Skyforge;Violet Vault;Skyforge Labs Inc.
SilverPhone Lite Air;Cinder Beam;Springboard Group Inc.
SaffronWatch SE Air Plus;Beryl Wave Sense;Seabird Manufacturing Inc.
ArgoSpeaker Edge Lite;Auric Matrix Dock;Seabird Labs Inc.
SaffronBuds Lite;Ivory Layer;Zenith Group Inc.
NebulaBuds Lite;Frost Fabric;Sunpeak Group Inc.
UmberRouter Pro;Violet Bridge;Mountain Components Inc.
Atlas Frame EchoLabs;Atlas Frame;EchoLabs Systems Inc.
SaffronWatch Plus Lite;Umbral Edge;Glacier Manufacturing Inc.
MiraWatch Plus Pro;Magenta Signal;Windmill Labs Inc.
SolHub Mini SE Air;Zen Engine;BrightWave Labs Inc.
QuartzDock Mini;Ember Sync;Catalyst Systems Inc.
TopazWatch Pro SE;Graphite Layer;Northwind Electronics Inc.
Maple Grid DeepField;Maple Grid;DeepField Systems Inc.
Maple Grid Astra;Maple Grid;Astra Technologies Inc.
Maple Grid Aurora;Maple Grid;Aurora Industries Inc.
FlexStand;Pulse Wave;Seabird Manufacturing Inc.
JadeBeam Mini Pro;Violet Layer;Mosaic Holdings Inc.
IndigoCase Pro Mini;Azure Shield Drive;Glacier Manufacturing Inc.
TealStand Edge;Atlas Grid Signal / Graphite Link;Mosaic Systems Inc.
SilverLink Lite;Umbral Sense;Aurora Industries Inc.
Teal Layer SilverLine;Teal Layer;SilverLine Industries Inc.
ArgoPad Edge;Copper Signal Stack;Highland Industries Inc.
VectorCharge Edge;Onyx Signal Sync;Springboard Group Inc.
BridgeRouter Gen;Astra Sync / Coda Frame;Mosaic Systems Inc.
FlexCase Gen Lite;Nova Kernel;Mountain Group Inc.
LumenPhone Plus;Sonic Bridge Vault / Ivory Mesh;EchoLabs Industries Inc.
EchoBuds Mini Ultra;Beryl Layer;Windmill Labs Inc.
AstraSpeaker SE Gen Lite;Astra Link Shield;Crown Devices Inc.
SummitRouter Air;Citrine Sense;Glacier Manufacturing Inc.
Echo Stack Orion;Echo Stack;Orion Technologies Inc.
TopazBeam Edge;Cobalt Sync;Seabird Manufacturing Inc.
NimbusDock Mini;Terra Node;Riverstone Works Inc.
EdgeCam Edge Max;Graphite Matrix Arc;NovaWorks Devices Inc.
TerraWatch Plus SE;Opal Layer;Stonebridge Holdings Inc.
KairoDrive Max SE;Topaz Arc / Atlas Kernel / Terra Drive Dock / Quanta Drive Vector / Crimson Dock / Helio Engine;Glacier Manufacturing Inc.
HarborPad Lite;Magenta Stack Dock;Lumen Labs Inc.
KairoSpeaker Ultra Plus;Pulse Hub;Springboard Group Inc.
Aero Module Arc BlueRiver;Aero Module Arc;BlueRiver Technologies Inc.
BridgeSpeaker Pro Ultra;Pulse Matrix;Highland Industries Inc.
Copper Arc Nightfall;Copper Arc;Nightfall Electronics Inc.
AzureDock Pro;Aero Module Arc;Springboard Group Inc.
Quartz Edge Windmill;Quartz Edge;Windmill Manufacturing Inc.
WaveLink Mini Lite Mini;Mira Core Drive / Pearl Engine Layer / Crimson Kernel Edge;Glacier Labs Inc.
CopperBeam Edge;Helio Node;Skylark Manufacturing Inc.
HarborWatch Pro Pro;Copper Layer;Copperline Systems Inc.
Sable Grid Sense Mosaic;Sable Grid Sense;Mosaic Systems Inc.
ArgoStand SE Air;Lime Node Beam;Saffron Holdings Inc.
AzureRouter Mini SE Air;Lyra Grid Pulse;BlueRiver Labs Inc.
KairoStand Edge;Sierra Hub / Golden Hub;Nightfall Technologies Inc.
FlexLink Mini Edge Gen;Luna Wave / Magenta Core;Copperline Group Inc.
Aero Module Arc EchoLabs;Aero Module Arc;EchoLabs Group Inc.
PulseLink Lite Plus;Citrine Signal;Harbor Systems Inc.
Aero Fabric Hub Aurora;Aero Fabric Hub;Aurora Industries Inc.
PhotonNode Mini;Azure Core Arc;Windmill Labs Inc.
PearlPad Mini Mini;Orion Pulse;Sunpeak Holdings Inc.
AzureSpeaker SE SE Air;Terra Kernel / Umber Arc;Mosaic Components Inc.
PulseCam Edge Pro;Astra Kernel Hub;Starlight Group Inc.
Cedar Beam Skylark;Cedar Beam;Skylark Manufacturing Inc.
SaffronStand Ultra Edge;Cinder Bridge Module;Ironwood Group Inc.
CoreCam Max Mini;Frost Engine Dock / Slate Beam / Frost Fabric Wave;Lighthouse Electronics Inc.
VectorBook Plus;Orion Kernel;Skyforge Labs Inc.
Lyra Layer Astra;Lyra Layer;Astra Labs Inc.
Nova Stack Vault EchoLabs;Nova Stack Vault;EchoLabs Industries Inc.
TealDrive Plus Max;Silver Matrix;RedStone Labs Inc.
AuroraCase Max Ultra;Argo Sync;Glacier Labs Inc.
ArgoNode Max;Cobalt Wave;Crown Components Inc.
NovaStand Max;Nova Node;Aurora Industries Inc.
OrionStand Max;Nova Node;Aurora Industries Inc.
Topaz Frame EchoLabs;Topaz Frame;EchoLabs Industries Inc.
Atlas Fabric Kernel GoldenGate;Atlas Fabric Kernel;GoldenGate Works Inc.
Violet Wave Vector BlueRiver;Violet Wave Vector;BlueRiver Technologies Inc.
PhotonBeam Lite;Mint Core;Cinder Works Inc.
Violet Wave Vector Copperline;Violet Wave Vector;Copperline Group Inc.
CobaltStand Edge Gen Lite;Echo Beam;Aurora Systems Inc.
PulseStand Plus Pro;Coral Sync;Crown Devices Inc.
ZenithBeam SE Lite;Beryl Engine Grid;BrightWave Technologies Inc.
JadeSpeaker SE Pro Max;Astra Matrix;Ironwood Components Inc.
GoldenCam Lite;Nova Stack Vault / Echo Vault;Riverstone Works Inc.
LumenCam Lite;Nova Stack Vault;BrightWave Manufacturing Inc.
SummitRouter Lite;Nova Stack Vault;Riverstone Works Inc.
CrownBuds SE Max Ultra;Indigo Pulse Link;Starlight Systems Inc.
Nova Stack Vault Mosaic;Nova Stack Vault;Mosaic Group Inc.
UmberSpeaker SE Mini SE;Vega Pulse Sense;Clearwater Technologies Inc.
SolHub Mini SE Air;Zen Engine;BrightWave Labs Inc.
AuroraHub Edge;Frost Matrix;Nightfall Works Inc.
PulseSpeaker Max;Teal Beam;Crown Devices Inc.
UmberHub Gen SE;Copper Spark / Coral Fabric Signal;Nightfall Technologies Inc.
Cedar Beam BrightWave;Cedar Beam;BrightWave Manufacturing Inc.
SyncBuds Lite Ultra;Sol Frame;Seabird Manufacturing Inc.
SummitWatch Edge Gen;Cedar Engine / Beryl Hub;Aurora Group Inc.
Ruby Grid GoldenGate;Ruby Grid;GoldenGate Works Inc.
Atlas Fabric Kernel Lighthouse;Atlas Fabric Kernel;Lighthouse Technologies Inc.
Astra Engine Fabric Glacier;Astra Engine Fabric;Glacier Manufacturing Inc.
AstraStand Gen Gen;Vega Shield;Ironwood Components Inc.
ZenithStand Mini Max Ultra;Luna Shield Spark;Skylark Manufacturing Inc.
ArgoPad SE Ultra;Azure Kernel Link;Quantum Electronics Inc.
BridgeBuds Lite Pro;Astra Wave;Glacier Manufacturing Inc.
HelioCase SE;Citrine Signal / Coral Shield / Nova Node Stack;Cinder Works Inc.
PhotonBook SE Mini SE;Lyra Drive Core;Summit Works Inc.
ArgoHub Max Ultra;Sierra Engine Flex;Skyforge Networks Inc.
Ruby Grid EchoLabs;Ruby Grid;EchoLabs Industries Inc.
Aero Module Arc GoldenGate;Aero Module Arc;GoldenGate Labs Inc.
CrimsonRouter Edge;Pulse Matrix;Astra Labs Inc.
CrownKey Edge Lite;Saffron Kernel Dock;NovaWorks Devices Inc.
GoldenDrive SE Plus;Silver Vector;Mosaic Systems Inc.
Magenta Stack Evergreen;Magenta Stack;Evergreen Industries Inc.
SignalCam Ultra SE;Ember Frame;Mosaic Holdings Inc.
Cedar Signal Flex Lighthouse;Cedar Signal Flex;Lighthouse Works Inc.
Astra Kernel Hub EchoLabs;Astra Kernel Hub;EchoLabs Industries Inc.
SyncBeam Plus Gen;Cobalt Signal;Nightfall Networks Inc.
GlacierLink Max Air;Ruby Engine Mesh;Crown Devices Inc.
CopperStand SE Air Plus;Kairo Shield;Copperline Group Inc.
SonicHub SE Pro;Pulse Matrix;Arbor Systems Inc.
OpalSpeaker Ultra Ultra;Kairo Fabric Bridge / Slate Beam / Magenta Core;Aurora Industries Inc.
PhotonCam Edge;Orion Engine Wave;Copperline Group Inc.
CatalystNode Edge Gen Lite;Quartz Engine Drive;Windmill Electronics Inc.
WaveDrive Lite;Umbral Core;BlueRiver Technologies Inc.
Kairo Pulse NovaWorks;Kairo Pulse;NovaWorks Industries Inc.
SlateKey Mini Edge Gen;Ruby Engine Mesh;Stonebridge Holdings Inc.
ArgoPad Edge Max;Sonic Node Drive;Lumen Labs Inc.
NovaCam Gen SE;Ruby Wave Beam;Seabird Manufacturing Inc.
AstraHub Max Pro;Pearl Engine;BrightWave Works Inc.
CitrineDock Mini;Sierra Module Hub;GoldenGate Manufacturing Inc.
EdgeRouter Mini Pro Max;Argo Fabric Pulse / Slate Beam / Frost Fabric Wave;Lighthouse Technologies Inc.
EdgeWatch SE Mini SE;Sierra Pulse Layer;Harbor Systems Inc.
BeamNode Ultra SE;Astra Vault / Cobalt Bridge Bridge / Topaz Wave;Mosaic Systems Inc.
SenseStand Ultra;Crimson Engine / Zen Spark;Cinder Technologies Inc.
AtlasSpeaker SE SE Air;Zen Spark;Catalyst Devices Inc.
SlatePhone Ultra Max;Quanta Sync;Quantum Technologies Inc.
CoreLink Mini SE;Onyx Link;Astra Networks Inc.
NimbusCam Gen;Citrine Mesh;Crown Devices Inc.
FlexCase Lite;Topaz Layer;Skylark Manufacturing Inc.
RubyKey Pro Pro;Jade Pulse Module;Nightfall Labs Inc.
SenseDrive Ultra Gen;Jade Pulse Module;Nightfall Labs Inc.
QuartzDrive Mini Pro;Umbral Core;Nebula Systems Inc.
SyncPhone SE Pro Max;Golden Pulse;Crown Group Inc.
SlateHub Mini Lite Mini;Cerulean Kernel Flow;Starlight Group Inc.
LyraHub SE Air;Topaz Layer;Skylark Manufacturing Inc.
NovaNode Plus Ultra;Cinder Hub;Astra Networks Inc.
SummitBuds SE Plus Pro;Auric Engine / Saffron Node Fabric;Windmill Technologies Inc.
PhotonNode;Sonic Bridge Vault / Ivory Mesh;EchoLabs Industries Inc.
Cedar Beam Starlight;Cedar Beam;Starlight Industries Inc.
BeamBeam Lite Mini SE;Ruby Grid;GoldenGate Electronics Inc.
TopazKey Edge Max;Saffron Kernel Dock;NovaWorks Devices Inc.
GlacierCase SE;Ivory Module;Skyforge Works Inc.
WaveBook Mini;Atlas Bridge Vector / Ivory Mesh;EchoLabs Industries Inc.
TerraCharge Mini Mini;Umbral Wave Flex;Arbor Group Inc.
CitrineCharge SE;Lime Layer;Saffron Systems Inc.
TealCharge Gen Max;Crimson Hub / Helio Core / Astra Core / Pulse Core / Helio Engine;Stonebridge Holdings Inc.
AtlasRouter Mini;Magenta Matrix Signal;Catalyst Group Inc.
Maple Grid Vault BrightWave;Maple Grid Vault;BrightWave Manufacturing Inc.
SaffronDrive Max;Umbral Core;Atlas Electronics Inc.
MintNode Gen Pro;Umbral Core;Clearwater Technologies Inc.
BeamCam Edge;Lyra Engine;RedStone Electronics Inc.
EchoKey SE Lite;Atlas Sync;Crown Devices Inc.
Nimbus Flex Ironwood;Nimbus Flex;Ironwood Devices Inc.
CrownStand Pro Max Ultra Edge;Helio Kernel Sense;Cinder Networks Inc.
NimbusBeam Plus Pro;Auric Sense;Evergreen Holdings Inc.
SilverBuds Edge Air;Sierra Hub / Golden Hub;Sunpeak Systems Inc.
KairoStand Mini;Cobalt Matrix;Stonebridge Group Inc.
WaveCase Edge Gen;Nimbus Sync / Quartz Beam;Catalyst Holdings Inc.
CitrinePad Pro Gen;Onyx Spark / Magenta Kernel;Stonebridge Industries Inc.
AtlasWatch SE;Cobalt Signal;Mosaic Holdings Inc.
GraphiteLink Mini Mini SE;Cedar Matrix;Stonebridge Holdings Inc.
Maple Grid Vault EchoLabs;Maple Grid Vault;EchoLabs Industries Inc.
HarborCam SE Max Ultra;Crimson Wave;Evergreen Systems Inc.
CopperDock Pro Lite;Orion Link Hub;Evergreen Holdings Inc.
CrimsonLink Mini Air Plus;Quartz Wave Dock;Harbor Devices Inc.
Sol Sync RedStone;Sol Sync;RedStone Networks Inc.
EchoStand Edge;Sierra Hub / Golden Hub;Nightfall Technologies Inc.
TopazRouter Air Plus;Nimbus Sync / Quartz Beam;Skyforge Manufacturing Inc.
VegaKey Edge Mini;Quartz Engine Drive;Clearwater Technologies Inc.
SparkBook SE Edge;Copper Pulse Drive;RedStone Technologies Inc.
AuroraHub SE Gen;Copper Kernel Spark;Mosaic Systems Inc.
SyncKey Max;Copper Kernel Spark;Mosaic Systems Inc.
Kairo Pulse Astra;Kairo Pulse;Astra Electronics Inc.
FlexLink Pro Mini;Cedar Edge;Crown Industries Inc.
GoldenSpeaker Ultra Gen;Cinder Stack Shield / Helio Engine;DeepField Industries Inc.
WaveRouter SE Mini SE;Opal Shield Kernel;Nightfall Works Inc.
PhotonHub Edge SE;Argo Bridge;Riverstone Labs Inc.
PhotonCase Mini Gen Lite;Sol Shield;Copperline Group Inc.
CrimsonLink Pro Max;Zen Module / Azure Signal Edge;Saffron Systems Inc.
GoldenPhone Mini Mini SE;Saffron Grid;Highland Devices Inc.
EdgeStand Ultra;Maple Flex / Atlas Matrix Stack;Nightfall Works Inc.
AuroraWatch Edge Ultra;Maple Engine / Vega Module;Saffron Systems Inc.
CrownBeam Mini Gen Lite;Violet Matrix / Mint Mesh;Mosaic Group Inc.
GraphiteDrive Air;Umbral Sense;Photon Networks Inc.
HarborDock Pro;Echo Link;Summit Labs Inc.
Quartz Kernel Windmill;Quartz Kernel;Windmill Manufacturing Inc.
AstraBook Pro;Echo Sync / Coral Shield Shield / Quartz Beam;BrightWave Manufacturing Inc.
ZenithHub Max Edge;Sierra Engine Flex;Skyforge Networks Inc.
Umber Drive Spark Northwind;Umber Drive Spark;Northwind Manufacturing Inc.
SolKey Pro Mini;Astra Drive;Astra Electronics Inc.
CitrineDrive Mini Max;Umbral Engine Dock;Skyforge Networks Inc.
VegaLink Pro Pro;Astra Drive;Astra Electronics Inc.
PearlDock Edge Mini;Aero Spark;EchoLabs Industries Inc.
GraphiteSpeaker Mini Mini;Helio Engine Core;Sunpeak Holdings Inc.
PearlPad Pro Plus;Terra Grid / Nova Matrix Beam;BlueRiver Technologies Inc.
Argo Layer Harbor;Argo Layer;Harbor Systems Inc.
CoreNode Gen Mini;Coda Drive Module;Quantum Electronics Inc.
NovaLink Edge Ultra;Copper Sense;Riverstone Works Inc.
Kairo Pulse Seabird;Kairo Pulse;Seabird Labs Inc.
MintKey Ultra Ultra;Slate Stack;Ironwood Devices Inc.
HarborDrive Air;Crimson Pulse;Harbor Devices Inc.
IndigoBeam Ultra Gen;Sol Engine Mesh / Slate Beam / Magenta Core;Aurora Industries Inc.
AtlasCase Mini Mini SE;Silver Link;GoldenGate Networks Inc.
PhotonBeam Mini SE;Nova Fabric;Riverstone Works Inc.
VectorRouter Gen;Astra Sync / Coda Frame;Ironwood Group Inc.
Maple Grid Vault Zenith;Maple Grid Vault;Zenith Industries Inc.
FlexSpeaker Ultra;Echo Signal;Evergreen Holdings Inc.
Nova Stack Vault Saffron;Nova Stack Vault;Saffron Industries Inc.
Silver Kernel Beam Lumen;Silver Kernel Beam;Lumen Labs Inc.
Kairo Pulse Windmill;Kairo Pulse;Windmill Networks Inc.
RubyStand Pro Max;Coral Layer / Golden Drive;Pinecone Components Inc.
ArgoRouter Edge Plus;Pearl Node;BrightWave Labs Inc.
Teal Layer BrightWave;Teal Layer;BrightWave Technologies Inc.
SlateSpeaker Ultra Pro;Onyx Engine Vault;Astra Networks Inc.
OnyxKey Mini Max Ultra;Indigo Frame;Springboard Holdings Inc.
HarborCharge Pro Edge;Lime Wave Spark / Zen Module;Atlas Electronics Inc.
Kairo Pulse BlueRiver;Kairo Pulse;BlueRiver Manufacturing Inc.
CrownWatch Edge Mini;Cedar Engine / Zen Module / Beryl Hub;Meadow Technologies Inc.
ZenithDock Gen Edge;Nova Stack Vault;Cinder Manufacturing Inc.
CoreKey Pro Max Ultra Edge;Slate Flex / Mint Frame;Stonebridge Holdings Inc.
TealLink Max Ultra;Slate Flex / Mint Frame;Stonebridge Holdings Inc.
TealKey Gen Lite Mini;Slate Flex / Mint Frame;Photon Labs Inc.
SlateCase Air;Nimbus Beam;Springboard Holdings Inc.
MiraHub Ultra Mini;Citrine Node Mesh;Mosaic Systems Inc.
AstraDrive Edge Plus;Cedar Engine;Meadow Technologies Inc.
Cobalt Signal Atlas;Cobalt Signal;Atlas Electronics Inc.
Coda Kernel Frame RedStone;Coda Kernel Frame;RedStone Networks Inc.
BeamWatch SE Mini SE;Coda Drive Module;Quantum Electronics Inc.
Silver Kernel Beam Mosaic;Silver Kernel Beam;Mosaic Group Inc.
LumenDrive Edge Pro;Cedar Engine / Beryl Hub;Meadow Technologies Inc.
SilverPad Lite Gen;Cedar Engine / Beryl Hub;Meadow Technologies Inc.
NimbusNode Lite;Copper Grid / Ember Node Sync / Auric Core / Opal Beam / Echo Hub / Cerulean Dock / Azure Core;SilverLine Industries Inc.
NovaHub Edge Lite;Frost Fabric;Evergreen Holdings Inc.
BridgeStand SE Pro;Ember Engine;Astra Works Inc.
VegaCam Mini Lite Mini;Echo Pulse Wave;Catalyst Systems Inc.
WaveBook SE Air Plus;Nimbus Arc;Atlas Works Inc.
VectorCam Edge Gen;Nimbus Spark;Clearwater Manufacturing Inc.
Kairo Pulse Quantum;Kairo Pulse;Quantum Networks Inc.
CopperPad Lite Edge;Cedar Engine;Meadow Technologies Inc.
CodaStand Air Plus;Sol Node Edge;Photon Electronics Inc.
SlateDock Ultra;Ruby Grid;Windmill Manufacturing Inc.
HarborNode Max Plus;Slate Stack Matrix;Zenith Devices Inc.
EdgeRouter SE Air;Sol Node Edge;Stonebridge Devices Inc.
Kairo Fabric Bridge Aurora;Kairo Fabric Bridge / Slate Beam / Magenta Core;Aurora Industries Inc.
NovaPad SE Air Plus;Ember Signal;Mosaic Holdings Inc.
TopazHub;Delta Edge;Sunpeak Systems Inc.
CrimsonBook SE;Atlas Engine Drive / Slate Beam / Magenta Core;Aurora Industries Inc.
DriveBeam SE;Umbral Kernel Fabric / Pulse Dock;Ironwood Components Inc.
Umbral Sense Mountain;Umbral Sense;Mountain Industries Inc.
AzureBook Edge Gen;Sonic Engine Shield / Slate Beam / Magenta Core;Skyforge Manufacturing Inc.
LumenPad Mini;Delta Module;Lumen Works Inc.
MintCam Edge;Cedar Engine;Meadow Technologies Inc.
TealCharge Pro Air;Quartz Bridge;DeepField Industries Inc.
GraphiteBuds Lite Mini SE Air;Sierra Link Module;Seabird Manufacturing Inc.
NimbusBeam Plus Pro;Auric Sense;Evergreen Holdings Inc.
CobaltLink Max Ultra;Delta Hub;Crown Group Inc.
SparkLink Plus Air;Onyx Node;Summit Works Inc.
AzureCharge Max Mini;Azure Core Arc;Highland Industries Inc.
CatalystCharge Air;Opal Signal Pulse;Clearwater Works Inc.
Kairo Pulse Harbor;Kairo Pulse;Harbor Systems Inc.
NovaNode Plus Pro Max;Sol Signal Grid;DeepField Industries Inc.
EchoNode Pro Max Ultra Edge;Sol Signal Grid;DeepField Industries Inc.
MintStand Mini SE Air;Sol Signal Grid;DeepField Industries Inc.
WaveCam Mini;Auric Node;Arbor Systems Inc.
SlateStand Edge;Maple Grid Vault;Highland Group Inc.
TealStand Lite Mini SE Air;Sol Signal Grid;DeepField Industries Inc.
OrionNode Edge Air;Teal Kernel Bridge;Evergreen Systems Inc.
CrimsonPhone Ultra;Nimbus Beam;Springboard Holdings Inc.
SonicDock Plus Pro Max;Mint Grid;DeepField Industries Inc.
RubyNode Lite Edge;Copper Module;Zenith Industries Inc.
SparkNode Lite Pro;Cedar Engine;Meadow Technologies Inc.
GoldenBuds Edge Plus;Opal Signal;Crown Group Inc.
SparkRouter Max Air;Beryl Link;Astra Networks Inc.
KairoBeam Ultra;Azure Shield;Clearwater Technologies Inc.
IndigoDock Mini Mini SE;Argo Sync;BlueRiver Manufacturing Inc.
RubyWatch SE Mini SE;Crimson Wave;Springboard Holdings Inc.
SummitCam SE Pro Max;Coral Kernel Bridge;Riverstone Technologies Inc.
QuartzDrive;Coral Kernel Bridge;Riverstone Technologies Inc.
HarborDrive Plus Mini;Umbral Wave;Astra Networks Inc.
RubyDrive Plus Mini;Quartz Engine Drive;Astra Networks Inc.
EdgeLink Gen;Crimson Matrix Beam;Lumen Electronics Inc.
PearlKey Mini Ultra Edge;Coral Sync;Arbor Systems Inc.
JadeBeam Edge;Sol Sync;DeepField Industries Inc.
TerraKey Ultra Max;Magenta Pulse Engine;Meadow Labs Inc.
LumenPad Edge Pro;Copper Grid / Ember Node Sync / Indigo Module Frame / Magenta Dock / Ivory Dock;Aurora Industries Inc.
CodaPad Edge SE;Lime Mesh;Lumen Works Inc.
CodaHub SE Mini;Umbral Wave Flex;Arbor Group Inc.
JadePhone Plus SE;Argo Sync;BlueRiver Manufacturing Inc.
SilverStand Air Plus Pro;Umbral Core;Astra Networks Inc.
SlatePhone Mini Ultra Edge;Argo Sync;BlueRiver Manufacturing Inc.
SlateDrive Gen;Cinder Bridge Module;Springboard Holdings Inc.
OrionKey Max Ultra;Sierra Sync;Seabird Works Inc.
TealPad Mini Mini SE;Topaz Module;Astra Networks Inc.
TopazCase Max;Aero Fabric Hub;Starlight Devices Inc.
SenseBuds SE Air Plus;Lyra Drive Core;Pinecone Devices Inc.
Terra Node Core Atlas;Terra Node Core;Atlas Electronics Inc.
QuartzNode Plus;Mint Module;RedStone Technologies Inc.
SenseWatch Edge Air;Cedar Engine Vector;Summit Labs Inc.
IndigoCharge Max Edge;Nimbus Link Drive;DeepField Industries Inc.
CoreBuds Mini Gen Lite;Opal Signal Pulse;DeepField Industries Inc.
SyncDrive Plus Pro;Copper Grid / Ember Node Sync / Auric Core / Nimbus Hub / Terra Engine;Aurora Industries Inc.
SyncRouter Mini Mini SE;Umbral Kernel Fabric;Windmill Networks Inc.
AtlasWatch Pro Lite;Umbral Kernel Fabric;Windmill Networks Inc.
SilverCase Lite Lite;Topaz Module;Pinecone Group Inc.
CitrinePad Mini Max;Topaz Module;Catalyst Devices Inc.
WaveNode Mini SE Air;Cedar Engine Vector;Summit Labs Inc.
CoreBuds Mini Gen Lite;Opal Signal Pulse;DeepField Industries Inc.
ZenithDrive Pro SE;Auric Node;Arbor Systems Inc.
EchoRouter Max;Astra Kernel Hub;Arbor Systems Inc.
IndigoBook Pro Max;Teal Shield Shield;Evergreen Components Inc.
MintCam Pro Ultra;Teal Layer;Orion Works Inc.
SummitStand Lite;Zen Hub / Vega Fabric Core / Orion Fabric Engine;Aurora Systems Inc.
AstraStand Mini Air Plus;Umbral Mesh;Orion Electronics Inc.
SyncBuds SE Mini SE;Graphite Beam;Harbor Industries Inc.
OrionCase Mini SE Air;Copper Grid / Ember Node Sync / Auric Module Vector / Slate Pulse;Quantum Works Inc.
GoldenDrive Pro Gen;Argo Spark;Nightfall Labs Inc.
EchoStand Mini SE Air;Graphite Edge;BrightWave Technologies Inc.
SolRouter SE Gen;Cinder Sync;Arbor Group Inc.
SenseNode Ultra;Lime Grid;NovaWorks Systems Inc.
NovaPhone Edge;Aero Kernel Shield;Springboard Holdings Inc.
HelioCharge Ultra Mini;Copper Grid / Ember Node Sync / Nova Hub;Aurora Devices Inc.
PulseNode Ultra SE;Nova Core;Lighthouse Networks Inc.